speed_um_per_s,candidate_start_nm,candidate_stop_nm,candidate_start_time_s,candidate_stop_time_s,training_blocks,validation_blocks,training_map_median_score_V,validation_map_median_score_V,training_map_median_drift_V,validation_map_median_drift_V,training_map_median_pre_guard_mismatch_V,validation_map_median_pre_guard_mismatch_V,training_map_median_post_guard_mismatch_V,validation_map_median_post_guard_mismatch_V,training_map_median_roughness_V,validation_map_median_roughness_V,selected_from_training,within_1pct_contiguous_training_minimum,fixed_100_220nm_reference
0.1,20.0,140.0,0.2,1.4,1+3,2+4,0.0029370506562897067,0.002799790121301042,0.00120778855738783,0.0011124380001434689,0.001211013538318522,0.0011213182564627777,0.0011007123769040893,0.0010139420696685386,0.0017680578164682437,0.00170802248642965,False,False,False
0.1,25.0,145.0,0.25,1.45,1+3,2+4,0.0030829614891101772,0.002385289861234971,0.0013011242402681152,0.0009641146020906849,0.0008517773607678329,0.0008282061812911468,0.0011553434217699103,0.0009399016941675636,0.0017561820162575736,0.0016697941040876851,False,False,False
0.1,30.0,150.0,0.3,1.5,1+3,2+4,0.002846444231282063,0.002622404002997361,0.0013090731907866087,0.000957557221979044,0.0008944995803944478,0.0009259095110846216,0.0009843071473468745,0.0010219615894583312,0.0018504111130638323,0.0016963462269169172,False,False,False
0.1,35.0,155.0,0.35,1.55,1+3,2+4,0.0026367745833792487,0.0027247989726140696,0.0011402391643097198,0.0011604383145714103,0.0007959070082575917,0.0007624526544939003,0.001053790764193041,0.0009483547109090246,0.0018371336611218703,0.0017026070770365387,True,True,False
0.1,40.0,160.0,0.4,1.6,1+3,2+4,0.0026238913459866093,0.0025550049607064376,0.0010635414907346468,0.0011100657602091668,0.0008727524253808554,0.0009243514250081436,0.0010022181845885103,0.0008591130886539677,0.0018274409891041454,0.0016997140845493863,False,True,False
0.1,45.0,165.0,0.45,1.65,1+3,2+4,0.0027116944675312457,0.002558594433661035,0.0011182761298997763,0.0010761827763401954,0.0009842800320602751,0.0009156286459294782,0.0010156145266328413,0.0009007034188864282,0.0018243088258846907,0.0017077631530487969,False,False,False
0.1,50.0,170.0,0.5,1.7,1+3,2+4,0.0028956647336010827,0.00258199110193498,0.0012188818382415638,0.0010161905526544085,0.0010199644443201687,0.0009778185983469745,0.0010145243530639003,0.0008523474770474881,0.0017790840043694356,0.0016934963407823356,False,False,False
0.1,55.0,175.0,0.55,1.75,1+3,2+4,0.0029456338611691933,0.0027304120107295334,0.00135513371933644,0.001057732562055852,0.00108286669445537,0.0009088466956247432,0.0009789244153503114,0.0008814978005315943,0.0018167241935741207,0.0016874927382521387,False,False,False
0.1,60.0,180.0,0.6,1.8,1+3,2+4,0.002696369637644563,0.002642587336008622,0.0011330226741577687,0.001081835965937597,0.0009737287093042456,0.0008242682073790752,0.001008565595045835,0.0009461795782493287,0.0018246682772464495,0.0016802404420167005,False,False,False
0.1,65.0,185.0,0.65,1.85,1+3,2+4,0.002652468598320079,0.0025992873522008783,0.0011044615867065414,0.0010036243555343466,0.00086945687517909,0.0008198817883443843,0.0009801786711655623,0.0009458538471798505,0.0018364745510815461,0.001711372267204414,False,False,False
0.1,70.0,190.0,0.7,1.9,1+3,2+4,0.0028742240160877413,0.002542785700200577,0.001134297092621894,0.0009544605172114307,0.0009890891714582541,0.0009139016107603259,0.0010422448666344286,0.0010733978973668235,0.001842736096465153,0.0016977110296692577,False,False,False
0.1,75.0,195.0,0.75,1.95,1+3,2+4,0.0027702096033681185,0.0026298652259913735,0.0011743720954989333,0.0010424013009795452,0.0008924447283646785,0.0008021529102065494,0.0010392135166596862,0.0009521956955272776,0.0018145959912180265,0.0017222879081684739,False,False,False
0.1,80.0,200.0,0.8,2.0,1+3,2+4,0.0027924079845592638,0.0027072937955897394,0.001051824905923892,0.0012054288322010387,0.0009258038309936023,0.0008624698220663155,0.0010500328635937584,0.0010735129635184582,0.0018332839857067296,0.0017373146437199005,False,False,False
0.1,85.0,205.0,0.85,2.05,1+3,2+4,0.0029006774114635194,0.0027958573618670837,0.0010849653481018531,0.001179313335010479,0.0010532912171846553,0.0009835687772382223,0.0011500197871926647,0.0009742564144946675,0.0018659975359386904,0.0017454972028604354,False,False,False
0.1,90.0,210.0,0.9,2.1,1+3,2+4,0.003088369598233505,0.0027293312232213943,0.001378931902429303,0.0010579063779948134,0.0009722245061687708,0.0010175894233308697,0.0011272332128641378,0.0010225018093965588,0.0017827793312308882,0.0017485751355068024,False,False,False
0.1,95.0,215.0,0.95,2.15,1+3,2+4,0.0030923404233581743,0.0028607084363092977,0.0013051223544950467,0.0010493553290638336,0.000978852455551682,0.001009171517409077,0.0010552737617839474,0.0010379397934593138,0.0017468397571726302,0.0017463183093557877,False,False,False
0.1,100.0,220.0,1.0,2.2,1+3,2+4,0.0030796289161131836,0.00285725314925964,0.001267351455704429,0.0012491737848124018,0.0009532799593540697,0.0009597146254129302,0.0011861310913985727,0.0011621510968335136,0.0017302104386643924,0.0017537416404751482,False,False,True
0.1,105.0,225.0,1.05,2.25,1+3,2+4,0.002997687563292822,0.002859528226084096,0.0012831843495805934,0.0013868836340028556,0.0008921231688776895,0.000922448140477039,0.0011777295241750703,0.0011091139441276182,0.0018133931849206586,0.0017376991245767748,False,False,False
0.1,110.0,230.0,1.1,2.3,1+3,2+4,0.0030547494240642627,0.003030108059851634,0.0013798931045716223,0.0012515714018737356,0.0010503054069858787,0.0009956555899986452,0.0013919712265350733,0.0012499649949663239,0.0017838875816574284,0.0017341845662918742,False,False,False
0.1,115.0,235.0,1.15,2.35,1+3,2+4,0.003249748311458548,0.0028951040033822414,0.001317395845573997,0.0011616119197910557,0.0011532447681233357,0.0010084063796459014,0.0013230980512662274,0.0013048372963552768,0.0018036372439010073,0.001748022400821031,False,False,False
0.1,120.0,240.0,1.2,2.4,1+3,2+4,0.0033148693220539953,0.0030377328436441142,0.0014485712583569635,0.001154918267983307,0.001204900084114835,0.0010622722867485723,0.0014057690833983155,0.0012847664222566113,0.001808800967814439,0.0017197161275362555,False,False,False
0.1,125.0,245.0,1.25,2.45,1+3,2+4,0.0033238199738285824,0.0030728596543720885,0.0015829570515316395,0.0012254249654460314,0.0011431029557192208,0.0010991883587516474,0.0014073504608106326,0.0013883409068347896,0.0017687155359810414,0.0017762556714113753,False,False,False
0.1,130.0,250.0,1.3,2.5,1+3,2+4,0.0035151483900407446,0.0032413312746164408,0.0015796086612843395,0.001382869528709585,0.0011231273327550976,0.0008999883401138581,0.0013762540940744621,0.0014690940538968633,0.0018224253563705883,0.0017768320450648745,False,False,False
0.1,135.0,255.0,1.35,2.55,1+3,2+4,0.003438269252625209,0.003268455599516497,0.001366061875048067,0.0014705200398597296,0.0010716298416361542,0.0010361036018806738,0.0015605104611796997,0.0016392045846293224,0.0018069091551352612,0.0017553344897394962,False,False,False
0.1,140.0,260.0,1.4,2.6,1+3,2+4,0.003533400975602374,0.003570592024420973,0.0016714463984030502,0.001399165815878789,0.0012040939257902117,0.0011075826257058163,0.001511614299402518,0.0016984083792161986,0.0018117975546013687,0.0017437187181734148,False,False,False
0.1,145.0,265.0,1.45,2.65,1+3,2+4,0.00368132146830887,0.0034976579873711895,0.0017205236763884729,0.001587252043382295,0.0011616105292634737,0.00104868092322076,0.001676873279647828,0.0018260421184276426,0.0018389385658315882,0.0017214626300905977,False,False,False
0.1,150.0,270.0,1.5,2.7,1+3,2+4,0.0039004390553874675,0.0038549609840490343,0.0017163632180744407,0.0016467534108565857,0.0010551865061826158,0.0010491005148973997,0.002040457984358507,0.0017958141361222313,0.0018188440527651117,0.0017306839132820162,False,False,False
0.1,155.0,275.0,1.55,2.75,1+3,2+4,0.004085173068692741,0.004067534574843414,0.0017601745683744874,0.0018155728367946766,0.001170062503109368,0.0011619084497828114,0.002272197737289398,0.001964238304615354,0.0018091270465158127,0.0017088602792553198,False,False,False
0.1,160.0,280.0,1.6,2.8,1+3,2+4,0.004244503882525644,0.00414863135601664,0.0019818761032009136,0.0018840792604324363,0.001262627138484686,0.0012033075824824102,0.0023402432010573154,0.0023334167538720946,0.0018098243960627813,0.0017027753308655469,False,False,False
0.1,165.0,285.0,1.65,2.85,1+3,2+4,0.004354186259197377,0.004262921071781452,0.0021330688547735598,0.0018552696161886206,0.0012402657179428384,0.0012234646692869666,0.0023090894750611834,0.0024023166967954493,0.0018271406351615949,0.0017368995712577218,False,False,False
0.1,170.0,290.0,1.7,2.9,1+3,2+4,0.004752798699550511,0.004496663705776619,0.0023175445775936907,0.0019822115679632157,0.0013605251421296982,0.0012575089543472723,0.002545901872353417,0.002966975851229292,0.0018204869610197738,0.0017475127724880524,False,False,False
0.1,175.0,295.0,1.75,2.95,1+3,2+4,0.004928655237591967,0.0047541030143563034,0.002345342960705016,0.002340503229701807,0.0013437480800734935,0.001483310111909178,0.0029640345379109163,0.0029585346539716395,0.0018180980347553277,0.0017447887290933661,False,False,False
0.1,180.0,300.0,1.8,3.0,1+3,2+4,0.00527890026425399,0.005324406841406363,0.002402006956792463,0.0025584958800236313,0.0015696271071759735,0.0016117538333960402,0.0033766388137153602,0.003084693391125423,0.0018446098322866256,0.001717546904618561,False,False,False
0.3,20.0,140.0,0.06666666666666667,0.4666666666666667,1+3,2+4,0.007720857076447478,0.006997341278062483,0.0021659638688456273,0.002284542492903302,0.007375610648556713,0.0059713127432653584,0.0021020555720560052,0.001808944887411873,0.0024164086502272974,0.0023568989395880424,False,False,False
0.3,25.0,145.0,0.08333333333333333,0.48333333333333334,1+3,2+4,0.005536163323471885,0.005521067756808495,0.0022279435039769813,0.002422305877403025,0.0034229691046017974,0.002885568808605077,0.002281024805931481,0.0017906556266870238,0.0023568829485216825,0.0024040246122112308,False,False,False
0.3,30.0,150.0,0.1,0.5,1+3,2+4,0.005248184728239846,0.004910340773555892,0.0020387823987072784,0.002351281208442302,0.002222916399391567,0.0019092210407332805,0.0020610697736593298,0.0018514588755438877,0.002368942298363791,0.0024116558271936317,False,False,False
0.3,35.0,155.0,0.11666666666666667,0.5166666666666667,1+3,2+4,0.005304405319867277,0.005117301673866474,0.0023056858113451456,0.0021628814169847993,0.0019561391771252823,0.0019442616387553846,0.0021622066635100246,0.0019168539938749646,0.002326815572143842,0.0023743653556580757,False,False,False
0.3,40.0,160.0,0.13333333333333333,0.5333333333333333,1+3,2+4,0.0051862577593382725,0.005043766755115829,0.0022992097770930253,0.002175047489813467,0.0018023457914748686,0.001882667179744682,0.0019548943073708913,0.0020560155537873437,0.002317021391617574,0.0023755570377352875,True,True,False
0.3,45.0,165.0,0.15,0.55,1+3,2+4,0.005338826959330991,0.005140327245110866,0.002283788479360116,0.0021848388892847515,0.001743871676199632,0.0019909187036072917,0.00220613898970351,0.0021363129554575477,0.0023493435083552228,0.002387301433096123,False,False,False
0.3,50.0,170.0,0.16666666666666666,0.5666666666666667,1+3,2+4,0.005487552741282362,0.004991073236521315,0.002487698909942923,0.002304800392952333,0.0017445544252076839,0.001847372810451678,0.002193414967711249,0.0022716342260152567,0.0023530005957099476,0.0024130887657940747,False,False,False
0.3,55.0,175.0,0.18333333333333332,0.5833333333333334,1+3,2+4,0.005477852421363429,0.005139541597066987,0.0025594379624126196,0.0022303296491865132,0.0017279602175191144,0.0017180259413462212,0.002384918416573484,0.0022767830017580704,0.002358804657542457,0.0024018602561399205,False,False,False
0.3,60.0,180.0,0.2,0.6,1+3,2+4,0.005344694811612823,0.00532715156889791,0.002302789690170781,0.0022857998774055144,0.0018213824607371254,0.0018110355455250998,0.0022178632224153783,0.0023759738483568604,0.002360099238655544,0.002403282070520235,False,False,False
0.3,65.0,185.0,0.21666666666666667,0.6166666666666667,1+3,2+4,0.005503777590100671,0.005224782497855948,0.002422905542392245,0.002398270609369396,0.001957346155005313,0.0017226369305738953,0.002163968114234971,0.002402266290173344,0.0023981232134533126,0.002384841589928577,False,False,False
0.3,70.0,190.0,0.23333333333333334,0.6333333333333333,1+3,2+4,0.005458933946939623,0.0053920182867747135,0.0026678546114173862,0.0025496656826947683,0.0020853334358365005,0.0018494433059161042,0.0020391741798336804,0.0024485242736295015,0.0023563573291224826,0.0023922969031806574,False,False,False
0.3,75.0,195.0,0.25,0.65,1+3,2+4,0.00553484075799255,0.005620255648536389,0.0027873794894462955,0.002652732972363292,0.0019342863420208634,0.0018203649422306178,0.002183494249181267,0.0023021184130149197,0.0022963588480628405,0.0023854701083637075,False,False,False
0.3,80.0,200.0,0.26666666666666666,0.6666666666666666,1+3,2+4,0.005664548990435232,0.005720196684727608,0.0025171961700410916,0.002926947431023924,0.0020992060335532636,0.0017819224186520488,0.002289351979933102,0.002334486069528338,0.002324166617234752,0.002385178792850051,False,False,False
0.3,85.0,205.0,0.2833333333333333,0.6833333333333333,1+3,2+4,0.00545723854627117,0.0058251135498020475,0.0026765930339304467,0.0025984599883316223,0.0021451977309913106,0.0020626733995116053,0.0026084137318899414,0.002490866183981852,0.0023110268275162715,0.002406762560881237,False,False,False
0.3,90.0,210.0,0.3,0.7,1+3,2+4,0.005744888629378171,0.006042393902406278,0.0026880506329921006,0.0028191937160103042,0.0022392662218700538,0.0020515714278611374,0.002978006905976771,0.002695489607545884,0.002310865526324979,0.002382456835246613,False,False,False
0.3,95.0,215.0,0.31666666666666665,0.7166666666666667,1+3,2+4,0.005878482343319488,0.006124289715450735,0.002799093293201993,0.0028726337740625635,0.001878243564099269,0.0019843383797918668,0.003045452357123335,0.002655664551988901,0.002331576738342722,0.002411109349881674,False,False,False
0.3,100.0,220.0,0.3333333333333333,0.7333333333333333,1+3,2+4,0.0062968261952425705,0.006036974669062632,0.0029811053489040007,0.0029352363655189284,0.002109506713725756,0.0023517894462474764,0.003050439136411065,0.002686145610301588,0.0023194172705196525,0.002399727186937553,False,False,True
0.3,105.0,225.0,0.35,0.75,1+3,2+4,0.006453839521161672,0.0063099612919308296,0.003022885138509762,0.003057677875003051,0.0023845433217773715,0.0024327125852979387,0.0031448976702568576,0.0028110699066571654,0.0023258922618762945,0.0024117469067456293,False,False,False
0.3,110.0,230.0,0.36666666666666664,0.7666666666666667,1+3,2+4,0.0067556907141103975,0.00642423067123072,0.003148693462730834,0.0031216379689427143,0.002248670707061251,0.0021787289113998493,0.0032147424766238997,0.0030409258424420743,0.0023620126045109657,0.002402074397376691,False,False,False
0.3,115.0,235.0,0.38333333333333336,0.7833333333333333,1+3,2+4,0.006976573228232773,0.006516172871728704,0.003443594103913844,0.003289050181039199,0.0023708292441968204,0.0020847010934507554,0.003487473937693941,0.003033584552445956,0.0023926806887736296,0.002396113205935524,False,False,False
0.3,120.0,240.0,0.4,0.8,1+3,2+4,0.007369687522806187,0.006725577797956468,0.0035169044524715753,0.0032602186359871055,0.0022838872068134952,0.002213256057138485,0.003865760342149971,0.003317949166675674,0.002350839715957398,0.0024065053132915903,False,False,False
0.3,125.0,245.0,0.4166666666666667,0.8166666666666667,1+3,2+4,0.00763387662574181,0.006923293776107977,0.003456286491405891,0.0033986473879011048,0.0022474623386538883,0.002323760235569558,0.004026054443916044,0.003477565386279996,0.0023477242390681496,0.0023923518290173695,False,False,False
0.3,130.0,250.0,0.43333333333333335,0.8333333333333334,1+3,2+4,0.008273396566908328,0.006917825005221798,0.0041515172220504964,0.0035640005763852844,0.002255163080011696,0.0019449176201089408,0.003972871285821522,0.0036899396101922888,0.0022949307763087123,0.0023993510492457126,False,False,False
0.3,135.0,255.0,0.45,0.85,1+3,2+4,0.008630266240450511,0.0072247820413761585,0.004570364618748837,0.003811053513534876,0.002460058351704264,0.002142874854783511,0.004341170574059194,0.003816619099899124,0.002357931406265279,0.0024049673898640794,False,False,False
0.3,140.0,260.0,0.4666666666666667,0.8666666666666667,1+3,2+4,0.008878669901261557,0.00792488118265416,0.004539550181465402,0.0041768123080094255,0.002669442593835142,0.0023765185875093686,0.004545336861704108,0.0038668331341250584,0.0023559394756051955,0.0023768467520020736,False,False,False
0.3,145.0,265.0,0.48333333333333334,0.8833333333333333,1+3,2+4,0.009164007189485575,0.008076823776187108,0.00471265173687499,0.004233237480996729,0.0025508486739749814,0.0025855263443167603,0.004735898575809597,0.0038111226922786096,0.002324250048885479,0.002353189012187798,False,False,False
0.3,150.0,270.0,0.5,0.9,1+3,2+4,0.00950790237226716,0.008502547852876897,0.004788929123509811,0.004300015478937866,0.002857049784611182,0.0028192197884010783,0.004915132009912074,0.004247913803615236,0.0023622524705066705,0.0023814375785807945,False,False,False
0.3,155.0,275.0,0.5166666666666667,0.9166666666666666,1+3,2+4,0.00987565379266549,0.009135906366640578,0.0051281882875686274,0.004763183159005355,0.0029267753532443985,0.0029772014429158555,0.005153457648768636,0.004282036305848058,0.002369080655851119,0.0023132085651815792,False,False,False
0.3,160.0,280.0,0.5333333333333333,0.9333333333333333,1+3,2+4,0.010392408579069597,0.009463792580000109,0.0052438874767824495,0.004664180381252478,0.003118354933488332,0.003075352870199888,0.005680702922350345,0.004829142831506067,0.002359604210861399,0.002343493559114937,False,False,False
0.3,165.0,285.0,0.55,0.95,1+3,2+4,0.010756880266516396,0.009566809810678135,0.005759020908108037,0.0046163622259285525,0.003234334313995224,0.0032342574873502478,0.005885088218078094,0.005286205400534955,0.0024425269284730766,0.0023381045697447034,False,False,False
0.3,170.0,290.0,0.5666666666666667,0.9666666666666667,1+3,2+4,0.011250322685376839,0.009950675706773597,0.005808576179925556,0.004893202695794421,0.003315900919651449,0.0032722279268388305,0.006220177885394057,0.0058246357297859624,0.0023916760326467834,0.002358328401869697,False,False,False
0.3,175.0,295.0,0.5833333333333334,0.9833333333333333,1+3,2+4,0.011719501094428236,0.010588793127129091,0.006028586138034475,0.005148364494126548,0.003610657293605324,0.0033880626924845253,0.006596976425413292,0.006042020371953574,0.002375107202085419,0.0023214877659841066,False,False,False
0.3,180.0,300.0,0.6,1.0,1+3,2+4,0.012528759426401609,0.011061622018529359,0.006547897061636498,0.005320632428292782,0.0035830448935489922,0.0034553885582653265,0.007187844937644516,0.00659429409784365,0.0023758483532489716,0.002378082235695897,False,False,False
0.9,20.0,140.0,0.022222222222222223,0.15555555555555556,1+3,2+4,0.07077022536992436,0.05963677460990079,0.014001320239200324,0.011249192707957933,0.10952581022672078,0.09231349498253927,0.005775200043334525,0.005144772413932817,0.0032637634382453925,0.0033267397339705115,False,False,False
0.9,25.0,145.0,0.027777777777777776,0.16111111111111112,1+3,2+4,0.04793896626609749,0.03748068631302414,0.011097479899096277,0.008582000335267945,0.06644188658373971,0.05376502711276663,0.005835717886419437,0.00513305513385845,0.0031403708079435246,0.0031136233159990423,False,False,False
0.9,30.0,150.0,0.03333333333333333,0.16666666666666666,1+3,2+4,0.03318301543728632,0.027392559395177107,0.009068917529965533,0.007145313567918664,0.041122781000237876,0.033357713839726424,0.006042439615998128,0.005197956614923033,0.0030837895482430985,0.0031004313814989026,False,False,False
0.9,35.0,155.0,0.03888888888888889,0.17222222222222222,1+3,2+4,0.025374974719300558,0.02066748983502597,0.007908215710430678,0.006610899082120494,0.02718327075181258,0.02160994923073467,0.0055958449380744905,0.005013190619484728,0.003032524275218533,0.0031064245550728106,False,False,False
0.9,40.0,160.0,0.044444444444444446,0.17777777777777778,1+3,2+4,0.019704929842692974,0.01653111163362336,0.007002473715106896,0.006080607510393382,0.017643099624300967,0.01390414322406995,0.005428943744838396,0.004847985522180444,0.0029939468704712376,0.0031877495565739017,False,False,False
0.9,45.0,165.0,0.05,0.18333333333333332,1+3,2+4,0.016905808912756497,0.015119980154693562,0.006908019700475377,0.005874084626248839,0.012629056959083576,0.010205037604154692,0.0057074865680101505,0.005382089225079892,0.002931376608779431,0.0031508991869956884,False,False,False
0.9,50.0,170.0,0.05555555555555555,0.18888888888888888,1+3,2+4,0.015387132819387635,0.01321197912803556,0.007211080304727238,0.006292138379370045,0.010125548446600532,0.007495510273749867,0.005822862111945132,0.005527777573498642,0.0029371730227105014,0.003153518245563307,False,False,False
0.9,55.0,175.0,0.06111111111111111,0.19444444444444445,1+3,2+4,0.014367210786156707,0.012958358034186023,0.007224235042616434,0.006365071894972006,0.007536780782654845,0.005613720169233033,0.00582714597957594,0.00576970850256027,0.0030442109636876335,0.0031426422346333208,False,False,False
0.9,60.0,180.0,0.06666666666666667,0.2,1+3,2+4,0.013799129022069475,0.012851485392166778,0.006886116111116841,0.0063458572381884515,0.006760352631408093,0.004951577735984487,0.005866961996703793,0.005835300728166105,0.003055161367839473,0.003056800104511599,False,False,False
0.9,65.0,185.0,0.07222222222222222,0.20555555555555555,1+3,2+4,0.013605090467737953,0.012146825668283482,0.006525270050339982,0.006287915347318117,0.0058399287513557566,0.004517123753762571,0.006351740560088831,0.005645256637926636,0.002957632549248671,0.002983932986598277,False,True,False
0.9,70.0,190.0,0.07777777777777778,0.2111111111111111,1+3,2+4,0.013694339390262572,0.012549210783590847,0.006620336244708086,0.006479452168841014,0.005326770911991631,0.0047257188715309,0.006425702023153693,0.0059639391235045275,0.002999978283551705,0.0029823394420702837,True,True,False
0.9,75.0,195.0,0.08333333333333333,0.21666666666666667,1+3,2+4,0.013567758975640894,0.013311052127427671,0.0071339147186443574,0.006668642127556627,0.005292918519727935,0.0046718713889177255,0.006268008207833908,0.006408689266684274,0.0030463732339677755,0.003011216526898404,False,True,False
0.9,80.0,200.0,0.08888888888888889,0.2222222222222222,1+3,2+4,0.01389697227369396,0.01325569992023145,0.00730385421449295,0.006962141464640269,0.00503031357525939,0.004661544636354736,0.006357877653260277,0.006202652371904878,0.003108819738711086,0.003045751668170206,False,False,False
0.9,85.0,205.0,0.09444444444444444,0.22777777777777777,1+3,2+4,0.014198232318634322,0.013815827171689658,0.007444795301988133,0.007343734195886499,0.00497966639171378,0.004851565782890199,0.0065908334224998675,0.006584019837694237,0.0030925554336746087,0.0031171253595363504,False,False,False
0.9,90.0,210.0,0.1,0.23333333333333334,1+3,2+4,0.014804567842190391,0.014155199837556686,0.007931849811277356,0.0073350541755287935,0.0053147463253372315,0.004685064713945475,0.006697371816468562,0.0068194298879913975,0.0029984563511905385,0.0030654540524784613,False,False,False
0.9,95.0,215.0,0.10555555555555556,0.2388888888888889,1+3,2+4,0.01492383147486323,0.014680798726564807,0.00821892491125851,0.007604446632411992,0.0054732306555473585,0.0045859962337677085,0.006851371347822675,0.006765969667290185,0.0030018228182955124,0.00307739034063588,False,False,False
0.9,100.0,220.0,0.1111111111111111,0.24444444444444444,1+3,2+4,0.015449593577038036,0.014785594615745804,0.008135819339279139,0.008141964775615407,0.005042142792798259,0.004909570595130468,0.007032096470312943,0.007092892418900321,0.003006088261436557,0.00306519263330636,False,False,True
0.9,105.0,225.0,0.11666666666666667,0.25,1+3,2+4,0.015687920954053997,0.015344049757871805,0.008278808673798385,0.008309271655253192,0.005202565865991111,0.005161984711100118,0.007830023567412789,0.0073102231781268096,0.0029642180875424137,0.0031121875963435602,False,False,False
0.9,110.0,230.0,0.12222222222222222,0.25555555555555554,1+3,2+4,0.016185727891140575,0.015485139284178617,0.00822373822223901,0.008359354632261277,0.005552767786300693,0.0055760035010153225,0.008074220361053888,0.007460510348657481,0.0030095729233800012,0.0030788149360712613,False,False,False
0.9,115.0,235.0,0.12777777777777777,0.2611111111111111,1+3,2+4,0.016547203860880513,0.016083665257599095,0.008398834489363394,0.00908894738350275,0.006030666367191573,0.005797756137727844,0.008122476880175783,0.007704794745532005,0.0030130527184771463,0.0031179478565593263,False,False,False
0.9,120.0,240.0,0.13333333333333333,0.26666666666666666,1+3,2+4,0.016631282975933637,0.016591953469618573,0.008547532634580508,0.00885717982002153,0.0062607569544939345,0.005717227560858906,0.008305771697507042,0.007831248969781976,0.0030676211896048643,0.003113937575216587,False,False,False
0.9,125.0,245.0,0.1388888888888889,0.2722222222222222,1+3,2+4,0.017154417502559693,0.01654109214483601,0.008987641196927259,0.008905893822694688,0.006395267547512795,0.006141132306115973,0.008565957819369738,0.008445487730264732,0.0029870477682237048,0.003044057310397655,False,False,False
0.9,130.0,250.0,0.14444444444444443,0.2777777777777778,1+3,2+4,0.017579823496081365,0.01771670893627348,0.00941282905144551,0.009413242385748241,0.006750690203363635,0.006615644257252917,0.00918616993840917,0.008869168948224329,0.003057204748017423,0.0030686501799633142,False,False,False
0.9,135.0,255.0,0.15,0.2833333333333333,1+3,2+4,0.018742392272615854,0.01832489664247461,0.009558334893128531,0.009607389575041814,0.006395329773618966,0.006718443870375519,0.009600077486123418,0.00904217594776293,0.0030327175585426747,0.003076207001723716,False,False,False
0.9,140.0,260.0,0.15555555555555556,0.28888888888888886,1+3,2+4,0.019464918884492564,0.018631537681252,0.009720803779922238,0.0101092872702509,0.006785580276782693,0.006791175411856545,0.010273763035875502,0.009448583685344798,0.002975832468580927,0.0030738326759981102,False,False,False
0.9,145.0,265.0,0.16111111111111112,0.29444444444444445,1+3,2+4,0.02006411561362138,0.01946679783479226,0.010026306498115797,0.010469860092371913,0.006865364921433095,0.00686294957514591,0.01041513622979473,0.009666126152384873,0.003050635896053812,0.0030602938048838596,False,False,False
0.9,150.0,270.0,0.16666666666666666,0.3,1+3,2+4,0.020619374802078323,0.020184662007923404,0.011003732272440836,0.010693048448740056,0.006835544711320307,0.006834978071359507,0.01098946267911928,0.010469213149447328,0.00300959447655642,0.0030754679363514253,False,False,False
0.9,155.0,275.0,0.17222222222222222,0.3055555555555556,1+3,2+4,0.021699453315057602,0.02096364073425782,0.011876744378834361,0.010600613827687039,0.006648466268630762,0.0074526368342563085,0.011877014488803416,0.011152681407873531,0.003037701904407022,0.003041601638812591,False,False,False
0.9,160.0,280.0,0.17777777777777778,0.3111111111111111,1+3,2+4,0.022771089761699316,0.021389468405247088,0.012122736691124555,0.011005061964373425,0.006844601564633674,0.007581820316379127,0.012028687319999131,0.011810006358559104,0.003077881196847418,0.003031875594134509,False,False,False
0.9,165.0,285.0,0.18333333333333332,0.31666666666666665,1+3,2+4,0.023469983141809037,0.022186119867171148,0.012388572526265684,0.011350041410982052,0.007241702849214021,0.007009450339263153,0.012966738569680933,0.012230417403443904,0.0030365053554834154,0.0030815688758074333,False,False,False
0.9,170.0,290.0,0.18888888888888888,0.32222222222222224,1+3,2+4,0.024368718964266893,0.023027553267598,0.012650193672519853,0.01197526568643633,0.007478702967720144,0.007579699414292554,0.01373010445311798,0.012622150556566632,0.003053644302324701,0.0030129268757373706,False,False,False
0.9,175.0,295.0,0.19444444444444445,0.3277777777777778,1+3,2+4,0.025084086966699257,0.024142035343183137,0.013411095888838598,0.01242452357217591,0.008082122728901062,0.007699191614925091,0.014116200060077744,0.012935931780298907,0.002990462903791666,0.003034199860869724,False,False,False
0.9,180.0,300.0,0.2,0.3333333333333333,1+3,2+4,0.026386853593774177,0.024568174666151,0.013787268691477575,0.012735971490744194,0.008436124613267024,0.00807469314040777,0.014914431682702553,0.014635694880943087,0.0030198037295447733,0.00304195413753669,False,False,False
2.7,20.0,140.0,0.007407407407407408,0.05185185185185185,1+3,2+4,0.5635317510550852,0.5139445125744566,0.25986166903532265,0.23122072463206395,0.5336598816286251,0.5014437800991258,0.0657853643150602,0.05587894701318147,0.010522417165454503,0.009413271934457845,False,False,False
2.7,25.0,145.0,0.009259259259259259,0.053703703703703705,1+3,2+4,0.484838868998893,0.4381011339100715,0.22547943086393438,0.19790932543978967,0.4537379960844363,0.42338277599252966,0.05887722398632305,0.04805218631857415,0.009350377679855866,0.00810257043595533,False,False,False
2.7,30.0,150.0,0.011111111111111112,0.05555555555555555,1+3,2+4,0.417333257374787,0.3753053463851462,0.19278073598503395,0.16994613666030886,0.38686027611518337,0.3571037389524899,0.051739934109776654,0.04238443581236023,0.008228886650349813,0.007050923517552862,False,False,False
2.7,35.0,155.0,0.012962962962962963,0.05740740740740741,1+3,2+4,0.35978735432416853,0.3213214723167179,0.16609713113177488,0.14564541205792364,0.33198903326525464,0.30490085130388256,0.04583586310537747,0.03849845720019518,0.007142300642433472,0.006323347378834693,False,False,False
2.7,40.0,160.0,0.014814814814814815,0.05925925925925926,1+3,2+4,0.3105471576162643,0.2749779967956915,0.14423278002599324,0.12618130159136304,0.2847709298448664,0.257678619754945,0.04033259149347501,0.03447350057774921,0.006369540007497877,0.005566949776388858,False,False,False
2.7,45.0,165.0,0.016666666666666666,0.06111111111111111,1+3,2+4,0.2674859614501925,0.23571616432599862,0.12418007455968218,0.10783112568018001,0.24270119787124228,0.2170210265236167,0.03632465284197672,0.03091822208517886,0.005811904407523973,0.005080470945489246,False,False,False
2.7,50.0,170.0,0.018518518518518517,0.06296296296296296,1+3,2+4,0.23179483659251982,0.2048883691139622,0.10868657924805596,0.09399014125857096,0.2091356245028009,0.18574257090502969,0.032767354260564326,0.028567601029672655,0.005189925623281265,0.004589170460444145,False,False,False
2.7,55.0,175.0,0.020370370370370372,0.06481481481481481,1+3,2+4,0.20424451194367194,0.17851292636276211,0.09624809373677047,0.08268521029821632,0.17852527528995846,0.15802377255014616,0.030248056308189872,0.028046903402510093,0.004705202333364723,0.004036435079420239,False,False,False
2.7,60.0,180.0,0.022222222222222223,0.06666666666666667,1+3,2+4,0.17705790357820048,0.15434240449916548,0.08429407982992194,0.07208393562232968,0.15285967110854187,0.13406878001738515,0.028527651521903584,0.026194831999597684,0.004271369569308556,0.003826658013267231,False,False,False
2.7,65.0,185.0,0.024074074074074074,0.06851851851851852,1+3,2+4,0.1555759949897902,0.1343382765900158,0.07343913852040965,0.061988372163351804,0.13223929842915827,0.11567319191110466,0.026430355725518828,0.02387283669107179,0.0038433360002382913,0.003533900522610822,False,False,False
2.7,70.0,190.0,0.025925925925925925,0.07037037037037037,1+3,2+4,0.13729834673399183,0.1186833610231551,0.06452931437170417,0.0547046659972345,0.11459933826834601,0.09875345651768994,0.024870969158200203,0.022860154439328526,0.003560063993000684,0.003189896531051395,False,False,False
2.7,75.0,195.0,0.027777777777777776,0.07222222222222222,1+3,2+4,0.12200864296284591,0.1053200893731982,0.05766133491091781,0.04999873885140446,0.09887915325207806,0.08488974114285301,0.023893941422375324,0.02238711853314493,0.0033265513174927028,0.0029752700002026178,False,False,False
2.7,80.0,200.0,0.02962962962962963,0.07407407407407407,1+3,2+4,0.10875146108791936,0.09449880891078508,0.05171759250425191,0.04513780126071959,0.08680900318274563,0.07388739105475844,0.022776649090689674,0.021047208656634717,0.003003605474565074,0.0027544500598182566,False,False,False
2.7,85.0,205.0,0.03148148148148148,0.07592592592592592,1+3,2+4,0.09713791175866618,0.08516132385438245,0.046736832462650514,0.0412463279790935,0.07631924742274138,0.06399744941809803,0.02193780606920051,0.020405850438098175,0.002794408953648013,0.002614125671274517,False,False,False
2.7,90.0,210.0,0.03333333333333333,0.07777777777777778,1+3,2+4,0.08809537375230253,0.07791970200339605,0.043013425636315175,0.03838853530515948,0.06553085815044972,0.05570062819854954,0.02111070431438529,0.01965295696498104,0.0026883193524336393,0.002468979628585107,False,False,False
2.7,95.0,215.0,0.03518518518518519,0.07962962962962963,1+3,2+4,0.07979115145007477,0.07092625489762897,0.03887059747305115,0.035251585542525804,0.05850419794744236,0.04799553448960245,0.020839198255684838,0.019960122058814256,0.002578125609269531,0.0023586315368672624,False,False,False
2.7,100.0,220.0,0.037037037037037035,0.08148148148148149,1+3,2+4,0.073330502863322,0.06532392471305735,0.03624592673639444,0.032708414666204694,0.051522816448891263,0.042786347626866006,0.02081879678367031,0.01939640811545626,0.0024305106849837263,0.0022881227536131338,False,False,True
2.7,105.0,225.0,0.03888888888888889,0.08333333333333333,1+3,2+4,0.06856331168258112,0.061405502834445506,0.03451180856779119,0.030550081317077343,0.04576169167265849,0.038752866027879945,0.02054526820270461,0.019534025494567342,0.002317061021651773,0.0022006752594796314,False,False,False
2.7,110.0,230.0,0.040740740740740744,0.08518518518518518,1+3,2+4,0.06309032593369171,0.05749187167074198,0.03184956994936035,0.029322022344892812,0.040142417388913214,0.034678061775207145,0.021499005297978047,0.02013862372781397,0.0022457318271659477,0.0021237853454758975,False,False,False
2.7,115.0,235.0,0.04259259259259259,0.08703703703703704,1+3,2+4,0.06012309578974376,0.05454370635423823,0.030392473714463235,0.02828013553909263,0.03630878935649542,0.031552017572213015,0.021671666403798272,0.020157075332625757,0.002194105016988454,0.002042976924945289,False,False,False
2.7,120.0,240.0,0.044444444444444446,0.08888888888888889,1+3,2+4,0.0581920034894165,0.0524221512410747,0.029739186855670743,0.026767685185023732,0.03313972918493776,0.028941262887257874,0.021897078561288724,0.019932277440663324,0.0022236912708473305,0.0020223748693371374,False,False,False
2.7,125.0,245.0,0.046296296296296294,0.09074074074074075,1+3,2+4,0.05589566775887355,0.05025940957210456,0.02869042006737607,0.026552511481599372,0.030279159627563695,0.027765331662786996,0.021569136205381062,0.01999932554857357,0.0021711265498634558,0.002018156008867747,False,False,False
2.7,130.0,250.0,0.04814814814814815,0.09259259259259259,1+3,2+4,0.05348032929338197,0.04940253436366435,0.02745874120444773,0.026013321576695253,0.02861138491705436,0.025604719934332415,0.021641078970131164,0.020194256995383457,0.002116070698842988,0.0019949258562631973,False,False,False
2.7,135.0,255.0,0.05,0.09444444444444444,1+3,2+4,0.05223804122698991,0.04884313766059723,0.027903165616557882,0.026178465143157137,0.026288592488632752,0.02369645592415877,0.02180013202609335,0.020254635438085592,0.0020589513049956154,0.0019301620374222173,False,False,False
2.7,140.0,260.0,0.05185185185185185,0.0962962962962963,1+3,2+4,0.052268003270908754,0.04819863598080541,0.028154496511596135,0.026196303872968313,0.024723042755751885,0.022662396397719914,0.022233870234278863,0.021024731127045615,0.002072022263602355,0.001908337708131723,False,False,False
2.7,145.0,265.0,0.053703703703703705,0.09814814814814815,1+3,2+4,0.0523911934056418,0.04877240865254849,0.02786248851526843,0.026359443689286444,0.023624417560642257,0.02219114106201453,0.023166654165747647,0.021133167938699293,0.0020554610809421295,0.0019628157949711927,False,False,False
2.7,150.0,270.0,0.05555555555555555,0.1,1+3,2+4,0.051794251764504584,0.04893753049201806,0.028108659162712143,0.026427886496290548,0.021940856191296723,0.020764396914003197,0.023940665927811654,0.02180664282353345,0.002069745970066185,0.0019314830385580295,False,True,False
2.7,155.0,275.0,0.05740740740740741,0.10185185185185185,1+3,2+4,0.05175950213436409,0.04893437382075137,0.028001240217196882,0.02684551857194395,0.021456923416270327,0.02031907283059331,0.024295446855215945,0.022554371877473472,0.00209479076107303,0.0019929714698460194,True,True,False
2.7,160.0,280.0,0.05925925925925926,0.1037037037037037,1+3,2+4,0.051949748720172495,0.049119652920841396,0.028574221678786052,0.026997292911647958,0.02153978634119906,0.019784208856776953,0.02573925277579149,0.02420001217105719,0.002095212090908981,0.0019939288480375766,False,True,False
2.7,165.0,285.0,0.06111111111111111,0.10555555555555556,1+3,2+4,0.05298912266894389,0.04874792667755185,0.028674947667757383,0.02688837810616243,0.020976887594594623,0.020136130511986136,0.02606226744983091,0.024771170651079005,0.002067458552310067,0.001948478065801687,False,False,False
2.7,170.0,290.0,0.06296296296296296,0.10740740740740741,1+3,2+4,0.05361185929068039,0.05003063772633072,0.029296411956820867,0.027039607011450202,0.020890773268712595,0.01969446733988156,0.026135297954726813,0.02514514294393111,0.0021007853251744646,0.001993214812160471,False,False,False
2.7,175.0,295.0,0.06481481481481481,0.10925925925925926,1+3,2+4,0.05472432718716525,0.05031229637402346,0.029915703199016007,0.026896604466919542,0.020204450257305495,0.019598347820923484,0.02706959756118303,0.026139188650703693,0.002105577778242329,0.0020464337763384244,False,False,False
2.7,180.0,300.0,0.06666666666666667,0.1111111111111111,1+3,2+4,0.05580793207791317,0.0519705445805525,0.030789661559381162,0.028023544626110817,0.02116568890087077,0.020409585742625497,0.02822536544147569,0.026882676248102186,0.002120636495926448,0.002040381505345301,False,False,False
