source,timestamp,acquisition_order,block,nominal_speed_um_per_s,physical_row_zero_based,physical_column_zero_based,point_index_in_archive,distance_nm,force_linear_drift_corrected_pN
27-08-26/0/map1-0.2-data-2026.08.27-14.00.12.429.jpk-force-map,2026-08-27T14:00:12.429000,1,1,0.2,3,3,28,20.0,2227.40699233779
27-08-26/0/map1-0.2-data-2026.08.27-14.00.12.429.jpk-force-map,2026-08-27T14:00:12.429000,1,1,0.2,3,3,28,50.0,390.9521532308
27-08-26/0/map1-0.2-data-2026.08.27-14.00.12.429.jpk-force-map,2026-08-27T14:00:12.429000,1,1,0.2,3,3,28,100.0,25.307920539221865
27-08-26/0/map1-0.2-data-2026.08.27-14.00.12.429.jpk-force-map,2026-08-27T14:00:12.429000,1,1,0.2,3,3,28,200.0,-0.35283116996285724
27-08-26/0/map1-0.1-data-2026.08.27-14.04.47.122.jpk-force-map,2026-08-27T14:04:47.122000,2,1,0.1,3,3,28,20.0,2148.1192393788197
27-08-26/0/map1-0.1-data-2026.08.27-14.04.47.122.jpk-force-map,2026-08-27T14:04:47.122000,2,1,0.1,3,3,28,50.0,346.9980429113892
27-08-26/0/map1-0.1-data-2026.08.27-14.04.47.122.jpk-force-map,2026-08-27T14:04:47.122000,2,1,0.1,3,3,28,100.0,20.746676550255707
27-08-26/0/map1-0.1-data-2026.08.27-14.04.47.122.jpk-force-map,2026-08-27T14:04:47.122000,2,1,0.1,3,3,28,200.0,3.379111938819947
27-08-26/0/map1-0.05-data-2026.08.27-14.14.18.398.jpk-force-map,2026-08-27T14:14:18.398000,3,1,0.05,3,3,28,20.0,1842.5110432312401
27-08-26/0/map1-0.05-data-2026.08.27-14.14.18.398.jpk-force-map,2026-08-27T14:14:18.398000,3,1,0.05,3,3,28,50.0,229.42607215367366
27-08-26/0/map1-0.05-data-2026.08.27-14.14.18.398.jpk-force-map,2026-08-27T14:14:18.398000,3,1,0.05,3,3,28,100.0,15.987167687796104
27-08-26/0/map1-0.05-data-2026.08.27-14.14.18.398.jpk-force-map,2026-08-27T14:14:18.398000,3,1,0.05,3,3,28,200.0,-5.947583735060295
27-08-26/0/map1-0.05-data-2026.08.27-14.27.55.012.jpk-force-map,2026-08-27T14:27:55.012000,4,1,0.05,3,3,28,20.0,1601.6279860912
27-08-26/0/map1-0.05-data-2026.08.27-14.27.55.012.jpk-force-map,2026-08-27T14:27:55.012000,4,1,0.05,3,3,28,50.0,156.1405085670265
27-08-26/0/map1-0.05-data-2026.08.27-14.27.55.012.jpk-force-map,2026-08-27T14:27:55.012000,4,1,0.05,3,3,28,100.0,10.874094809117071
27-08-26/0/map1-0.05-data-2026.08.27-14.27.55.012.jpk-force-map,2026-08-27T14:27:55.012000,4,1,0.05,3,3,28,200.0,1.8471148401749593
27-08-26/0/map1-0.1-data-2026.08.27-14.40.56.507.jpk-force-map,2026-08-27T14:40:56.507000,5,1,0.1,3,3,28,20.0,1290.9141497630385
27-08-26/0/map1-0.1-data-2026.08.27-14.40.56.507.jpk-force-map,2026-08-27T14:40:56.507000,5,1,0.1,3,3,28,50.0,58.05743502415379
27-08-26/0/map1-0.1-data-2026.08.27-14.40.56.507.jpk-force-map,2026-08-27T14:40:56.507000,5,1,0.1,3,3,28,100.0,-28.19024058324926
27-08-26/0/map1-0.1-data-2026.08.27-14.40.56.507.jpk-force-map,2026-08-27T14:40:56.507000,5,1,0.1,3,3,28,200.0,-14.433983612491133
27-08-26/0/map1-0.2-data-2026.08.27-14.47.23.611.jpk-force-map,2026-08-27T14:47:23.611000,6,1,0.2,3,3,28,20.0,1219.5913830414668
27-08-26/0/map1-0.2-data-2026.08.27-14.47.23.611.jpk-force-map,2026-08-27T14:47:23.611000,6,1,0.2,3,3,28,50.0,69.87656868935844
27-08-26/0/map1-0.2-data-2026.08.27-14.47.23.611.jpk-force-map,2026-08-27T14:47:23.611000,6,1,0.2,3,3,28,100.0,-2.3797264986432807
27-08-26/0/map1-0.2-data-2026.08.27-14.47.23.611.jpk-force-map,2026-08-27T14:47:23.611000,6,1,0.2,3,3,28,200.0,0.3882091644434788
27-08-26/0/map2-0.1-data-2026.08.27-14.58.45.160.jpk-force-map,2026-08-27T14:58:45.160000,7,2,0.1,3,3,28,20.0,2599.2244216355753
27-08-26/0/map2-0.1-data-2026.08.27-14.58.45.160.jpk-force-map,2026-08-27T14:58:45.160000,7,2,0.1,3,3,28,50.0,680.5912000919517
27-08-26/0/map2-0.1-data-2026.08.27-14.58.45.160.jpk-force-map,2026-08-27T14:58:45.160000,7,2,0.1,3,3,28,100.0,99.82332378388801
27-08-26/0/map2-0.1-data-2026.08.27-14.58.45.160.jpk-force-map,2026-08-27T14:58:45.160000,7,2,0.1,3,3,28,200.0,8.079055266558242
27-08-26/0/map2-0.05-data-2026.08.27-15.05.27.190.jpk-force-map,2026-08-27T15:05:27.190000,8,2,0.05,3,3,28,20.0,2615.023821733622
27-08-26/0/map2-0.05-data-2026.08.27-15.05.27.190.jpk-force-map,2026-08-27T15:05:27.190000,8,2,0.05,3,3,28,50.0,669.1278713169008
27-08-26/0/map2-0.05-data-2026.08.27-15.05.27.190.jpk-force-map,2026-08-27T15:05:27.190000,8,2,0.05,3,3,28,100.0,92.59123642951418
27-08-26/0/map2-0.05-data-2026.08.27-15.05.27.190.jpk-force-map,2026-08-27T15:05:27.190000,8,2,0.05,3,3,28,200.0,8.27126582839915
27-08-26/0/map2-0.2-data-2026.08.27-15.16.41.656.jpk-force-map,2026-08-27T15:16:41.656000,9,2,0.2,3,3,28,20.0,2642.907497014961
27-08-26/0/map2-0.2-data-2026.08.27-15.16.41.656.jpk-force-map,2026-08-27T15:16:41.656000,9,2,0.2,3,3,28,50.0,627.8496001504006
27-08-26/0/map2-0.2-data-2026.08.27-15.16.41.656.jpk-force-map,2026-08-27T15:16:41.656000,9,2,0.2,3,3,28,100.0,81.077533615901
27-08-26/0/map2-0.2-data-2026.08.27-15.16.41.656.jpk-force-map,2026-08-27T15:16:41.656000,9,2,0.2,3,3,28,200.0,14.689202064145197
27-08-26/0/map2-0.2-data-2026.08.27-15.20.44.298.jpk-force-map,2026-08-27T15:20:44.298000,10,2,0.2,3,3,28,20.0,2589.697142258621
27-08-26/0/map2-0.2-data-2026.08.27-15.20.44.298.jpk-force-map,2026-08-27T15:20:44.298000,10,2,0.2,3,3,28,50.0,593.028466917318
27-08-26/0/map2-0.2-data-2026.08.27-15.20.44.298.jpk-force-map,2026-08-27T15:20:44.298000,10,2,0.2,3,3,28,100.0,51.889737431298116
27-08-26/0/map2-0.2-data-2026.08.27-15.20.44.298.jpk-force-map,2026-08-27T15:20:44.298000,10,2,0.2,3,3,28,200.0,-2.301778950659563
27-08-26/0/map2-0.05-data-2026.08.27-15.24.51.168.jpk-force-map,2026-08-27T15:24:51.168000,11,2,0.05,3,3,28,20.0,2324.0611873991807
27-08-26/0/map2-0.05-data-2026.08.27-15.24.51.168.jpk-force-map,2026-08-27T15:24:51.168000,11,2,0.05,3,3,28,50.0,493.2121721896164
27-08-26/0/map2-0.05-data-2026.08.27-15.24.51.168.jpk-force-map,2026-08-27T15:24:51.168000,11,2,0.05,3,3,28,100.0,35.43125444073431
27-08-26/0/map2-0.05-data-2026.08.27-15.24.51.168.jpk-force-map,2026-08-27T15:24:51.168000,11,2,0.05,3,3,28,200.0,0.5888272923867468
27-08-26/0/map2-0.1-data-2026.08.27-15.36.15.070.jpk-force-map,2026-08-27T15:36:15.070000,12,2,0.1,3,3,28,20.0,2251.4748127809185
27-08-26/0/map2-0.1-data-2026.08.27-15.36.15.070.jpk-force-map,2026-08-27T15:36:15.070000,12,2,0.1,3,3,28,50.0,431.21980427244
27-08-26/0/map2-0.1-data-2026.08.27-15.36.15.070.jpk-force-map,2026-08-27T15:36:15.070000,12,2,0.1,3,3,28,100.0,20.780697443244918
27-08-26/0/map2-0.1-data-2026.08.27-15.36.15.070.jpk-force-map,2026-08-27T15:36:15.070000,12,2,0.1,3,3,28,200.0,-4.275384944738542
27-08-26/0/map3-0.05-data-2026.08.27-15.48.41.060.jpk-force-map,2026-08-27T15:48:41.060000,13,3,0.05,3,3,28,20.0,2659.7409431040724
27-08-26/0/map3-0.05-data-2026.08.27-15.48.41.060.jpk-force-map,2026-08-27T15:48:41.060000,13,3,0.05,3,3,28,50.0,667.7841795419661
27-08-26/0/map3-0.05-data-2026.08.27-15.48.41.060.jpk-force-map,2026-08-27T15:48:41.060000,13,3,0.05,3,3,28,100.0,84.57968233131862
27-08-26/0/map3-0.05-data-2026.08.27-15.48.41.060.jpk-force-map,2026-08-27T15:48:41.060000,13,3,0.05,3,3,28,200.0,5.747171713591108
27-08-26/0/map3-0.2-data-2026.08.27-16.09.07.348.jpk-force-map,2026-08-27T16:09:07.348000,14,3,0.2,3,3,28,20.0,2629.631778856363
27-08-26/0/map3-0.2-data-2026.08.27-16.09.07.348.jpk-force-map,2026-08-27T16:09:07.348000,14,3,0.2,3,3,28,50.0,649.1002278726789
27-08-26/0/map3-0.2-data-2026.08.27-16.09.07.348.jpk-force-map,2026-08-27T16:09:07.348000,14,3,0.2,3,3,28,100.0,72.62301764966278
27-08-26/0/map3-0.2-data-2026.08.27-16.09.07.348.jpk-force-map,2026-08-27T16:09:07.348000,14,3,0.2,3,3,28,200.0,-2.7264342306766327
27-08-26/0/map3-0.1-data-2026.08.27-16.12.38.424.jpk-force-map,2026-08-27T16:12:38.424000,15,3,0.1,3,3,28,20.0,2464.4188185966887
27-08-26/0/map3-0.1-data-2026.08.27-16.12.38.424.jpk-force-map,2026-08-27T16:12:38.424000,15,3,0.1,3,3,28,50.0,582.6709032084254
27-08-26/0/map3-0.1-data-2026.08.27-16.12.38.424.jpk-force-map,2026-08-27T16:12:38.424000,15,3,0.1,3,3,28,100.0,61.53911224750864
27-08-26/0/map3-0.1-data-2026.08.27-16.12.38.424.jpk-force-map,2026-08-27T16:12:38.424000,15,3,0.1,3,3,28,200.0,-1.1138901723031949
27-08-26/0/map3-0.1-data-2026.08.27-16.18.55.666.jpk-force-map,2026-08-27T16:18:55.666000,16,3,0.1,3,3,28,20.0,1783.2183704615445
27-08-26/0/map3-0.1-data-2026.08.27-16.18.55.666.jpk-force-map,2026-08-27T16:18:55.666000,16,3,0.1,3,3,28,50.0,421.44849590757644
27-08-26/0/map3-0.1-data-2026.08.27-16.18.55.666.jpk-force-map,2026-08-27T16:18:55.666000,16,3,0.1,3,3,28,100.0,51.02909101078868
27-08-26/0/map3-0.1-data-2026.08.27-16.18.55.666.jpk-force-map,2026-08-27T16:18:55.666000,16,3,0.1,3,3,28,200.0,4.8690808097276
27-08-26/0/map3-0.2-data-2026.08.27-16.25.10.504.jpk-force-map,2026-08-27T16:25:10.504000,17,3,0.2,3,3,28,20.0,1542.0297378706753
27-08-26/0/map3-0.2-data-2026.08.27-16.25.10.504.jpk-force-map,2026-08-27T16:25:10.504000,17,3,0.2,3,3,28,50.0,338.5942172735027
27-08-26/0/map3-0.2-data-2026.08.27-16.25.10.504.jpk-force-map,2026-08-27T16:25:10.504000,17,3,0.2,3,3,28,100.0,24.858257952635302
27-08-26/0/map3-0.2-data-2026.08.27-16.25.10.504.jpk-force-map,2026-08-27T16:25:10.504000,17,3,0.2,3,3,28,200.0,-2.471538899580883
27-08-26/0/map3-0.05-data-2026.08.27-16.29.39.734.jpk-force-map,2026-08-27T16:29:39.734000,18,3,0.05,3,3,28,20.0,1362.8839666269073
27-08-26/0/map3-0.05-data-2026.08.27-16.29.39.734.jpk-force-map,2026-08-27T16:29:39.734000,18,3,0.05,3,3,28,50.0,291.9331853759677
27-08-26/0/map3-0.05-data-2026.08.27-16.29.39.734.jpk-force-map,2026-08-27T16:29:39.734000,18,3,0.05,3,3,28,100.0,34.34965698901415
27-08-26/0/map3-0.05-data-2026.08.27-16.29.39.734.jpk-force-map,2026-08-27T16:29:39.734000,18,3,0.05,3,3,28,200.0,1.9245411575820741
27-08-26/0/map4-0.2-data-2026.08.27-16.47.00.630.jpk-force-map,2026-08-27T16:47:00.630000,19,4,0.2,3,3,28,20.0,1988.0755569667358
27-08-26/0/map4-0.2-data-2026.08.27-16.47.00.630.jpk-force-map,2026-08-27T16:47:00.630000,19,4,0.2,3,3,28,50.0,323.10838738161976
27-08-26/0/map4-0.2-data-2026.08.27-16.47.00.630.jpk-force-map,2026-08-27T16:47:00.630000,19,4,0.2,3,3,28,100.0,23.72331061907606
27-08-26/0/map4-0.2-data-2026.08.27-16.47.00.630.jpk-force-map,2026-08-27T16:47:00.630000,19,4,0.2,3,3,28,200.0,-1.4913127064918237
27-08-26/0/map4-0.1-data-2026.08.27-16.50.32.826.jpk-force-map,2026-08-27T16:50:32.826000,20,4,0.1,3,3,28,20.0,2100.4859686234863
27-08-26/0/map4-0.1-data-2026.08.27-16.50.32.826.jpk-force-map,2026-08-27T16:50:32.826000,20,4,0.1,3,3,28,50.0,321.34597322106686
27-08-26/0/map4-0.1-data-2026.08.27-16.50.32.826.jpk-force-map,2026-08-27T16:50:32.826000,20,4,0.1,3,3,28,100.0,15.670975072468453
27-08-26/0/map4-0.1-data-2026.08.27-16.50.32.826.jpk-force-map,2026-08-27T16:50:32.826000,20,4,0.1,3,3,28,200.0,-1.7992023158803214
27-08-26/0/map4-0.05-data-2026.08.27-16.56.56.658.jpk-force-map,2026-08-27T16:56:56.658000,21,4,0.05,3,3,28,20.0,1958.029730511339
27-08-26/0/map4-0.05-data-2026.08.27-16.56.56.658.jpk-force-map,2026-08-27T16:56:56.658000,21,4,0.05,3,3,28,50.0,277.55052011752497
27-08-26/0/map4-0.05-data-2026.08.27-16.56.56.658.jpk-force-map,2026-08-27T16:56:56.658000,21,4,0.05,3,3,28,100.0,26.795352631360196
27-08-26/0/map4-0.05-data-2026.08.27-16.56.56.658.jpk-force-map,2026-08-27T16:56:56.658000,21,4,0.05,3,3,28,200.0,12.325804247970748
27-08-26/0/map4-0.05-data-2026.08.27-17.08.28.590.jpk-force-map,2026-08-27T17:08:28.590000,22,4,0.05,3,3,28,20.0,1762.0928318882152
27-08-26/0/map4-0.05-data-2026.08.27-17.08.28.590.jpk-force-map,2026-08-27T17:08:28.590000,22,4,0.05,3,3,28,50.0,174.240107064344
27-08-26/0/map4-0.05-data-2026.08.27-17.08.28.590.jpk-force-map,2026-08-27T17:08:28.590000,22,4,0.05,3,3,28,100.0,2.372049644567646
27-08-26/0/map4-0.05-data-2026.08.27-17.08.28.590.jpk-force-map,2026-08-27T17:08:28.590000,22,4,0.05,3,3,28,200.0,-0.1583047142199011
27-08-26/0/map4-0.1-data-2026.08.27-17.19.56.860.jpk-force-map,2026-08-27T17:19:56.860000,23,4,0.1,3,3,28,20.0,1566.8979078737111
27-08-26/0/map4-0.1-data-2026.08.27-17.19.56.860.jpk-force-map,2026-08-27T17:19:56.860000,23,4,0.1,3,3,28,50.0,137.6117316925133
27-08-26/0/map4-0.1-data-2026.08.27-17.19.56.860.jpk-force-map,2026-08-27T17:19:56.860000,23,4,0.1,3,3,28,100.0,9.605087471630286
27-08-26/0/map4-0.1-data-2026.08.27-17.19.56.860.jpk-force-map,2026-08-27T17:19:56.860000,23,4,0.1,3,3,28,200.0,5.365177056115566
27-08-26/0/map4-0.2-data-2026.08.27-17.25.48.068.jpk-force-map,2026-08-27T17:25:48.068000,24,4,0.2,3,3,28,20.0,1426.5871934636039
27-08-26/0/map4-0.2-data-2026.08.27-17.25.48.068.jpk-force-map,2026-08-27T17:25:48.068000,24,4,0.2,3,3,28,50.0,98.85868468458298
27-08-26/0/map4-0.2-data-2026.08.27-17.25.48.068.jpk-force-map,2026-08-27T17:25:48.068000,24,4,0.2,3,3,28,100.0,-1.4334193195187082
27-08-26/0/map4-0.2-data-2026.08.27-17.25.48.068.jpk-force-map,2026-08-27T17:25:48.068000,24,4,0.2,3,3,28,200.0,-5.5170270672976836
27-08-26/0/map5-0.1-data-2026.08.27-17.31.45.428.jpk-force-map,2026-08-27T17:31:45.428000,25,5,0.1,3,3,28,20.0,-415.574637721032
27-08-26/0/map5-0.1-data-2026.08.27-17.31.45.428.jpk-force-map,2026-08-27T17:31:45.428000,25,5,0.1,3,3,28,50.0,71.6547286003632
27-08-26/0/map5-0.1-data-2026.08.27-17.31.45.428.jpk-force-map,2026-08-27T17:31:45.428000,25,5,0.1,3,3,28,100.0,-1.4826012376626605
27-08-26/0/map5-0.1-data-2026.08.27-17.31.45.428.jpk-force-map,2026-08-27T17:31:45.428000,25,5,0.1,3,3,28,200.0,0.4631994727885796
27-08-26/0/map5-0.05-data-2026.08.27-17.38.13.338.jpk-force-map,2026-08-27T17:38:13.338000,26,5,0.05,3,3,28,20.0,-1007.7803741552916
27-08-26/0/map5-0.05-data-2026.08.27-17.38.13.338.jpk-force-map,2026-08-27T17:38:13.338000,26,5,0.05,3,3,28,50.0,99.51254659845961
27-08-26/0/map5-0.05-data-2026.08.27-17.38.13.338.jpk-force-map,2026-08-27T17:38:13.338000,26,5,0.05,3,3,28,100.0,9.27517733075073
27-08-26/0/map5-0.05-data-2026.08.27-17.38.13.338.jpk-force-map,2026-08-27T17:38:13.338000,26,5,0.05,3,3,28,200.0,5.42116001621494
27-08-26/0/map5-0.2-data-2026.08.27-17.49.29.094.jpk-force-map,2026-08-27T17:49:29.094000,27,5,0.2,3,3,28,20.0,-894.2609250947793
27-08-26/0/map5-0.2-data-2026.08.27-17.49.29.094.jpk-force-map,2026-08-27T17:49:29.094000,27,5,0.2,3,3,28,50.0,51.5861966376722
27-08-26/0/map5-0.2-data-2026.08.27-17.49.29.094.jpk-force-map,2026-08-27T17:49:29.094000,27,5,0.2,3,3,28,100.0,11.781963530425275
27-08-26/0/map5-0.2-data-2026.08.27-17.49.29.094.jpk-force-map,2026-08-27T17:49:29.094000,27,5,0.2,3,3,28,200.0,5.543047480867517
27-08-26/0/map5-0.2-data-2026.08.27-17.53.38.834.jpk-force-map,2026-08-27T17:53:38.834000,28,5,0.2,3,3,28,20.0,-1517.793711322687
27-08-26/0/map5-0.2-data-2026.08.27-17.53.38.834.jpk-force-map,2026-08-27T17:53:38.834000,28,5,0.2,3,3,28,50.0,31.725094946122297
27-08-26/0/map5-0.2-data-2026.08.27-17.53.38.834.jpk-force-map,2026-08-27T17:53:38.834000,28,5,0.2,3,3,28,100.0,-2.1054008189893363
27-08-26/0/map5-0.2-data-2026.08.27-17.53.38.834.jpk-force-map,2026-08-27T17:53:38.834000,28,5,0.2,3,3,28,200.0,-1.5488411621033271
27-08-26/0/map5-0.05-data-2026.08.27-17.57.18.559.jpk-force-map,2026-08-27T17:57:18.559000,29,5,0.05,3,3,28,20.0,-1255.8563309428412
27-08-26/0/map5-0.05-data-2026.08.27-17.57.18.559.jpk-force-map,2026-08-27T17:57:18.559000,29,5,0.05,3,3,28,50.0,16.65221009880205
27-08-26/0/map5-0.05-data-2026.08.27-17.57.18.559.jpk-force-map,2026-08-27T17:57:18.559000,29,5,0.05,3,3,28,100.0,8.925235169179192
27-08-26/0/map5-0.05-data-2026.08.27-17.57.18.559.jpk-force-map,2026-08-27T17:57:18.559000,29,5,0.05,3,3,28,200.0,2.8422270514060086
