comparison,baseline_method,nominal_speed_um_per_s,distance_nm,force_jump_median_pN,force_jump_q25_pN,force_jump_q75_pN,paired_pixel_count,interpretation
block3_minus_block2_across_liquid_refresh,linear_drift_corrected,0.05,5.0,513.399589428017,56.51999548526578,802.149780206078,64,refresh_plus_elapsed_time_plus_block_order; not pure liquid causal effect
block3_minus_block2_across_liquid_refresh,linear_drift_corrected,0.05,10.0,305.4843675256452,-130.03693730617897,510.3227850657811,64,refresh_plus_elapsed_time_plus_block_order; not pure liquid causal effect
block3_minus_block2_across_liquid_refresh,linear_drift_corrected,0.05,15.0,44.39375897834634,-201.56321400678758,195.31962777299123,64,refresh_plus_elapsed_time_plus_block_order; not pure liquid causal effect
block3_minus_block2_across_liquid_refresh,linear_drift_corrected,0.05,20.0,-48.762083238295645,-201.12365543026795,77.88244694741866,64,refresh_plus_elapsed_time_plus_block_order; not pure liquid causal effect
block3_minus_block2_across_liquid_refresh,linear_drift_corrected,0.05,25.0,-68.2945831392974,-189.48330458577,29.672508242302058,64,refresh_plus_elapsed_time_plus_block_order; not pure liquid causal effect
block3_minus_block2_across_liquid_refresh,linear_drift_corrected,0.05,30.0,-72.10576599555179,-164.1601269786142,-2.8178701025328223,64,refresh_plus_elapsed_time_plus_block_order; not pure liquid causal effect
block3_minus_block2_across_liquid_refresh,linear_drift_corrected,0.05,35.0,-57.391371091935525,-135.68404436687092,-14.474322107275952,64,refresh_plus_elapsed_time_plus_block_order; not pure liquid causal effect
block3_minus_block2_across_liquid_refresh,linear_drift_corrected,0.05,40.0,-53.44871902214214,-112.14966104705726,-12.659454974729812,64,refresh_plus_elapsed_time_plus_block_order; not pure liquid causal effect
block3_minus_block2_across_liquid_refresh,linear_drift_corrected,0.05,45.0,-45.1461278844248,-94.90950996625435,-11.099387470255522,64,refresh_plus_elapsed_time_plus_block_order; not pure liquid causal effect
block3_minus_block2_across_liquid_refresh,linear_drift_corrected,0.05,50.0,-38.8573201525748,-80.0336397106299,-12.56093842400469,64,refresh_plus_elapsed_time_plus_block_order; not pure liquid causal effect
block3_minus_block2_across_liquid_refresh,linear_drift_corrected,0.05,55.0,-32.03033576881825,-63.96492160565968,-11.501351782983633,64,refresh_plus_elapsed_time_plus_block_order; not pure liquid causal effect
block3_minus_block2_across_liquid_refresh,linear_drift_corrected,0.05,60.0,-26.925038196637615,-53.33338666853034,-6.855946184524754,64,refresh_plus_elapsed_time_plus_block_order; not pure liquid causal effect
block3_minus_block2_across_liquid_refresh,linear_drift_corrected,0.05,65.0,-21.652041615743713,-42.974611079858704,-6.834601885404638,64,refresh_plus_elapsed_time_plus_block_order; not pure liquid causal effect
block3_minus_block2_across_liquid_refresh,linear_drift_corrected,0.05,70.0,-17.909700105251716,-33.01272283259096,-1.0412921232064747,64,refresh_plus_elapsed_time_plus_block_order; not pure liquid causal effect
block3_minus_block2_across_liquid_refresh,linear_drift_corrected,0.05,75.0,-11.532425424808267,-26.251871654590232,-0.6131509237011343,64,refresh_plus_elapsed_time_plus_block_order; not pure liquid causal effect
block3_minus_block2_across_liquid_refresh,linear_drift_corrected,0.05,80.0,-8.930016313182122,-22.269134733322403,2.104439844267098,64,refresh_plus_elapsed_time_plus_block_order; not pure liquid causal effect
block3_minus_block2_across_liquid_refresh,linear_drift_corrected,0.05,85.0,-5.749519278249323,-19.427877011529063,3.853478712008414,64,refresh_plus_elapsed_time_plus_block_order; not pure liquid causal effect
block3_minus_block2_across_liquid_refresh,linear_drift_corrected,0.05,90.0,-4.389789053666696,-16.864556092835894,4.232180698559159,64,refresh_plus_elapsed_time_plus_block_order; not pure liquid causal effect
block3_minus_block2_across_liquid_refresh,linear_drift_corrected,0.05,95.0,-3.0753400665995834,-14.405141795872055,3.2452540173205193,64,refresh_plus_elapsed_time_plus_block_order; not pure liquid causal effect
block3_minus_block2_across_liquid_refresh,linear_drift_corrected,0.05,100.0,-1.593794840835109,-11.769923619326093,2.7190198802824668,64,refresh_plus_elapsed_time_plus_block_order; not pure liquid causal effect
block3_minus_block2_across_liquid_refresh,linear_drift_corrected,0.05,105.0,-0.8726720749366557,-11.698084770936347,4.202402873808142,64,refresh_plus_elapsed_time_plus_block_order; not pure liquid causal effect
block3_minus_block2_across_liquid_refresh,linear_drift_corrected,0.05,110.0,-0.13379829398214937,-10.005609366126844,5.2023070600024415,64,refresh_plus_elapsed_time_plus_block_order; not pure liquid causal effect
block3_minus_block2_across_liquid_refresh,linear_drift_corrected,0.05,115.0,-0.0864690845356968,-9.343176685533386,4.577567812907474,64,refresh_plus_elapsed_time_plus_block_order; not pure liquid causal effect
block3_minus_block2_across_liquid_refresh,linear_drift_corrected,0.05,120.0,-1.107397223211711,-8.457099911554248,5.098039325005906,64,refresh_plus_elapsed_time_plus_block_order; not pure liquid causal effect
block3_minus_block2_across_liquid_refresh,linear_drift_corrected,0.05,125.0,-0.73854377082551,-6.555176517077894,3.4912840886480785,64,refresh_plus_elapsed_time_plus_block_order; not pure liquid causal effect
block3_minus_block2_across_liquid_refresh,linear_drift_corrected,0.05,130.0,-1.3070113518811883,-6.8436564297232625,4.074912904195247,64,refresh_plus_elapsed_time_plus_block_order; not pure liquid causal effect
block3_minus_block2_across_liquid_refresh,linear_drift_corrected,0.05,135.0,-0.6407022177950328,-7.447100012399753,4.0544162816376765,64,refresh_plus_elapsed_time_plus_block_order; not pure liquid causal effect
block3_minus_block2_across_liquid_refresh,linear_drift_corrected,0.05,140.0,-0.7443835482681491,-5.8824434570652535,5.409553757218941,64,refresh_plus_elapsed_time_plus_block_order; not pure liquid causal effect
block3_minus_block2_across_liquid_refresh,linear_drift_corrected,0.05,145.0,-1.1001748058370127,-4.125207156414416,3.277781535653503,64,refresh_plus_elapsed_time_plus_block_order; not pure liquid causal effect
block3_minus_block2_across_liquid_refresh,linear_drift_corrected,0.05,150.0,-1.1502510943211752,-4.808328158342565,4.18425388744639,64,refresh_plus_elapsed_time_plus_block_order; not pure liquid causal effect
block3_minus_block2_across_liquid_refresh,linear_drift_corrected,0.05,155.0,-1.082480874102451,-5.755658414899015,3.975917663230093,64,refresh_plus_elapsed_time_plus_block_order; not pure liquid causal effect
block3_minus_block2_across_liquid_refresh,linear_drift_corrected,0.05,160.0,-1.4320722808467239,-5.092080279415755,3.7556939137230057,64,refresh_plus_elapsed_time_plus_block_order; not pure liquid causal effect
block3_minus_block2_across_liquid_refresh,linear_drift_corrected,0.05,165.0,-0.9003707301018764,-7.148272795280004,3.411501970742329,64,refresh_plus_elapsed_time_plus_block_order; not pure liquid causal effect
block3_minus_block2_across_liquid_refresh,linear_drift_corrected,0.05,170.0,-1.411892086482478,-5.914468436034427,3.0508391076542836,64,refresh_plus_elapsed_time_plus_block_order; not pure liquid causal effect
block3_minus_block2_across_liquid_refresh,linear_drift_corrected,0.05,175.0,-1.3658185893539865,-5.847148601390815,3.642501402939371,64,refresh_plus_elapsed_time_plus_block_order; not pure liquid causal effect
block3_minus_block2_across_liquid_refresh,linear_drift_corrected,0.05,180.0,-0.595280912531378,-6.165189215540966,3.062948192087185,64,refresh_plus_elapsed_time_plus_block_order; not pure liquid causal effect
block3_minus_block2_across_liquid_refresh,linear_drift_corrected,0.05,185.0,0.19624547567235617,-4.057680461296199,2.311887650628517,64,refresh_plus_elapsed_time_plus_block_order; not pure liquid causal effect
block3_minus_block2_across_liquid_refresh,linear_drift_corrected,0.05,190.0,-0.2831799763668862,-4.362945441412352,2.5306081645279885,64,refresh_plus_elapsed_time_plus_block_order; not pure liquid causal effect
block3_minus_block2_across_liquid_refresh,linear_drift_corrected,0.05,195.0,-0.4959512515235644,-5.340057242835972,2.0744353278953307,64,refresh_plus_elapsed_time_plus_block_order; not pure liquid causal effect
block3_minus_block2_across_liquid_refresh,linear_drift_corrected,0.05,200.0,-0.07432070798761503,-5.286391891589242,2.131815932444806,64,refresh_plus_elapsed_time_plus_block_order; not pure liquid causal effect
block3_minus_block2_across_liquid_refresh,linear_drift_corrected,0.05,205.0,-1.0039466257709702,-4.035356672444922,3.7122896106735093,64,refresh_plus_elapsed_time_plus_block_order; not pure liquid causal effect
block3_minus_block2_across_liquid_refresh,linear_drift_corrected,0.05,210.0,-0.0697542378276893,-3.890312775041208,2.6013978249499248,64,refresh_plus_elapsed_time_plus_block_order; not pure liquid causal effect
block3_minus_block2_across_liquid_refresh,linear_drift_corrected,0.05,215.0,-0.2985225893296968,-2.897207862476799,2.691895478873986,64,refresh_plus_elapsed_time_plus_block_order; not pure liquid causal effect
block3_minus_block2_across_liquid_refresh,linear_drift_corrected,0.05,220.0,-0.21356491792762566,-3.490192253574386,1.5227685476146922,64,refresh_plus_elapsed_time_plus_block_order; not pure liquid causal effect
block3_minus_block2_across_liquid_refresh,linear_drift_corrected,0.05,225.0,0.119660004803538,-2.3917862676918227,2.259302575540292,64,refresh_plus_elapsed_time_plus_block_order; not pure liquid causal effect
block3_minus_block2_across_liquid_refresh,linear_drift_corrected,0.05,230.0,-0.12593741287931293,-3.232147268626628,2.6766675914079703,64,refresh_plus_elapsed_time_plus_block_order; not pure liquid causal effect
block3_minus_block2_across_liquid_refresh,linear_drift_corrected,0.05,235.0,0.4121391783071173,-3.4811854382519716,2.763135657911141,64,refresh_plus_elapsed_time_plus_block_order; not pure liquid causal effect
block3_minus_block2_across_liquid_refresh,linear_drift_corrected,0.05,240.0,-0.0745441531604587,-1.9197273989695618,2.5617491863496538,64,refresh_plus_elapsed_time_plus_block_order; not pure liquid causal effect
block3_minus_block2_across_liquid_refresh,linear_drift_corrected,0.05,245.0,0.2633067324384326,-2.151940042229009,2.214676059055163,64,refresh_plus_elapsed_time_plus_block_order; not pure liquid causal effect
block3_minus_block2_across_liquid_refresh,linear_drift_corrected,0.05,250.0,-0.18641952425439123,-1.710544239943188,1.4881952501529214,64,refresh_plus_elapsed_time_plus_block_order; not pure liquid causal effect
block3_minus_block2_across_liquid_refresh,linear_drift_corrected,0.05,255.0,-0.29553928582242217,-2.6193007538215425,0.9105518564984393,64,refresh_plus_elapsed_time_plus_block_order; not pure liquid causal effect
block3_minus_block2_across_liquid_refresh,linear_drift_corrected,0.05,260.0,-0.5046686285125598,-2.0568020091000774,1.51094038763499,64,refresh_plus_elapsed_time_plus_block_order; not pure liquid causal effect
block3_minus_block2_across_liquid_refresh,linear_drift_corrected,0.05,265.0,-0.5906920536410063,-2.4630733232516686,1.4060893842060949,64,refresh_plus_elapsed_time_plus_block_order; not pure liquid causal effect
block3_minus_block2_across_liquid_refresh,linear_drift_corrected,0.05,270.0,0.36971359709654195,-1.0905687220053215,1.666507245974803,64,refresh_plus_elapsed_time_plus_block_order; not pure liquid causal effect
block3_minus_block2_across_liquid_refresh,linear_drift_corrected,0.05,275.0,-0.463770597015971,-1.5891848438503762,1.564646900446438,64,refresh_plus_elapsed_time_plus_block_order; not pure liquid causal effect
block3_minus_block2_across_liquid_refresh,linear_drift_corrected,0.05,280.0,0.16812910021016497,-1.1411228070105812,1.397337064439903,64,refresh_plus_elapsed_time_plus_block_order; not pure liquid causal effect
block3_minus_block2_across_liquid_refresh,linear_drift_corrected,0.05,285.0,0.21702728646107677,-1.282705305894343,1.8113693470547174,64,refresh_plus_elapsed_time_plus_block_order; not pure liquid causal effect
block3_minus_block2_across_liquid_refresh,linear_drift_corrected,0.05,290.0,-0.025477127093380347,-1.4113890310354307,1.717754095169791,64,refresh_plus_elapsed_time_plus_block_order; not pure liquid causal effect
block3_minus_block2_across_liquid_refresh,linear_drift_corrected,0.05,295.0,0.40151471284065926,-0.9020749121858268,1.4938837976280757,64,refresh_plus_elapsed_time_plus_block_order; not pure liquid causal effect
block3_minus_block2_across_liquid_refresh,linear_drift_corrected,0.05,300.0,-0.06464457278249786,-2.1474066844227706,1.2101826604617527,64,refresh_plus_elapsed_time_plus_block_order; not pure liquid causal effect
block3_minus_block2_across_liquid_refresh,linear_drift_corrected,0.05,305.0,-0.12181446761749515,-1.2818747271478963,1.7190805638828366,64,refresh_plus_elapsed_time_plus_block_order; not pure liquid causal effect
block3_minus_block2_across_liquid_refresh,linear_drift_corrected,0.05,310.0,1.0565264879997631,-0.8075974624655984,2.163615626398144,64,refresh_plus_elapsed_time_plus_block_order; not pure liquid causal effect
block3_minus_block2_across_liquid_refresh,linear_drift_corrected,0.05,315.0,0.2747720703442651,-1.360271316436466,2.4855875729654775,64,refresh_plus_elapsed_time_plus_block_order; not pure liquid causal effect
block3_minus_block2_across_liquid_refresh,linear_drift_corrected,0.05,320.0,-0.0597962330677794,-1.6612568986333522,2.321658076122655,64,refresh_plus_elapsed_time_plus_block_order; not pure liquid causal effect
block3_minus_block2_across_liquid_refresh,linear_drift_corrected,0.05,325.0,0.2537478102874823,-1.0259722790536046,1.5920426577763933,64,refresh_plus_elapsed_time_plus_block_order; not pure liquid causal effect
block3_minus_block2_across_liquid_refresh,linear_drift_corrected,0.05,330.0,0.43854740759942296,-1.3721394803830207,1.4404819405389497,64,refresh_plus_elapsed_time_plus_block_order; not pure liquid causal effect
block3_minus_block2_across_liquid_refresh,linear_drift_corrected,0.05,335.0,-0.45367947552315946,-1.6685904695195268,1.2615660024185338,64,refresh_plus_elapsed_time_plus_block_order; not pure liquid causal effect
block3_minus_block2_across_liquid_refresh,linear_drift_corrected,0.05,340.0,-0.24413654624695114,-1.6240573975021282,1.2448978935714003,63,refresh_plus_elapsed_time_plus_block_order; not pure liquid causal effect
block3_minus_block2_across_liquid_refresh,linear_drift_corrected,0.05,345.0,-0.36897591383902595,-1.467385608799515,1.333869753740751,62,refresh_plus_elapsed_time_plus_block_order; not pure liquid causal effect
block3_minus_block2_across_liquid_refresh,linear_drift_corrected,0.05,350.0,0.15276110610397797,-1.1289429591754436,1.438974852710719,61,refresh_plus_elapsed_time_plus_block_order; not pure liquid causal effect
block3_minus_block2_across_liquid_refresh,linear_drift_corrected,0.05,355.0,-0.8535220001241691,-1.9618441141516079,0.8992880846946976,56,refresh_plus_elapsed_time_plus_block_order; not pure liquid causal effect
block3_minus_block2_across_liquid_refresh,linear_drift_corrected,0.05,360.0,-1.597618804634944,-3.118976911099695,0.1516581536657798,44,refresh_plus_elapsed_time_plus_block_order; not pure liquid causal effect
block3_minus_block2_across_liquid_refresh,linear_drift_corrected,0.1,5.0,1197.9025008471017,464.3486735903289,1557.6941405547661,64,refresh_plus_elapsed_time_plus_block_order; not pure liquid causal effect
block3_minus_block2_across_liquid_refresh,linear_drift_corrected,0.1,10.0,699.8498936163573,238.58325425380121,850.0645866932829,64,refresh_plus_elapsed_time_plus_block_order; not pure liquid causal effect
block3_minus_block2_across_liquid_refresh,linear_drift_corrected,0.1,15.0,388.8041502290557,100.96135263237738,497.6909418019866,64,refresh_plus_elapsed_time_plus_block_order; not pure liquid causal effect
block3_minus_block2_across_liquid_refresh,linear_drift_corrected,0.1,20.0,238.5996356448436,55.526601992990436,326.9983412654334,64,refresh_plus_elapsed_time_plus_block_order; not pure liquid causal effect
block3_minus_block2_across_liquid_refresh,linear_drift_corrected,0.1,25.0,159.75447721344017,27.915049604903516,230.88107308070863,64,refresh_plus_elapsed_time_plus_block_order; not pure liquid causal effect
block3_minus_block2_across_liquid_refresh,linear_drift_corrected,0.1,30.0,112.61708522485901,8.561206526392539,161.31936900121536,64,refresh_plus_elapsed_time_plus_block_order; not pure liquid causal effect
block3_minus_block2_across_liquid_refresh,linear_drift_corrected,0.1,35.0,85.11597287348195,-1.2994228993726438,124.18963703932769,64,refresh_plus_elapsed_time_plus_block_order; not pure liquid causal effect
block3_minus_block2_across_liquid_refresh,linear_drift_corrected,0.1,40.0,64.87858096600394,11.258593142459688,98.89668854794667,64,refresh_plus_elapsed_time_plus_block_order; not pure liquid causal effect
block3_minus_block2_across_liquid_refresh,linear_drift_corrected,0.1,45.0,50.741830255800664,8.239153778406916,79.66033713936855,64,refresh_plus_elapsed_time_plus_block_order; not pure liquid causal effect
block3_minus_block2_across_liquid_refresh,linear_drift_corrected,0.1,50.0,39.629478770556716,1.7707336295473795,64.15200725384338,64,refresh_plus_elapsed_time_plus_block_order; not pure liquid causal effect
block3_minus_block2_across_liquid_refresh,linear_drift_corrected,0.1,55.0,28.8080940888714,3.859882846828441,53.83480709675001,64,refresh_plus_elapsed_time_plus_block_order; not pure liquid causal effect
block3_minus_block2_across_liquid_refresh,linear_drift_corrected,0.1,60.0,21.920744570664027,-6.642098745980135,41.919337371433244,64,refresh_plus_elapsed_time_plus_block_order; not pure liquid causal effect
block3_minus_block2_across_liquid_refresh,linear_drift_corrected,0.1,65.0,19.51319923773184,-3.7843122736887125,34.025124180085,64,refresh_plus_elapsed_time_plus_block_order; not pure liquid causal effect
block3_minus_block2_across_liquid_refresh,linear_drift_corrected,0.1,70.0,12.984812538306343,-4.342742245897945,28.998172024869945,64,refresh_plus_elapsed_time_plus_block_order; not pure liquid causal effect
block3_minus_block2_across_liquid_refresh,linear_drift_corrected,0.1,75.0,13.491294796668782,-7.483686820719505,20.888064889675704,64,refresh_plus_elapsed_time_plus_block_order; not pure liquid causal effect
block3_minus_block2_across_liquid_refresh,linear_drift_corrected,0.1,80.0,6.4574383256624515,-7.534007614999716,17.756503635234658,64,refresh_plus_elapsed_time_plus_block_order; not pure liquid causal effect
block3_minus_block2_across_liquid_refresh,linear_drift_corrected,0.1,85.0,4.991198115599516,-9.304634863743782,12.169303211546392,64,refresh_plus_elapsed_time_plus_block_order; not pure liquid causal effect
block3_minus_block2_across_liquid_refresh,linear_drift_corrected,0.1,90.0,3.643944176402009,-9.766198526694481,9.44975148057479,64,refresh_plus_elapsed_time_plus_block_order; not pure liquid causal effect
block3_minus_block2_across_liquid_refresh,linear_drift_corrected,0.1,95.0,1.3059499485332893,-9.12768360306941,9.103426017088667,64,refresh_plus_elapsed_time_plus_block_order; not pure liquid causal effect
block3_minus_block2_across_liquid_refresh,linear_drift_corrected,0.1,100.0,0.4056875254341463,-9.97385522767019,7.58783155881768,64,refresh_plus_elapsed_time_plus_block_order; not pure liquid causal effect
block3_minus_block2_across_liquid_refresh,linear_drift_corrected,0.1,105.0,-1.8165390004217343,-9.131101478872965,5.501231350779541,64,refresh_plus_elapsed_time_plus_block_order; not pure liquid causal effect
block3_minus_block2_across_liquid_refresh,linear_drift_corrected,0.1,110.0,-1.0753638559064882,-9.227852338555694,5.764628265128691,64,refresh_plus_elapsed_time_plus_block_order; not pure liquid causal effect
block3_minus_block2_across_liquid_refresh,linear_drift_corrected,0.1,115.0,-0.05060076887674114,-8.269155221969726,5.5476134448710654,64,refresh_plus_elapsed_time_plus_block_order; not pure liquid causal effect
block3_minus_block2_across_liquid_refresh,linear_drift_corrected,0.1,120.0,0.057383864360286196,-8.837897754906933,5.0842367851786,64,refresh_plus_elapsed_time_plus_block_order; not pure liquid causal effect
block3_minus_block2_across_liquid_refresh,linear_drift_corrected,0.1,125.0,-1.1846632880155,-9.231743246394359,4.846399050657189,64,refresh_plus_elapsed_time_plus_block_order; not pure liquid causal effect
block3_minus_block2_across_liquid_refresh,linear_drift_corrected,0.1,130.0,-1.995605381742199,-7.710090654569629,4.038923155693426,64,refresh_plus_elapsed_time_plus_block_order; not pure liquid causal effect
block3_minus_block2_across_liquid_refresh,linear_drift_corrected,0.1,135.0,-0.07284880586418563,-9.251775980584368,4.862792499179507,64,refresh_plus_elapsed_time_plus_block_order; not pure liquid causal effect
block3_minus_block2_across_liquid_refresh,linear_drift_corrected,0.1,140.0,-2.1246977115121073,-9.788792903853253,4.4838416999253425,64,refresh_plus_elapsed_time_plus_block_order; not pure liquid causal effect
block3_minus_block2_across_liquid_refresh,linear_drift_corrected,0.1,145.0,-1.5607173071129994,-9.13384197618749,4.217297595792987,64,refresh_plus_elapsed_time_plus_block_order; not pure liquid causal effect
block3_minus_block2_across_liquid_refresh,linear_drift_corrected,0.1,150.0,-2.227297222453539,-7.465278527977274,3.354915009351833,64,refresh_plus_elapsed_time_plus_block_order; not pure liquid causal effect
block3_minus_block2_across_liquid_refresh,linear_drift_corrected,0.1,155.0,-2.706002691165514,-7.9112086302600115,3.773745584646152,64,refresh_plus_elapsed_time_plus_block_order; not pure liquid causal effect
block3_minus_block2_across_liquid_refresh,linear_drift_corrected,0.1,160.0,-2.518077651428911,-8.058867888827894,3.8224580409327715,64,refresh_plus_elapsed_time_plus_block_order; not pure liquid causal effect
block3_minus_block2_across_liquid_refresh,linear_drift_corrected,0.1,165.0,-2.087921467593637,-6.817889177406438,3.674351289246321,64,refresh_plus_elapsed_time_plus_block_order; not pure liquid causal effect
block3_minus_block2_across_liquid_refresh,linear_drift_corrected,0.1,170.0,-2.752233525568015,-6.489550081060528,3.2326430161597575,64,refresh_plus_elapsed_time_plus_block_order; not pure liquid causal effect
block3_minus_block2_across_liquid_refresh,linear_drift_corrected,0.1,175.0,-3.098922729812712,-7.1416920478230805,2.7980183721662613,64,refresh_plus_elapsed_time_plus_block_order; not pure liquid causal effect
block3_minus_block2_across_liquid_refresh,linear_drift_corrected,0.1,180.0,-3.313893082951695,-6.262347803500095,0.7586697625433433,64,refresh_plus_elapsed_time_plus_block_order; not pure liquid causal effect
block3_minus_block2_across_liquid_refresh,linear_drift_corrected,0.1,185.0,-1.5615553699417641,-5.902295255853634,2.2456427491713082,64,refresh_plus_elapsed_time_plus_block_order; not pure liquid causal effect
block3_minus_block2_across_liquid_refresh,linear_drift_corrected,0.1,190.0,-1.7216962430801064,-5.842319133122106,1.8785844421653843,64,refresh_plus_elapsed_time_plus_block_order; not pure liquid causal effect
block3_minus_block2_across_liquid_refresh,linear_drift_corrected,0.1,195.0,-2.748400724156555,-6.177712642187425,2.2296160841234443,64,refresh_plus_elapsed_time_plus_block_order; not pure liquid causal effect
block3_minus_block2_across_liquid_refresh,linear_drift_corrected,0.1,200.0,-1.7798398979525265,-7.634713172156824,2.2303050480598317,64,refresh_plus_elapsed_time_plus_block_order; not pure liquid causal effect
block3_minus_block2_across_liquid_refresh,linear_drift_corrected,0.1,205.0,-1.6434284920221376,-5.878156685375644,2.0425912775893758,64,refresh_plus_elapsed_time_plus_block_order; not pure liquid causal effect
block3_minus_block2_across_liquid_refresh,linear_drift_corrected,0.1,210.0,-2.4579202985871746,-7.317197821952359,3.2562947646332203,64,refresh_plus_elapsed_time_plus_block_order; not pure liquid causal effect
block3_minus_block2_across_liquid_refresh,linear_drift_corrected,0.1,215.0,-2.138612789776291,-7.203083556882728,2.700939297928742,64,refresh_plus_elapsed_time_plus_block_order; not pure liquid causal effect
block3_minus_block2_across_liquid_refresh,linear_drift_corrected,0.1,220.0,-1.4376156842052616,-5.605823399567625,1.4316844935098558,64,refresh_plus_elapsed_time_plus_block_order; not pure liquid causal effect
block3_minus_block2_across_liquid_refresh,linear_drift_corrected,0.1,225.0,-1.8862933540369733,-6.199511221613193,1.096595869836888,64,refresh_plus_elapsed_time_plus_block_order; not pure liquid causal effect
block3_minus_block2_across_liquid_refresh,linear_drift_corrected,0.1,230.0,-1.6218301418823446,-4.8614470404226235,0.05161615552410537,64,refresh_plus_elapsed_time_plus_block_order; not pure liquid causal effect
block3_minus_block2_across_liquid_refresh,linear_drift_corrected,0.1,235.0,-2.2047489852595894,-5.730947892270377,1.2872832078933276,64,refresh_plus_elapsed_time_plus_block_order; not pure liquid causal effect
block3_minus_block2_across_liquid_refresh,linear_drift_corrected,0.1,240.0,-2.2529496774394477,-5.2588845781182885,0.14672713128114268,64,refresh_plus_elapsed_time_plus_block_order; not pure liquid causal effect
block3_minus_block2_across_liquid_refresh,linear_drift_corrected,0.1,245.0,-1.2360944652389882,-3.4373780940221996,1.434559153130925,64,refresh_plus_elapsed_time_plus_block_order; not pure liquid causal effect
block3_minus_block2_across_liquid_refresh,linear_drift_corrected,0.1,250.0,-1.3434829781295732,-3.6826855673786847,0.17729237689440314,64,refresh_plus_elapsed_time_plus_block_order; not pure liquid causal effect
block3_minus_block2_across_liquid_refresh,linear_drift_corrected,0.1,255.0,-1.6868591730663587,-3.9949736008473393,1.7606958796899779,64,refresh_plus_elapsed_time_plus_block_order; not pure liquid causal effect
block3_minus_block2_across_liquid_refresh,linear_drift_corrected,0.1,260.0,-0.5205413131473189,-3.37057784608215,1.5043913193012726,64,refresh_plus_elapsed_time_plus_block_order; not pure liquid causal effect
block3_minus_block2_across_liquid_refresh,linear_drift_corrected,0.1,265.0,-0.6120689620802668,-2.053494781188356,0.82139765573257,64,refresh_plus_elapsed_time_plus_block_order; not pure liquid causal effect
block3_minus_block2_across_liquid_refresh,linear_drift_corrected,0.1,270.0,-0.03651004877681063,-1.5540113970395186,1.3741329513641432,64,refresh_plus_elapsed_time_plus_block_order; not pure liquid causal effect
block3_minus_block2_across_liquid_refresh,linear_drift_corrected,0.1,275.0,0.11183749136228582,-1.1930714509791627,1.3279258188441003,64,refresh_plus_elapsed_time_plus_block_order; not pure liquid causal effect
block3_minus_block2_across_liquid_refresh,linear_drift_corrected,0.1,280.0,-0.16599528972497365,-1.299047909485807,1.4409041483465068,64,refresh_plus_elapsed_time_plus_block_order; not pure liquid causal effect
block3_minus_block2_across_liquid_refresh,linear_drift_corrected,0.1,285.0,0.30769575173782443,-1.4092448566513005,2.232640835479816,64,refresh_plus_elapsed_time_plus_block_order; not pure liquid causal effect
block3_minus_block2_across_liquid_refresh,linear_drift_corrected,0.1,290.0,-0.17840603152228118,-1.6311869091758717,1.073415675515343,64,refresh_plus_elapsed_time_plus_block_order; not pure liquid causal effect
block3_minus_block2_across_liquid_refresh,linear_drift_corrected,0.1,295.0,-0.5576933322563881,-1.825757280264973,1.4240347523901304,64,refresh_plus_elapsed_time_plus_block_order; not pure liquid causal effect
block3_minus_block2_across_liquid_refresh,linear_drift_corrected,0.1,300.0,-0.1416077663400639,-2.1125793744038637,1.780647234929814,64,refresh_plus_elapsed_time_plus_block_order; not pure liquid causal effect
block3_minus_block2_across_liquid_refresh,linear_drift_corrected,0.1,305.0,-0.12702577417101957,-1.272012487558086,1.5596291621352387,64,refresh_plus_elapsed_time_plus_block_order; not pure liquid causal effect
block3_minus_block2_across_liquid_refresh,linear_drift_corrected,0.1,310.0,0.3535320450150005,-1.1285533905969203,2.216541317072129,64,refresh_plus_elapsed_time_plus_block_order; not pure liquid causal effect
block3_minus_block2_across_liquid_refresh,linear_drift_corrected,0.1,315.0,0.44728610200945285,-0.640415178636584,1.9283219906477769,64,refresh_plus_elapsed_time_plus_block_order; not pure liquid causal effect
block3_minus_block2_across_liquid_refresh,linear_drift_corrected,0.1,320.0,0.4083402203068346,-0.7783423840158983,1.8075737158832335,64,refresh_plus_elapsed_time_plus_block_order; not pure liquid causal effect
block3_minus_block2_across_liquid_refresh,linear_drift_corrected,0.1,325.0,1.2023565658062565,-0.39237547567574127,2.547310618823529,64,refresh_plus_elapsed_time_plus_block_order; not pure liquid causal effect
block3_minus_block2_across_liquid_refresh,linear_drift_corrected,0.1,330.0,0.46336946377298116,-0.8519057361538491,1.6312244704106216,64,refresh_plus_elapsed_time_plus_block_order; not pure liquid causal effect
block3_minus_block2_across_liquid_refresh,linear_drift_corrected,0.1,335.0,0.02651861833910943,-1.08624881563964,1.0609844120279306,64,refresh_plus_elapsed_time_plus_block_order; not pure liquid causal effect
block3_minus_block2_across_liquid_refresh,linear_drift_corrected,0.1,340.0,-0.06028788685728914,-1.1273326994650423,1.349811790503764,63,refresh_plus_elapsed_time_plus_block_order; not pure liquid causal effect
block3_minus_block2_across_liquid_refresh,linear_drift_corrected,0.1,345.0,-0.22934654234584917,-1.7768115572700132,1.5017916145084462,63,refresh_plus_elapsed_time_plus_block_order; not pure liquid causal effect
block3_minus_block2_across_liquid_refresh,linear_drift_corrected,0.1,350.0,-0.8045804749692501,-2.1983112788575085,0.7340707711314722,62,refresh_plus_elapsed_time_plus_block_order; not pure liquid causal effect
block3_minus_block2_across_liquid_refresh,linear_drift_corrected,0.1,355.0,-0.545856555606552,-1.8410703151877752,0.2760221487557839,59,refresh_plus_elapsed_time_plus_block_order; not pure liquid causal effect
block3_minus_block2_across_liquid_refresh,linear_drift_corrected,0.1,360.0,-1.954690666610053,-3.2591694105943327,0.15225161515335728,49,refresh_plus_elapsed_time_plus_block_order; not pure liquid causal effect
block3_minus_block2_across_liquid_refresh,linear_drift_corrected,0.2,5.0,544.6904862611582,-74.93049877077488,1099.1278178808075,64,refresh_plus_elapsed_time_plus_block_order; not pure liquid causal effect
block3_minus_block2_across_liquid_refresh,linear_drift_corrected,0.2,10.0,219.9527000166604,-247.70935047581463,567.6943678744094,64,refresh_plus_elapsed_time_plus_block_order; not pure liquid causal effect
block3_minus_block2_across_liquid_refresh,linear_drift_corrected,0.2,15.0,34.99078772950588,-266.2156741619997,267.6322327896221,64,refresh_plus_elapsed_time_plus_block_order; not pure liquid causal effect
block3_minus_block2_across_liquid_refresh,linear_drift_corrected,0.2,20.0,-31.45801848628207,-231.7423134905015,145.56210234125933,64,refresh_plus_elapsed_time_plus_block_order; not pure liquid causal effect
block3_minus_block2_across_liquid_refresh,linear_drift_corrected,0.2,25.0,-59.576392420312345,-192.8148378522081,70.33810718090189,64,refresh_plus_elapsed_time_plus_block_order; not pure liquid causal effect
block3_minus_block2_across_liquid_refresh,linear_drift_corrected,0.2,30.0,-70.09671660970275,-164.03612731735842,32.6510401264307,64,refresh_plus_elapsed_time_plus_block_order; not pure liquid causal effect
block3_minus_block2_across_liquid_refresh,linear_drift_corrected,0.2,35.0,-59.00924695598769,-138.95716429391274,12.713634437122892,64,refresh_plus_elapsed_time_plus_block_order; not pure liquid causal effect
block3_minus_block2_across_liquid_refresh,linear_drift_corrected,0.2,40.0,-54.31966518183316,-119.64322394973988,-0.1996782774054111,64,refresh_plus_elapsed_time_plus_block_order; not pure liquid causal effect
block3_minus_block2_across_liquid_refresh,linear_drift_corrected,0.2,45.0,-49.357889595143604,-102.94709775953828,1.136624450016086,64,refresh_plus_elapsed_time_plus_block_order; not pure liquid causal effect
block3_minus_block2_across_liquid_refresh,linear_drift_corrected,0.2,50.0,-35.84260383076838,-83.73751811518412,-5.97075323457662,64,refresh_plus_elapsed_time_plus_block_order; not pure liquid causal effect
block3_minus_block2_across_liquid_refresh,linear_drift_corrected,0.2,55.0,-35.62996328764288,-70.79589240777777,-4.819205642163254,64,refresh_plus_elapsed_time_plus_block_order; not pure liquid causal effect
block3_minus_block2_across_liquid_refresh,linear_drift_corrected,0.2,60.0,-26.18277477176551,-61.02770655017228,-8.028194776761467,64,refresh_plus_elapsed_time_plus_block_order; not pure liquid causal effect
block3_minus_block2_across_liquid_refresh,linear_drift_corrected,0.2,65.0,-24.28280891755594,-49.72792594856277,-3.949440625855857,64,refresh_plus_elapsed_time_plus_block_order; not pure liquid causal effect
block3_minus_block2_across_liquid_refresh,linear_drift_corrected,0.2,70.0,-18.744664987692644,-42.59441827002537,-3.035212094299254,64,refresh_plus_elapsed_time_plus_block_order; not pure liquid causal effect
block3_minus_block2_across_liquid_refresh,linear_drift_corrected,0.2,75.0,-14.518893001272517,-34.59612335250824,-1.4272995201435847,64,refresh_plus_elapsed_time_plus_block_order; not pure liquid causal effect
block3_minus_block2_across_liquid_refresh,linear_drift_corrected,0.2,80.0,-13.465990458292268,-26.767932298530756,-1.8371824192479593,64,refresh_plus_elapsed_time_plus_block_order; not pure liquid causal effect
block3_minus_block2_across_liquid_refresh,linear_drift_corrected,0.2,85.0,-10.4806981739833,-22.669349779668597,1.1678663301992955,64,refresh_plus_elapsed_time_plus_block_order; not pure liquid causal effect
block3_minus_block2_across_liquid_refresh,linear_drift_corrected,0.2,90.0,-8.333024194520846,-20.866029902036388,0.6469226881984476,64,refresh_plus_elapsed_time_plus_block_order; not pure liquid causal effect
block3_minus_block2_across_liquid_refresh,linear_drift_corrected,0.2,95.0,-6.849514962174123,-18.510335321086274,-0.07260622301026487,64,refresh_plus_elapsed_time_plus_block_order; not pure liquid causal effect
block3_minus_block2_across_liquid_refresh,linear_drift_corrected,0.2,100.0,-5.899427570924342,-16.24937244873535,1.4994894327057047,64,refresh_plus_elapsed_time_plus_block_order; not pure liquid causal effect
block3_minus_block2_across_liquid_refresh,linear_drift_corrected,0.2,105.0,-5.385987928673181,-14.89177487799222,1.3542130282458213,64,refresh_plus_elapsed_time_plus_block_order; not pure liquid causal effect
block3_minus_block2_across_liquid_refresh,linear_drift_corrected,0.2,110.0,-4.496072287453696,-12.844616225539399,1.8843734282455493,64,refresh_plus_elapsed_time_plus_block_order; not pure liquid causal effect
block3_minus_block2_across_liquid_refresh,linear_drift_corrected,0.2,115.0,-2.72366732796446,-11.520510853689231,3.5502610869300906,64,refresh_plus_elapsed_time_plus_block_order; not pure liquid causal effect
block3_minus_block2_across_liquid_refresh,linear_drift_corrected,0.2,120.0,-3.453781224656934,-11.84242802925679,3.7172275284417946,64,refresh_plus_elapsed_time_plus_block_order; not pure liquid causal effect
block3_minus_block2_across_liquid_refresh,linear_drift_corrected,0.2,125.0,-3.86038436685514,-9.517152144179544,3.873062698199167,64,refresh_plus_elapsed_time_plus_block_order; not pure liquid causal effect
block3_minus_block2_across_liquid_refresh,linear_drift_corrected,0.2,130.0,-3.430604883213949,-9.968420041739293,3.8451158972241726,64,refresh_plus_elapsed_time_plus_block_order; not pure liquid causal effect
block3_minus_block2_across_liquid_refresh,linear_drift_corrected,0.2,135.0,-2.935655789149499,-11.165883256837834,3.9208457560836303,64,refresh_plus_elapsed_time_plus_block_order; not pure liquid causal effect
block3_minus_block2_across_liquid_refresh,linear_drift_corrected,0.2,140.0,-2.9125199447442442,-10.077431468264576,2.472806234339426,64,refresh_plus_elapsed_time_plus_block_order; not pure liquid causal effect
block3_minus_block2_across_liquid_refresh,linear_drift_corrected,0.2,145.0,-3.249058399601,-8.55013424906647,3.674508852816217,64,refresh_plus_elapsed_time_plus_block_order; not pure liquid causal effect
block3_minus_block2_across_liquid_refresh,linear_drift_corrected,0.2,150.0,-2.454066778197876,-8.630552827828048,2.31714628722968,64,refresh_plus_elapsed_time_plus_block_order; not pure liquid causal effect
block3_minus_block2_across_liquid_refresh,linear_drift_corrected,0.2,155.0,-2.551837848125304,-8.564127986472165,1.230794665912426,64,refresh_plus_elapsed_time_plus_block_order; not pure liquid causal effect
block3_minus_block2_across_liquid_refresh,linear_drift_corrected,0.2,160.0,-2.3586892212275883,-8.269269814006732,1.353917365594238,64,refresh_plus_elapsed_time_plus_block_order; not pure liquid causal effect
block3_minus_block2_across_liquid_refresh,linear_drift_corrected,0.2,165.0,-1.65828091064872,-5.754279956890882,2.314841931157357,64,refresh_plus_elapsed_time_plus_block_order; not pure liquid causal effect
block3_minus_block2_across_liquid_refresh,linear_drift_corrected,0.2,170.0,-1.8159243209322722,-6.699370489294422,2.285507924478527,64,refresh_plus_elapsed_time_plus_block_order; not pure liquid causal effect
block3_minus_block2_across_liquid_refresh,linear_drift_corrected,0.2,175.0,-1.840786591003718,-7.683056431710774,2.788000985243671,64,refresh_plus_elapsed_time_plus_block_order; not pure liquid causal effect
block3_minus_block2_across_liquid_refresh,linear_drift_corrected,0.2,180.0,-2.5654460810356916,-7.503368547183496,2.0824326692116037,64,refresh_plus_elapsed_time_plus_block_order; not pure liquid causal effect
block3_minus_block2_across_liquid_refresh,linear_drift_corrected,0.2,185.0,-2.1837623781431654,-6.647030602373909,2.1456657305237723,64,refresh_plus_elapsed_time_plus_block_order; not pure liquid causal effect
block3_minus_block2_across_liquid_refresh,linear_drift_corrected,0.2,190.0,-2.123286609858699,-7.356289073114015,1.1181654799346636,64,refresh_plus_elapsed_time_plus_block_order; not pure liquid causal effect
block3_minus_block2_across_liquid_refresh,linear_drift_corrected,0.2,195.0,-3.046534499910744,-6.2277396555336315,2.366272940499372,64,refresh_plus_elapsed_time_plus_block_order; not pure liquid causal effect
block3_minus_block2_across_liquid_refresh,linear_drift_corrected,0.2,200.0,-3.2595141812217094,-7.106836681261722,1.4547666939883321,64,refresh_plus_elapsed_time_plus_block_order; not pure liquid causal effect
block3_minus_block2_across_liquid_refresh,linear_drift_corrected,0.2,205.0,-2.034309293904808,-6.596331865838666,3.2994370966398634,64,refresh_plus_elapsed_time_plus_block_order; not pure liquid causal effect
block3_minus_block2_across_liquid_refresh,linear_drift_corrected,0.2,210.0,-2.8698152987697796,-5.600569301779027,1.9067117883054567,64,refresh_plus_elapsed_time_plus_block_order; not pure liquid causal effect
block3_minus_block2_across_liquid_refresh,linear_drift_corrected,0.2,215.0,-2.296793409416389,-6.468853145152758,2.671758472316224,64,refresh_plus_elapsed_time_plus_block_order; not pure liquid causal effect
block3_minus_block2_across_liquid_refresh,linear_drift_corrected,0.2,220.0,-1.5993198547067162,-5.168307453119404,2.7124684726592765,64,refresh_plus_elapsed_time_plus_block_order; not pure liquid causal effect
block3_minus_block2_across_liquid_refresh,linear_drift_corrected,0.2,225.0,-1.404919487269748,-3.733457481302978,2.290301261116013,64,refresh_plus_elapsed_time_plus_block_order; not pure liquid causal effect
block3_minus_block2_across_liquid_refresh,linear_drift_corrected,0.2,230.0,-1.091503547599432,-4.285036611885349,1.3307816245500832,64,refresh_plus_elapsed_time_plus_block_order; not pure liquid causal effect
block3_minus_block2_across_liquid_refresh,linear_drift_corrected,0.2,235.0,-0.5746694630236252,-3.7788576702681143,1.6334911528848346,64,refresh_plus_elapsed_time_plus_block_order; not pure liquid causal effect
block3_minus_block2_across_liquid_refresh,linear_drift_corrected,0.2,240.0,-0.4061286722072555,-3.3844937135539714,3.012272090999807,64,refresh_plus_elapsed_time_plus_block_order; not pure liquid causal effect
block3_minus_block2_across_liquid_refresh,linear_drift_corrected,0.2,245.0,-0.3996354914123216,-3.6683759777715963,2.0262317188623604,64,refresh_plus_elapsed_time_plus_block_order; not pure liquid causal effect
block3_minus_block2_across_liquid_refresh,linear_drift_corrected,0.2,250.0,-0.6818730794751197,-3.2463579360728207,1.653685841433798,64,refresh_plus_elapsed_time_plus_block_order; not pure liquid causal effect
block3_minus_block2_across_liquid_refresh,linear_drift_corrected,0.2,255.0,-0.9344675404429105,-2.9506572569270837,2.2472989116873276,64,refresh_plus_elapsed_time_plus_block_order; not pure liquid causal effect
block3_minus_block2_across_liquid_refresh,linear_drift_corrected,0.2,260.0,0.07145767175557327,-2.048201565812718,1.956340289955,64,refresh_plus_elapsed_time_plus_block_order; not pure liquid causal effect
block3_minus_block2_across_liquid_refresh,linear_drift_corrected,0.2,265.0,-0.029092727855259515,-1.9186858765559176,1.276700427892269,64,refresh_plus_elapsed_time_plus_block_order; not pure liquid causal effect
block3_minus_block2_across_liquid_refresh,linear_drift_corrected,0.2,270.0,-0.16787427554247203,-1.9271325902473242,1.2761169382435715,64,refresh_plus_elapsed_time_plus_block_order; not pure liquid causal effect
block3_minus_block2_across_liquid_refresh,linear_drift_corrected,0.2,275.0,0.7250426391631098,-0.7675195195881128,2.548346115143399,64,refresh_plus_elapsed_time_plus_block_order; not pure liquid causal effect
block3_minus_block2_across_liquid_refresh,linear_drift_corrected,0.2,280.0,0.42603139065392565,-1.0412628539814714,1.631025835299996,64,refresh_plus_elapsed_time_plus_block_order; not pure liquid causal effect
block3_minus_block2_across_liquid_refresh,linear_drift_corrected,0.2,285.0,-0.20771656138398892,-1.5320423665038754,1.2125674453775714,64,refresh_plus_elapsed_time_plus_block_order; not pure liquid causal effect
block3_minus_block2_across_liquid_refresh,linear_drift_corrected,0.2,290.0,0.24097126828767218,-0.9699089863132632,2.601327590479877,64,refresh_plus_elapsed_time_plus_block_order; not pure liquid causal effect
block3_minus_block2_across_liquid_refresh,linear_drift_corrected,0.2,295.0,-0.08856243346873965,-1.7894561027370068,1.9743132176401734,64,refresh_plus_elapsed_time_plus_block_order; not pure liquid causal effect
block3_minus_block2_across_liquid_refresh,linear_drift_corrected,0.2,300.0,0.3045673393628491,-1.6792935835706158,1.6247578570065047,64,refresh_plus_elapsed_time_plus_block_order; not pure liquid causal effect
block3_minus_block2_across_liquid_refresh,linear_drift_corrected,0.2,305.0,0.12848571722171748,-1.311260636500563,1.349910248636291,64,refresh_plus_elapsed_time_plus_block_order; not pure liquid causal effect
block3_minus_block2_across_liquid_refresh,linear_drift_corrected,0.2,310.0,0.01831363142835879,-1.2865925917551708,1.5186865923370805,64,refresh_plus_elapsed_time_plus_block_order; not pure liquid causal effect
block3_minus_block2_across_liquid_refresh,linear_drift_corrected,0.2,315.0,-0.221744634326894,-2.4552528329811394,1.8817376242358104,64,refresh_plus_elapsed_time_plus_block_order; not pure liquid causal effect
block3_minus_block2_across_liquid_refresh,linear_drift_corrected,0.2,320.0,-0.44199240756466684,-1.6006539671391298,1.4627970965184738,64,refresh_plus_elapsed_time_plus_block_order; not pure liquid causal effect
block3_minus_block2_across_liquid_refresh,linear_drift_corrected,0.2,325.0,-0.10150756487458967,-1.6517625030421454,1.3506367328682685,64,refresh_plus_elapsed_time_plus_block_order; not pure liquid causal effect
block3_minus_block2_across_liquid_refresh,linear_drift_corrected,0.2,330.0,0.19050200154201666,-1.1471664826609587,1.9518629224639432,64,refresh_plus_elapsed_time_plus_block_order; not pure liquid causal effect
block3_minus_block2_across_liquid_refresh,linear_drift_corrected,0.2,335.0,0.060538780359953304,-1.4678250777959687,1.4086235250164094,63,refresh_plus_elapsed_time_plus_block_order; not pure liquid causal effect
block3_minus_block2_across_liquid_refresh,linear_drift_corrected,0.2,340.0,0.37461996140795195,-0.9009423775809631,2.5534922808891145,63,refresh_plus_elapsed_time_plus_block_order; not pure liquid causal effect
block3_minus_block2_across_liquid_refresh,linear_drift_corrected,0.2,345.0,-0.174186479424002,-1.9522552245507625,1.2239423392872535,63,refresh_plus_elapsed_time_plus_block_order; not pure liquid causal effect
block3_minus_block2_across_liquid_refresh,linear_drift_corrected,0.2,350.0,-0.05451781908558104,-2.059534335160845,1.2930545227600014,61,refresh_plus_elapsed_time_plus_block_order; not pure liquid causal effect
block3_minus_block2_across_liquid_refresh,linear_drift_corrected,0.2,355.0,-0.8041866665217319,-3.150653601889678,0.7520129006318399,59,refresh_plus_elapsed_time_plus_block_order; not pure liquid causal effect
block3_minus_block2_across_liquid_refresh,linear_drift_corrected,0.2,360.0,-0.9835422053273313,-2.5810281769452192,1.556102780808419,51,refresh_plus_elapsed_time_plus_block_order; not pure liquid causal effect
block3_minus_block2_across_liquid_refresh,far_constant_referenced,0.05,5.0,482.1307285913208,19.76133678477663,801.9066264262437,64,refresh_plus_elapsed_time_plus_block_order; not pure liquid causal effect
block3_minus_block2_across_liquid_refresh,far_constant_referenced,0.05,10.0,278.81645212014973,-168.76856823852518,495.3642676749366,64,refresh_plus_elapsed_time_plus_block_order; not pure liquid causal effect
block3_minus_block2_across_liquid_refresh,far_constant_referenced,0.05,15.0,21.411085477689994,-218.98508811865213,178.56688801526286,64,refresh_plus_elapsed_time_plus_block_order; not pure liquid causal effect
block3_minus_block2_across_liquid_refresh,far_constant_referenced,0.05,20.0,-60.572033863386196,-226.29774614769212,55.18948841773022,64,refresh_plus_elapsed_time_plus_block_order; not pure liquid causal effect
block3_minus_block2_across_liquid_refresh,far_constant_referenced,0.05,25.0,-80.74692653917475,-214.22146753383203,8.026362857889978,64,refresh_plus_elapsed_time_plus_block_order; not pure liquid causal effect
block3_minus_block2_across_liquid_refresh,far_constant_referenced,0.05,30.0,-87.17754500498404,-196.42524650493777,-16.560966554318213,64,refresh_plus_elapsed_time_plus_block_order; not pure liquid causal effect
block3_minus_block2_across_liquid_refresh,far_constant_referenced,0.05,35.0,-76.60919403537298,-166.8962399897863,-29.595794041094848,64,refresh_plus_elapsed_time_plus_block_order; not pure liquid causal effect
block3_minus_block2_across_liquid_refresh,far_constant_referenced,0.05,40.0,-69.55948145348287,-141.46978761191266,-33.744831013652686,64,refresh_plus_elapsed_time_plus_block_order; not pure liquid causal effect
block3_minus_block2_across_liquid_refresh,far_constant_referenced,0.05,45.0,-62.46067297287584,-113.09523549271177,-34.55351772905493,64,refresh_plus_elapsed_time_plus_block_order; not pure liquid causal effect
block3_minus_block2_across_liquid_refresh,far_constant_referenced,0.05,50.0,-55.47589501740049,-95.74978869246888,-33.302477975806056,64,refresh_plus_elapsed_time_plus_block_order; not pure liquid causal effect
block3_minus_block2_across_liquid_refresh,far_constant_referenced,0.05,55.0,-49.5957777524456,-81.90648828638942,-30.759759394078984,64,refresh_plus_elapsed_time_plus_block_order; not pure liquid causal effect
block3_minus_block2_across_liquid_refresh,far_constant_referenced,0.05,60.0,-42.33128323357758,-68.13731573899925,-28.796098639428777,64,refresh_plus_elapsed_time_plus_block_order; not pure liquid causal effect
block3_minus_block2_across_liquid_refresh,far_constant_referenced,0.05,65.0,-38.279425496371516,-57.95125298086242,-26.218213568739273,64,refresh_plus_elapsed_time_plus_block_order; not pure liquid causal effect
block3_minus_block2_across_liquid_refresh,far_constant_referenced,0.05,70.0,-33.75200802993429,-46.361978126332545,-20.47866723914558,64,refresh_plus_elapsed_time_plus_block_order; not pure liquid causal effect
block3_minus_block2_across_liquid_refresh,far_constant_referenced,0.05,75.0,-30.458366281718767,-41.466510674763896,-20.505442231206075,64,refresh_plus_elapsed_time_plus_block_order; not pure liquid causal effect
block3_minus_block2_across_liquid_refresh,far_constant_referenced,0.05,80.0,-25.69623039203381,-34.62271639989694,-15.872094736292546,64,refresh_plus_elapsed_time_plus_block_order; not pure liquid causal effect
block3_minus_block2_across_liquid_refresh,far_constant_referenced,0.05,85.0,-22.33300989102208,-31.06321920206702,-15.33804098814145,64,refresh_plus_elapsed_time_plus_block_order; not pure liquid causal effect
block3_minus_block2_across_liquid_refresh,far_constant_referenced,0.05,90.0,-21.23789282082779,-26.481435169184472,-14.181496141440764,64,refresh_plus_elapsed_time_plus_block_order; not pure liquid causal effect
block3_minus_block2_across_liquid_refresh,far_constant_referenced,0.05,95.0,-19.81025748946753,-25.34835444439384,-16.204120078673796,64,refresh_plus_elapsed_time_plus_block_order; not pure liquid causal effect
block3_minus_block2_across_liquid_refresh,far_constant_referenced,0.05,100.0,-18.82773375951444,-23.174303480974324,-13.613389425678239,64,refresh_plus_elapsed_time_plus_block_order; not pure liquid causal effect
block3_minus_block2_across_liquid_refresh,far_constant_referenced,0.05,105.0,-15.75155827708042,-21.6945998912374,-12.543440907408623,64,refresh_plus_elapsed_time_plus_block_order; not pure liquid causal effect
block3_minus_block2_across_liquid_refresh,far_constant_referenced,0.05,110.0,-16.92063098132838,-20.519822988281597,-11.943226174661472,64,refresh_plus_elapsed_time_plus_block_order; not pure liquid causal effect
block3_minus_block2_across_liquid_refresh,far_constant_referenced,0.05,115.0,-15.278926366655028,-20.31814793995361,-11.69668066997022,64,refresh_plus_elapsed_time_plus_block_order; not pure liquid causal effect
block3_minus_block2_across_liquid_refresh,far_constant_referenced,0.05,120.0,-15.14902148114231,-18.679368174695846,-11.366811104924706,64,refresh_plus_elapsed_time_plus_block_order; not pure liquid causal effect
block3_minus_block2_across_liquid_refresh,far_constant_referenced,0.05,125.0,-14.571558216640483,-17.689691183583275,-11.628173867061049,64,refresh_plus_elapsed_time_plus_block_order; not pure liquid causal effect
block3_minus_block2_across_liquid_refresh,far_constant_referenced,0.05,130.0,-13.20932073657697,-17.340609663493886,-10.240672814584308,64,refresh_plus_elapsed_time_plus_block_order; not pure liquid causal effect
block3_minus_block2_across_liquid_refresh,far_constant_referenced,0.05,135.0,-13.07141037489766,-17.76288368433763,-10.697617436215573,64,refresh_plus_elapsed_time_plus_block_order; not pure liquid causal effect
block3_minus_block2_across_liquid_refresh,far_constant_referenced,0.05,140.0,-12.58272000189445,-16.83658238974838,-9.003636705846684,64,refresh_plus_elapsed_time_plus_block_order; not pure liquid causal effect
block3_minus_block2_across_liquid_refresh,far_constant_referenced,0.05,145.0,-11.944419869549886,-15.888408566433661,-8.900239567270258,64,refresh_plus_elapsed_time_plus_block_order; not pure liquid causal effect
block3_minus_block2_across_liquid_refresh,far_constant_referenced,0.05,150.0,-11.692865003473806,-15.64089207112412,-8.56091546360659,64,refresh_plus_elapsed_time_plus_block_order; not pure liquid causal effect
block3_minus_block2_across_liquid_refresh,far_constant_referenced,0.05,155.0,-12.32000022840488,-15.32780549988227,-8.0834107837489,64,refresh_plus_elapsed_time_plus_block_order; not pure liquid causal effect
block3_minus_block2_across_liquid_refresh,far_constant_referenced,0.05,160.0,-11.879972223139344,-15.57083227710414,-8.652743857692743,64,refresh_plus_elapsed_time_plus_block_order; not pure liquid causal effect
block3_minus_block2_across_liquid_refresh,far_constant_referenced,0.05,165.0,-12.140744076612062,-15.5932125715658,-7.893660806743522,64,refresh_plus_elapsed_time_plus_block_order; not pure liquid causal effect
block3_minus_block2_across_liquid_refresh,far_constant_referenced,0.05,170.0,-11.947846545920802,-15.203183159659012,-7.466870343299633,64,refresh_plus_elapsed_time_plus_block_order; not pure liquid causal effect
block3_minus_block2_across_liquid_refresh,far_constant_referenced,0.05,175.0,-10.10982366296587,-14.027025490227924,-7.677542644144306,64,refresh_plus_elapsed_time_plus_block_order; not pure liquid causal effect
block3_minus_block2_across_liquid_refresh,far_constant_referenced,0.05,180.0,-10.871697940768556,-13.066439615586376,-6.766064545780787,64,refresh_plus_elapsed_time_plus_block_order; not pure liquid causal effect
block3_minus_block2_across_liquid_refresh,far_constant_referenced,0.05,185.0,-9.100343808145682,-11.896375134988391,-5.9021709264867495,64,refresh_plus_elapsed_time_plus_block_order; not pure liquid causal effect
block3_minus_block2_across_liquid_refresh,far_constant_referenced,0.05,190.0,-9.13632094065158,-11.756980078174085,-6.771667785219432,64,refresh_plus_elapsed_time_plus_block_order; not pure liquid causal effect
block3_minus_block2_across_liquid_refresh,far_constant_referenced,0.05,195.0,-9.37374744782523,-12.005123114830536,-6.170099010509221,64,refresh_plus_elapsed_time_plus_block_order; not pure liquid causal effect
block3_minus_block2_across_liquid_refresh,far_constant_referenced,0.05,200.0,-8.372973845275371,-11.55096675066224,-6.011866141824887,64,refresh_plus_elapsed_time_plus_block_order; not pure liquid causal effect
block3_minus_block2_across_liquid_refresh,far_constant_referenced,0.05,205.0,-8.36057961029018,-10.889327210798966,-4.758020314771226,64,refresh_plus_elapsed_time_plus_block_order; not pure liquid causal effect
block3_minus_block2_across_liquid_refresh,far_constant_referenced,0.05,210.0,-7.875292158536012,-10.172311511798515,-5.133478928625217,64,refresh_plus_elapsed_time_plus_block_order; not pure liquid causal effect
block3_minus_block2_across_liquid_refresh,far_constant_referenced,0.05,215.0,-6.83807225981749,-10.303965368179952,-4.026332858448946,64,refresh_plus_elapsed_time_plus_block_order; not pure liquid causal effect
block3_minus_block2_across_liquid_refresh,far_constant_referenced,0.05,220.0,-7.182984755968595,-9.351833347635743,-4.031060127758104,64,refresh_plus_elapsed_time_plus_block_order; not pure liquid causal effect
block3_minus_block2_across_liquid_refresh,far_constant_referenced,0.05,225.0,-5.579478377722921,-8.698730804797382,-3.185143197156096,64,refresh_plus_elapsed_time_plus_block_order; not pure liquid causal effect
block3_minus_block2_across_liquid_refresh,far_constant_referenced,0.05,230.0,-5.547842493791062,-8.470164958188352,-3.045178017410101,64,refresh_plus_elapsed_time_plus_block_order; not pure liquid causal effect
block3_minus_block2_across_liquid_refresh,far_constant_referenced,0.05,235.0,-5.13576832852309,-8.594220144869896,-2.3059334628518036,64,refresh_plus_elapsed_time_plus_block_order; not pure liquid causal effect
block3_minus_block2_across_liquid_refresh,far_constant_referenced,0.05,240.0,-5.269854115535328,-7.542539315538843,-2.347638549187783,64,refresh_plus_elapsed_time_plus_block_order; not pure liquid causal effect
block3_minus_block2_across_liquid_refresh,far_constant_referenced,0.05,245.0,-3.8679515202511543,-7.070875426341397,-1.7818034169814017,64,refresh_plus_elapsed_time_plus_block_order; not pure liquid causal effect
block3_minus_block2_across_liquid_refresh,far_constant_referenced,0.05,250.0,-4.369766598245759,-6.705239555499044,-2.0966894387265755,64,refresh_plus_elapsed_time_plus_block_order; not pure liquid causal effect
block3_minus_block2_across_liquid_refresh,far_constant_referenced,0.05,255.0,-3.7309913634580036,-6.29283281852091,-2.1632661379603526,64,refresh_plus_elapsed_time_plus_block_order; not pure liquid causal effect
block3_minus_block2_across_liquid_refresh,far_constant_referenced,0.05,260.0,-3.485072400113536,-5.606719564055852,-1.7628527682811241,64,refresh_plus_elapsed_time_plus_block_order; not pure liquid causal effect
block3_minus_block2_across_liquid_refresh,far_constant_referenced,0.05,265.0,-3.794981723767,-5.377212420731268,-1.7485046744985757,64,refresh_plus_elapsed_time_plus_block_order; not pure liquid causal effect
block3_minus_block2_across_liquid_refresh,far_constant_referenced,0.05,270.0,-1.9574755147189384,-4.26153232292018,-0.7350874081809669,64,refresh_plus_elapsed_time_plus_block_order; not pure liquid causal effect
block3_minus_block2_across_liquid_refresh,far_constant_referenced,0.05,275.0,-2.571913626857399,-4.143056620555075,-0.30832960803002324,64,refresh_plus_elapsed_time_plus_block_order; not pure liquid causal effect
block3_minus_block2_across_liquid_refresh,far_constant_referenced,0.05,280.0,-1.957208269594578,-3.766906138768279,-0.09329824226965487,64,refresh_plus_elapsed_time_plus_block_order; not pure liquid causal effect
block3_minus_block2_across_liquid_refresh,far_constant_referenced,0.05,285.0,-1.5008783117491533,-3.5421143871918357,0.475337024960929,64,refresh_plus_elapsed_time_plus_block_order; not pure liquid causal effect
block3_minus_block2_across_liquid_refresh,far_constant_referenced,0.05,290.0,-1.1919429481041397,-3.1550781206766993,0.8164724566889566,64,refresh_plus_elapsed_time_plus_block_order; not pure liquid causal effect
block3_minus_block2_across_liquid_refresh,far_constant_referenced,0.05,295.0,-0.6295344922689028,-2.0255784805512826,0.6787818298895105,64,refresh_plus_elapsed_time_plus_block_order; not pure liquid causal effect
block3_minus_block2_across_liquid_refresh,far_constant_referenced,0.05,300.0,-0.8387280367593735,-2.6412399814807648,0.6388078980807875,64,refresh_plus_elapsed_time_plus_block_order; not pure liquid causal effect
block3_minus_block2_across_liquid_refresh,far_constant_referenced,0.05,305.0,-0.4356630015693237,-1.561441995687048,1.775018360215566,64,refresh_plus_elapsed_time_plus_block_order; not pure liquid causal effect
block3_minus_block2_across_liquid_refresh,far_constant_referenced,0.05,310.0,0.8124726879959202,-0.8770628651394414,1.9402857144483912,64,refresh_plus_elapsed_time_plus_block_order; not pure liquid causal effect
block3_minus_block2_across_liquid_refresh,far_constant_referenced,0.05,315.0,0.6431521160450349,-0.9799522379797191,2.919361982298506,64,refresh_plus_elapsed_time_plus_block_order; not pure liquid causal effect
block3_minus_block2_across_liquid_refresh,far_constant_referenced,0.05,320.0,0.569944768339363,-0.9725347010863029,3.4114790316726866,64,refresh_plus_elapsed_time_plus_block_order; not pure liquid causal effect
block3_minus_block2_across_liquid_refresh,far_constant_referenced,0.05,325.0,1.1527826292292125,0.0635004109145357,2.4918648039705023,64,refresh_plus_elapsed_time_plus_block_order; not pure liquid causal effect
block3_minus_block2_across_liquid_refresh,far_constant_referenced,0.05,330.0,1.3887244412678454,0.05702120134632674,3.4682775287489465,64,refresh_plus_elapsed_time_plus_block_order; not pure liquid causal effect
block3_minus_block2_across_liquid_refresh,far_constant_referenced,0.05,335.0,1.4439491615011275,0.047911111999300676,3.32937242132919,64,refresh_plus_elapsed_time_plus_block_order; not pure liquid causal effect
block3_minus_block2_across_liquid_refresh,far_constant_referenced,0.05,340.0,2.1717645329119866,0.11869246785480025,3.4534602713037756,63,refresh_plus_elapsed_time_plus_block_order; not pure liquid causal effect
block3_minus_block2_across_liquid_refresh,far_constant_referenced,0.05,345.0,2.17031547046039,0.7786721185575292,3.782688448050969,62,refresh_plus_elapsed_time_plus_block_order; not pure liquid causal effect
block3_minus_block2_across_liquid_refresh,far_constant_referenced,0.05,350.0,2.9477018430312665,1.467781487804606,4.128473944941334,61,refresh_plus_elapsed_time_plus_block_order; not pure liquid causal effect
block3_minus_block2_across_liquid_refresh,far_constant_referenced,0.05,355.0,2.5266719967102547,0.4736236867753669,4.689281899421165,56,refresh_plus_elapsed_time_plus_block_order; not pure liquid causal effect
block3_minus_block2_across_liquid_refresh,far_constant_referenced,0.05,360.0,1.5718942494359243,-0.21186599573312592,4.7065667201802865,44,refresh_plus_elapsed_time_plus_block_order; not pure liquid causal effect
block3_minus_block2_across_liquid_refresh,far_constant_referenced,0.1,5.0,1157.5683183224646,441.42776693047244,1519.9805507921355,64,refresh_plus_elapsed_time_plus_block_order; not pure liquid causal effect
block3_minus_block2_across_liquid_refresh,far_constant_referenced,0.1,10.0,647.9782898053386,200.66088277531708,818.9487559492313,64,refresh_plus_elapsed_time_plus_block_order; not pure liquid causal effect
block3_minus_block2_across_liquid_refresh,far_constant_referenced,0.1,15.0,355.5528607734509,83.29839888341633,469.51845721746383,64,refresh_plus_elapsed_time_plus_block_order; not pure liquid causal effect
block3_minus_block2_across_liquid_refresh,far_constant_referenced,0.1,20.0,205.11459403648382,34.21805977152212,301.8723749192476,64,refresh_plus_elapsed_time_plus_block_order; not pure liquid causal effect
block3_minus_block2_across_liquid_refresh,far_constant_referenced,0.1,25.0,132.2991702136477,1.2921390839699143,203.2978587123713,64,refresh_plus_elapsed_time_plus_block_order; not pure liquid causal effect
block3_minus_block2_across_liquid_refresh,far_constant_referenced,0.1,30.0,87.96471848788315,-7.688728337290058,130.70402563840088,64,refresh_plus_elapsed_time_plus_block_order; not pure liquid causal effect
block3_minus_block2_across_liquid_refresh,far_constant_referenced,0.1,35.0,57.886060017493946,-18.47198001948931,95.11109363121847,64,refresh_plus_elapsed_time_plus_block_order; not pure liquid causal effect
block3_minus_block2_across_liquid_refresh,far_constant_referenced,0.1,40.0,42.40328500883379,-13.893120836022177,71.33573508005051,64,refresh_plus_elapsed_time_plus_block_order; not pure liquid causal effect
block3_minus_block2_across_liquid_refresh,far_constant_referenced,0.1,45.0,25.86138194004633,-16.83720893109526,46.58757161328174,64,refresh_plus_elapsed_time_plus_block_order; not pure liquid causal effect
block3_minus_block2_across_liquid_refresh,far_constant_referenced,0.1,50.0,18.788335889417965,-23.022641872956683,31.9220084394876,64,refresh_plus_elapsed_time_plus_block_order; not pure liquid causal effect
block3_minus_block2_across_liquid_refresh,far_constant_referenced,0.1,55.0,6.09906822587098,-23.724305824263382,22.36498131605434,64,refresh_plus_elapsed_time_plus_block_order; not pure liquid causal effect
block3_minus_block2_across_liquid_refresh,far_constant_referenced,0.1,60.0,-1.8903019680408306,-20.408040291584115,13.612180883838477,64,refresh_plus_elapsed_time_plus_block_order; not pure liquid causal effect
block3_minus_block2_across_liquid_refresh,far_constant_referenced,0.1,65.0,-6.38877975691085,-23.06121128316795,4.970254514897675,64,refresh_plus_elapsed_time_plus_block_order; not pure liquid causal effect
block3_minus_block2_across_liquid_refresh,far_constant_referenced,0.1,70.0,-10.316813919876438,-25.752176674102657,0.9517311528578318,64,refresh_plus_elapsed_time_plus_block_order; not pure liquid causal effect
block3_minus_block2_across_liquid_refresh,far_constant_referenced,0.1,75.0,-14.101866002581971,-25.33607898501947,-4.618862809178516,64,refresh_plus_elapsed_time_plus_block_order; not pure liquid causal effect
block3_minus_block2_across_liquid_refresh,far_constant_referenced,0.1,80.0,-16.466504311062963,-25.544444069624728,-9.14327525266301,64,refresh_plus_elapsed_time_plus_block_order; not pure liquid causal effect
block3_minus_block2_across_liquid_refresh,far_constant_referenced,0.1,85.0,-18.56235341234327,-25.970863359284962,-12.069950843195503,64,refresh_plus_elapsed_time_plus_block_order; not pure liquid causal effect
block3_minus_block2_across_liquid_refresh,far_constant_referenced,0.1,90.0,-19.193586395846367,-25.899574237693308,-14.120935426893055,64,refresh_plus_elapsed_time_plus_block_order; not pure liquid causal effect
block3_minus_block2_across_liquid_refresh,far_constant_referenced,0.1,95.0,-19.36411254024666,-24.25179425052852,-13.92474484239299,64,refresh_plus_elapsed_time_plus_block_order; not pure liquid causal effect
block3_minus_block2_across_liquid_refresh,far_constant_referenced,0.1,100.0,-19.981721961193042,-24.645725441249464,-15.703029531904912,64,refresh_plus_elapsed_time_plus_block_order; not pure liquid causal effect
block3_minus_block2_across_liquid_refresh,far_constant_referenced,0.1,105.0,-19.739211857878043,-24.100491938733377,-17.26606609016679,64,refresh_plus_elapsed_time_plus_block_order; not pure liquid causal effect
block3_minus_block2_across_liquid_refresh,far_constant_referenced,0.1,110.0,-20.309881157443172,-23.81952823142757,-16.596017237060018,64,refresh_plus_elapsed_time_plus_block_order; not pure liquid causal effect
block3_minus_block2_across_liquid_refresh,far_constant_referenced,0.1,115.0,-18.80487539321933,-22.837028256596614,-16.30423604100229,64,refresh_plus_elapsed_time_plus_block_order; not pure liquid causal effect
block3_minus_block2_across_liquid_refresh,far_constant_referenced,0.1,120.0,-19.698834088992523,-22.560797757380513,-16.80656185412312,64,refresh_plus_elapsed_time_plus_block_order; not pure liquid causal effect
block3_minus_block2_across_liquid_refresh,far_constant_referenced,0.1,125.0,-19.68788891645893,-21.81402282909856,-16.592872652764605,64,refresh_plus_elapsed_time_plus_block_order; not pure liquid causal effect
block3_minus_block2_across_liquid_refresh,far_constant_referenced,0.1,130.0,-19.032312871525974,-22.142532413400538,-16.203906282574422,64,refresh_plus_elapsed_time_plus_block_order; not pure liquid causal effect
block3_minus_block2_across_liquid_refresh,far_constant_referenced,0.1,135.0,-18.837016073497097,-21.867783639928945,-15.796580172347424,64,refresh_plus_elapsed_time_plus_block_order; not pure liquid causal effect
block3_minus_block2_across_liquid_refresh,far_constant_referenced,0.1,140.0,-19.026237499034487,-21.177308351157855,-16.473773378442736,64,refresh_plus_elapsed_time_plus_block_order; not pure liquid causal effect
block3_minus_block2_across_liquid_refresh,far_constant_referenced,0.1,145.0,-17.980263837801395,-20.264155516682273,-14.771021069217614,64,refresh_plus_elapsed_time_plus_block_order; not pure liquid causal effect
block3_minus_block2_across_liquid_refresh,far_constant_referenced,0.1,150.0,-17.42344377445354,-20.199802890760296,-14.82526292127153,64,refresh_plus_elapsed_time_plus_block_order; not pure liquid causal effect
block3_minus_block2_across_liquid_refresh,far_constant_referenced,0.1,155.0,-16.883436398811867,-19.433919936093773,-14.317823818106557,64,refresh_plus_elapsed_time_plus_block_order; not pure liquid causal effect
block3_minus_block2_across_liquid_refresh,far_constant_referenced,0.1,160.0,-16.766917524634252,-19.111643101967577,-13.768810281777252,64,refresh_plus_elapsed_time_plus_block_order; not pure liquid causal effect
block3_minus_block2_across_liquid_refresh,far_constant_referenced,0.1,165.0,-15.449464388616377,-18.282871430782055,-12.261381495093527,64,refresh_plus_elapsed_time_plus_block_order; not pure liquid causal effect
block3_minus_block2_across_liquid_refresh,far_constant_referenced,0.1,170.0,-14.790010319991431,-18.251110832458735,-12.001206489064856,64,refresh_plus_elapsed_time_plus_block_order; not pure liquid causal effect
block3_minus_block2_across_liquid_refresh,far_constant_referenced,0.1,175.0,-14.58518177919716,-18.194573641726343,-12.901157414402089,64,refresh_plus_elapsed_time_plus_block_order; not pure liquid causal effect
block3_minus_block2_across_liquid_refresh,far_constant_referenced,0.1,180.0,-15.580568907798032,-17.814595615882048,-11.891769610680251,64,refresh_plus_elapsed_time_plus_block_order; not pure liquid causal effect
block3_minus_block2_across_liquid_refresh,far_constant_referenced,0.1,185.0,-13.901147097920674,-15.77893605536575,-10.911793617578471,64,refresh_plus_elapsed_time_plus_block_order; not pure liquid causal effect
block3_minus_block2_across_liquid_refresh,far_constant_referenced,0.1,190.0,-13.100587603686296,-15.523161685716639,-10.205292529522495,64,refresh_plus_elapsed_time_plus_block_order; not pure liquid causal effect
block3_minus_block2_across_liquid_refresh,far_constant_referenced,0.1,195.0,-13.375220570937383,-16.10538191343037,-10.33884382628628,64,refresh_plus_elapsed_time_plus_block_order; not pure liquid causal effect
block3_minus_block2_across_liquid_refresh,far_constant_referenced,0.1,200.0,-12.453545586388046,-15.57473999469887,-9.77267018358923,64,refresh_plus_elapsed_time_plus_block_order; not pure liquid causal effect
block3_minus_block2_across_liquid_refresh,far_constant_referenced,0.1,205.0,-11.751023481293359,-14.836469400148982,-8.847592277791023,64,refresh_plus_elapsed_time_plus_block_order; not pure liquid causal effect
block3_minus_block2_across_liquid_refresh,far_constant_referenced,0.1,210.0,-10.842247528074996,-14.033709587724701,-8.874337575948962,64,refresh_plus_elapsed_time_plus_block_order; not pure liquid causal effect
block3_minus_block2_across_liquid_refresh,far_constant_referenced,0.1,215.0,-11.57979656078948,-13.870989970343137,-9.007280147707387,64,refresh_plus_elapsed_time_plus_block_order; not pure liquid causal effect
block3_minus_block2_across_liquid_refresh,far_constant_referenced,0.1,220.0,-10.347992517706773,-13.00999447595226,-7.269465278179187,64,refresh_plus_elapsed_time_plus_block_order; not pure liquid causal effect
block3_minus_block2_across_liquid_refresh,far_constant_referenced,0.1,225.0,-9.253083304831318,-13.095263486932879,-7.230554388086974,64,refresh_plus_elapsed_time_plus_block_order; not pure liquid causal effect
block3_minus_block2_across_liquid_refresh,far_constant_referenced,0.1,230.0,-9.466398363015998,-12.42046657878514,-6.988299652335199,64,refresh_plus_elapsed_time_plus_block_order; not pure liquid causal effect
block3_minus_block2_across_liquid_refresh,far_constant_referenced,0.1,235.0,-9.073797459135825,-10.863909230091519,-6.872232125478559,64,refresh_plus_elapsed_time_plus_block_order; not pure liquid causal effect
block3_minus_block2_across_liquid_refresh,far_constant_referenced,0.1,240.0,-8.707220291578082,-10.352125908961975,-5.812771493641132,64,refresh_plus_elapsed_time_plus_block_order; not pure liquid causal effect
block3_minus_block2_across_liquid_refresh,far_constant_referenced,0.1,245.0,-7.1907942523775406,-9.481610549366838,-4.249862619160881,64,refresh_plus_elapsed_time_plus_block_order; not pure liquid causal effect
block3_minus_block2_across_liquid_refresh,far_constant_referenced,0.1,250.0,-7.42796539198784,-9.356100361453164,-5.136988747923851,64,refresh_plus_elapsed_time_plus_block_order; not pure liquid causal effect
block3_minus_block2_across_liquid_refresh,far_constant_referenced,0.1,255.0,-6.2053605199602435,-8.771810468721574,-3.861035810313365,64,refresh_plus_elapsed_time_plus_block_order; not pure liquid causal effect
block3_minus_block2_across_liquid_refresh,far_constant_referenced,0.1,260.0,-4.4636884124719085,-8.69406886207419,-2.555617613057981,64,refresh_plus_elapsed_time_plus_block_order; not pure liquid causal effect
block3_minus_block2_across_liquid_refresh,far_constant_referenced,0.1,265.0,-4.500912688891139,-6.488889780458937,-2.1392942503143217,64,refresh_plus_elapsed_time_plus_block_order; not pure liquid causal effect
block3_minus_block2_across_liquid_refresh,far_constant_referenced,0.1,270.0,-3.8268610977009505,-5.326115152972713,-1.2736783846640707,64,refresh_plus_elapsed_time_plus_block_order; not pure liquid causal effect
block3_minus_block2_across_liquid_refresh,far_constant_referenced,0.1,275.0,-3.6271517857314652,-5.086158725289523,-1.145112694162831,64,refresh_plus_elapsed_time_plus_block_order; not pure liquid causal effect
block3_minus_block2_across_liquid_refresh,far_constant_referenced,0.1,280.0,-2.7687129363626717,-4.752057779110025,-0.9334842496513536,64,refresh_plus_elapsed_time_plus_block_order; not pure liquid causal effect
block3_minus_block2_across_liquid_refresh,far_constant_referenced,0.1,285.0,-2.34009332851275,-4.302524755591492,0.6371925497740738,64,refresh_plus_elapsed_time_plus_block_order; not pure liquid causal effect
block3_minus_block2_across_liquid_refresh,far_constant_referenced,0.1,290.0,-2.080800231394269,-3.9535768580641015,-0.2849664453891474,64,refresh_plus_elapsed_time_plus_block_order; not pure liquid causal effect
block3_minus_block2_across_liquid_refresh,far_constant_referenced,0.1,295.0,-2.074944593782658,-3.2648267850396735,-0.04926812335250738,64,refresh_plus_elapsed_time_plus_block_order; not pure liquid causal effect
block3_minus_block2_across_liquid_refresh,far_constant_referenced,0.1,300.0,-1.1525272616659978,-3.206412939656933,0.8822979001845255,64,refresh_plus_elapsed_time_plus_block_order; not pure liquid causal effect
block3_minus_block2_across_liquid_refresh,far_constant_referenced,0.1,305.0,-0.502806854344608,-1.9031000401026543,0.8990601082563173,64,refresh_plus_elapsed_time_plus_block_order; not pure liquid causal effect
block3_minus_block2_across_liquid_refresh,far_constant_referenced,0.1,310.0,0.2366722820450589,-1.24217612329427,2.232449961850872,64,refresh_plus_elapsed_time_plus_block_order; not pure liquid causal effect
block3_minus_block2_across_liquid_refresh,far_constant_referenced,0.1,315.0,0.8951345743200525,-0.18281051194546846,2.447119061998465,64,refresh_plus_elapsed_time_plus_block_order; not pure liquid causal effect
block3_minus_block2_across_liquid_refresh,far_constant_referenced,0.1,320.0,1.149124340417094,0.14133109926989884,2.7806320689047346,64,refresh_plus_elapsed_time_plus_block_order; not pure liquid causal effect
block3_minus_block2_across_liquid_refresh,far_constant_referenced,0.1,325.0,2.1917128967428487,0.5560688076097227,4.018541178381617,64,refresh_plus_elapsed_time_plus_block_order; not pure liquid causal effect
block3_minus_block2_across_liquid_refresh,far_constant_referenced,0.1,330.0,2.3493400098121624,0.9783903386979433,3.6065739111633666,64,refresh_plus_elapsed_time_plus_block_order; not pure liquid causal effect
block3_minus_block2_across_liquid_refresh,far_constant_referenced,0.1,335.0,2.3272061747428623,0.4042824852006208,3.721275518495934,64,refresh_plus_elapsed_time_plus_block_order; not pure liquid causal effect
block3_minus_block2_across_liquid_refresh,far_constant_referenced,0.1,340.0,2.8655328754919966,1.263926907018816,4.130409987397032,63,refresh_plus_elapsed_time_plus_block_order; not pure liquid causal effect
block3_minus_block2_across_liquid_refresh,far_constant_referenced,0.1,345.0,2.6339441895883846,1.4128061963540157,4.474865197446532,63,refresh_plus_elapsed_time_plus_block_order; not pure liquid causal effect
block3_minus_block2_across_liquid_refresh,far_constant_referenced,0.1,350.0,3.1194751313447373,0.4781193436434322,4.765191392272221,62,refresh_plus_elapsed_time_plus_block_order; not pure liquid causal effect
block3_minus_block2_across_liquid_refresh,far_constant_referenced,0.1,355.0,3.402612432327842,1.678691339870943,5.467336384802663,59,refresh_plus_elapsed_time_plus_block_order; not pure liquid causal effect
block3_minus_block2_across_liquid_refresh,far_constant_referenced,0.1,360.0,2.886924362993898,0.4855071866342129,5.0436043933364525,49,refresh_plus_elapsed_time_plus_block_order; not pure liquid causal effect
block3_minus_block2_across_liquid_refresh,far_constant_referenced,0.2,5.0,520.2744054421296,-89.01846898223198,1073.2223601234111,64,refresh_plus_elapsed_time_plus_block_order; not pure liquid causal effect
block3_minus_block2_across_liquid_refresh,far_constant_referenced,0.2,10.0,193.19594847447343,-250.88413723257486,546.1330199104445,64,refresh_plus_elapsed_time_plus_block_order; not pure liquid causal effect
block3_minus_block2_across_liquid_refresh,far_constant_referenced,0.2,15.0,-3.042621372388112,-285.61534327536083,233.93222669414627,64,refresh_plus_elapsed_time_plus_block_order; not pure liquid causal effect
block3_minus_block2_across_liquid_refresh,far_constant_referenced,0.2,20.0,-72.27248862838837,-256.35403917057045,110.53927343038276,64,refresh_plus_elapsed_time_plus_block_order; not pure liquid causal effect
block3_minus_block2_across_liquid_refresh,far_constant_referenced,0.2,25.0,-94.27587244436711,-216.00051832603367,37.86822433184267,64,refresh_plus_elapsed_time_plus_block_order; not pure liquid causal effect
block3_minus_block2_across_liquid_refresh,far_constant_referenced,0.2,30.0,-100.27547203498864,-186.92635113481208,-0.5227433406142836,64,refresh_plus_elapsed_time_plus_block_order; not pure liquid causal effect
block3_minus_block2_across_liquid_refresh,far_constant_referenced,0.2,35.0,-89.98782940512058,-154.5119910641186,-17.83745398217735,64,refresh_plus_elapsed_time_plus_block_order; not pure liquid causal effect
block3_minus_block2_across_liquid_refresh,far_constant_referenced,0.2,40.0,-83.87464469790797,-132.83518375937675,-21.279491009114025,64,refresh_plus_elapsed_time_plus_block_order; not pure liquid causal effect
block3_minus_block2_across_liquid_refresh,far_constant_referenced,0.2,45.0,-77.79383228341408,-119.5996937863541,-28.426353132453357,64,refresh_plus_elapsed_time_plus_block_order; not pure liquid causal effect
block3_minus_block2_across_liquid_refresh,far_constant_referenced,0.2,50.0,-65.25489297165399,-96.26326753544227,-29.167195218976815,64,refresh_plus_elapsed_time_plus_block_order; not pure liquid causal effect
block3_minus_block2_across_liquid_refresh,far_constant_referenced,0.2,55.0,-60.58201101469163,-83.67946667548979,-28.868239976027752,64,refresh_plus_elapsed_time_plus_block_order; not pure liquid causal effect
block3_minus_block2_across_liquid_refresh,far_constant_referenced,0.2,60.0,-51.389509210139806,-73.2406434788274,-28.419051401780465,64,refresh_plus_elapsed_time_plus_block_order; not pure liquid causal effect
block3_minus_block2_across_liquid_refresh,far_constant_referenced,0.2,65.0,-45.68279839814679,-59.56890256496197,-27.447152150211963,64,refresh_plus_elapsed_time_plus_block_order; not pure liquid causal effect
block3_minus_block2_across_liquid_refresh,far_constant_referenced,0.2,70.0,-42.04154794741544,-56.16760557252364,-28.37964165412287,64,refresh_plus_elapsed_time_plus_block_order; not pure liquid causal effect
block3_minus_block2_across_liquid_refresh,far_constant_referenced,0.2,75.0,-37.3769387117441,-47.803747755375824,-24.911105788420457,64,refresh_plus_elapsed_time_plus_block_order; not pure liquid causal effect
block3_minus_block2_across_liquid_refresh,far_constant_referenced,0.2,80.0,-34.036125229706286,-42.187401428066,-26.259197093239813,64,refresh_plus_elapsed_time_plus_block_order; not pure liquid causal effect
block3_minus_block2_across_liquid_refresh,far_constant_referenced,0.2,85.0,-32.38370705494038,-38.599062542548,-23.955746040653384,64,refresh_plus_elapsed_time_plus_block_order; not pure liquid causal effect
block3_minus_block2_across_liquid_refresh,far_constant_referenced,0.2,90.0,-29.94972754488466,-34.52495813344237,-22.07673963319787,64,refresh_plus_elapsed_time_plus_block_order; not pure liquid causal effect
block3_minus_block2_across_liquid_refresh,far_constant_referenced,0.2,95.0,-25.355172164452746,-31.94500339773511,-22.376909356767182,64,refresh_plus_elapsed_time_plus_block_order; not pure liquid causal effect
block3_minus_block2_across_liquid_refresh,far_constant_referenced,0.2,100.0,-24.079569614894,-28.835493540134976,-20.94900974967299,64,refresh_plus_elapsed_time_plus_block_order; not pure liquid causal effect
block3_minus_block2_across_liquid_refresh,far_constant_referenced,0.2,105.0,-22.969368042130405,-26.500385817884784,-19.19359827340746,64,refresh_plus_elapsed_time_plus_block_order; not pure liquid causal effect
block3_minus_block2_across_liquid_refresh,far_constant_referenced,0.2,110.0,-21.913411290810963,-25.825140531806284,-18.808996906913542,64,refresh_plus_elapsed_time_plus_block_order; not pure liquid causal effect
block3_minus_block2_across_liquid_refresh,far_constant_referenced,0.2,115.0,-19.916062803552418,-22.50254722846256,-17.005178430473507,64,refresh_plus_elapsed_time_plus_block_order; not pure liquid causal effect
block3_minus_block2_across_liquid_refresh,far_constant_referenced,0.2,120.0,-19.123063376944344,-23.299552362544436,-16.211308972516434,64,refresh_plus_elapsed_time_plus_block_order; not pure liquid causal effect
block3_minus_block2_across_liquid_refresh,far_constant_referenced,0.2,125.0,-19.0379131415744,-21.532111886296796,-14.938004731026354,64,refresh_plus_elapsed_time_plus_block_order; not pure liquid causal effect
block3_minus_block2_across_liquid_refresh,far_constant_referenced,0.2,130.0,-18.201364637272857,-21.595701378919426,-13.72648459287494,64,refresh_plus_elapsed_time_plus_block_order; not pure liquid causal effect
block3_minus_block2_across_liquid_refresh,far_constant_referenced,0.2,135.0,-17.618520837602475,-21.094114943975622,-15.187947218185997,64,refresh_plus_elapsed_time_plus_block_order; not pure liquid causal effect
block3_minus_block2_across_liquid_refresh,far_constant_referenced,0.2,140.0,-16.993612655373656,-19.596283226643074,-13.63016648070133,64,refresh_plus_elapsed_time_plus_block_order; not pure liquid causal effect
block3_minus_block2_across_liquid_refresh,far_constant_referenced,0.2,145.0,-16.87661273997238,-19.652484876275015,-13.59016582438004,64,refresh_plus_elapsed_time_plus_block_order; not pure liquid causal effect
block3_minus_block2_across_liquid_refresh,far_constant_referenced,0.2,150.0,-15.53239945884514,-19.527678433855154,-12.905388795536204,64,refresh_plus_elapsed_time_plus_block_order; not pure liquid causal effect
block3_minus_block2_across_liquid_refresh,far_constant_referenced,0.2,155.0,-14.852991087608778,-18.217910079854846,-12.78655676633867,64,refresh_plus_elapsed_time_plus_block_order; not pure liquid causal effect
block3_minus_block2_across_liquid_refresh,far_constant_referenced,0.2,160.0,-14.55791683774212,-18.29220719378953,-11.455272210445191,64,refresh_plus_elapsed_time_plus_block_order; not pure liquid causal effect
block3_minus_block2_across_liquid_refresh,far_constant_referenced,0.2,165.0,-14.007463147132125,-16.70842053632395,-10.507659601891294,64,refresh_plus_elapsed_time_plus_block_order; not pure liquid causal effect
block3_minus_block2_across_liquid_refresh,far_constant_referenced,0.2,170.0,-13.293978053162192,-16.250980026517748,-10.8408964555024,64,refresh_plus_elapsed_time_plus_block_order; not pure liquid causal effect
block3_minus_block2_across_liquid_refresh,far_constant_referenced,0.2,175.0,-12.928362968051813,-15.273584433560139,-9.788722707386444,64,refresh_plus_elapsed_time_plus_block_order; not pure liquid causal effect
block3_minus_block2_across_liquid_refresh,far_constant_referenced,0.2,180.0,-12.157277641632962,-16.40570010651313,-9.456694395615084,64,refresh_plus_elapsed_time_plus_block_order; not pure liquid causal effect
block3_minus_block2_across_liquid_refresh,far_constant_referenced,0.2,185.0,-11.878974508008763,-15.627025018565377,-9.439189839976017,64,refresh_plus_elapsed_time_plus_block_order; not pure liquid causal effect
block3_minus_block2_across_liquid_refresh,far_constant_referenced,0.2,190.0,-12.053153002440634,-14.80119601313687,-8.405352076774655,64,refresh_plus_elapsed_time_plus_block_order; not pure liquid causal effect
block3_minus_block2_across_liquid_refresh,far_constant_referenced,0.2,195.0,-11.368162177497311,-14.738553756010226,-7.739947350049411,64,refresh_plus_elapsed_time_plus_block_order; not pure liquid causal effect
block3_minus_block2_across_liquid_refresh,far_constant_referenced,0.2,200.0,-11.89505078692805,-14.890568721470164,-6.88525884059112,64,refresh_plus_elapsed_time_plus_block_order; not pure liquid causal effect
block3_minus_block2_across_liquid_refresh,far_constant_referenced,0.2,205.0,-9.845880500685231,-14.603897846066191,-7.255512113302596,64,refresh_plus_elapsed_time_plus_block_order; not pure liquid causal effect
block3_minus_block2_across_liquid_refresh,far_constant_referenced,0.2,210.0,-9.643035512591016,-12.896153991797972,-6.751211655652411,64,refresh_plus_elapsed_time_plus_block_order; not pure liquid causal effect
block3_minus_block2_across_liquid_refresh,far_constant_referenced,0.2,215.0,-9.782626549163144,-12.425339348217495,-6.427206636389354,64,refresh_plus_elapsed_time_plus_block_order; not pure liquid causal effect
block3_minus_block2_across_liquid_refresh,far_constant_referenced,0.2,220.0,-8.70649576035234,-10.469692977904689,-5.590435427817614,64,refresh_plus_elapsed_time_plus_block_order; not pure liquid causal effect
block3_minus_block2_across_liquid_refresh,far_constant_referenced,0.2,225.0,-7.8738312185233745,-10.128777281056479,-5.960433332965884,64,refresh_plus_elapsed_time_plus_block_order; not pure liquid causal effect
block3_minus_block2_across_liquid_refresh,far_constant_referenced,0.2,230.0,-7.663675591585529,-10.531836377466018,-6.2137638944231295,64,refresh_plus_elapsed_time_plus_block_order; not pure liquid causal effect
block3_minus_block2_across_liquid_refresh,far_constant_referenced,0.2,235.0,-7.285167413924622,-9.080971506027115,-4.800711238676801,64,refresh_plus_elapsed_time_plus_block_order; not pure liquid causal effect
block3_minus_block2_across_liquid_refresh,far_constant_referenced,0.2,240.0,-6.3547327280802115,-8.762934961205843,-4.34486529144524,64,refresh_plus_elapsed_time_plus_block_order; not pure liquid causal effect
block3_minus_block2_across_liquid_refresh,far_constant_referenced,0.2,245.0,-6.222410758888014,-8.47371634895056,-3.564524375556173,64,refresh_plus_elapsed_time_plus_block_order; not pure liquid causal effect
block3_minus_block2_across_liquid_refresh,far_constant_referenced,0.2,250.0,-5.981818881687212,-7.630697543251846,-3.8435193771131955,64,refresh_plus_elapsed_time_plus_block_order; not pure liquid causal effect
block3_minus_block2_across_liquid_refresh,far_constant_referenced,0.2,255.0,-5.472693164849004,-7.184953461717303,-2.938006783801134,64,refresh_plus_elapsed_time_plus_block_order; not pure liquid causal effect
block3_minus_block2_across_liquid_refresh,far_constant_referenced,0.2,260.0,-4.1233784712386665,-7.231507562363451,-1.8511446185562281,64,refresh_plus_elapsed_time_plus_block_order; not pure liquid causal effect
block3_minus_block2_across_liquid_refresh,far_constant_referenced,0.2,265.0,-3.5801819704476174,-5.975746478585991,-2.0096387935842195,64,refresh_plus_elapsed_time_plus_block_order; not pure liquid causal effect
block3_minus_block2_across_liquid_refresh,far_constant_referenced,0.2,270.0,-3.6792051971568807,-4.80626696787109,-1.504132763484493,64,refresh_plus_elapsed_time_plus_block_order; not pure liquid causal effect
block3_minus_block2_across_liquid_refresh,far_constant_referenced,0.2,275.0,-2.203632029284865,-4.353722982619324,-0.24314852222301092,64,refresh_plus_elapsed_time_plus_block_order; not pure liquid causal effect
block3_minus_block2_across_liquid_refresh,far_constant_referenced,0.2,280.0,-2.559733187971582,-3.9822908619708417,-0.6504508773276507,64,refresh_plus_elapsed_time_plus_block_order; not pure liquid causal effect
block3_minus_block2_across_liquid_refresh,far_constant_referenced,0.2,285.0,-2.3687895160778685,-4.150016871346995,-0.6123981410232302,64,refresh_plus_elapsed_time_plus_block_order; not pure liquid causal effect
block3_minus_block2_across_liquid_refresh,far_constant_referenced,0.2,290.0,-0.9056402770936466,-2.7716080918755592,0.8976021376340557,64,refresh_plus_elapsed_time_plus_block_order; not pure liquid causal effect
block3_minus_block2_across_liquid_refresh,far_constant_referenced,0.2,295.0,-1.6222610471882308,-2.987512458375181,0.3846963869825861,64,refresh_plus_elapsed_time_plus_block_order; not pure liquid causal effect
block3_minus_block2_across_liquid_refresh,far_constant_referenced,0.2,300.0,-0.8837380544654228,-2.5913868882451108,0.5980352002893409,64,refresh_plus_elapsed_time_plus_block_order; not pure liquid causal effect
block3_minus_block2_across_liquid_refresh,far_constant_referenced,0.2,305.0,0.014835073786738429,-1.7284019023736539,0.8078374697851487,64,refresh_plus_elapsed_time_plus_block_order; not pure liquid causal effect
block3_minus_block2_across_liquid_refresh,far_constant_referenced,0.2,310.0,0.2018947832079358,-1.760919695215626,1.5141455474736034,64,refresh_plus_elapsed_time_plus_block_order; not pure liquid causal effect
block3_minus_block2_across_liquid_refresh,far_constant_referenced,0.2,315.0,-0.0702973452415272,-2.201568303047646,1.9653592458846085,64,refresh_plus_elapsed_time_plus_block_order; not pure liquid causal effect
block3_minus_block2_across_liquid_refresh,far_constant_referenced,0.2,320.0,0.19339044947586992,-0.6181142172922041,1.9293316337439739,64,refresh_plus_elapsed_time_plus_block_order; not pure liquid causal effect
block3_minus_block2_across_liquid_refresh,far_constant_referenced,0.2,325.0,1.0851517964496418,-0.2767026322690063,2.536761984846304,64,refresh_plus_elapsed_time_plus_block_order; not pure liquid causal effect
block3_minus_block2_across_liquid_refresh,far_constant_referenced,0.2,330.0,2.029471351194559,0.10642294726106621,3.6686193208458455,64,refresh_plus_elapsed_time_plus_block_order; not pure liquid causal effect
block3_minus_block2_across_liquid_refresh,far_constant_referenced,0.2,335.0,1.7528904639266307,-0.24448771723451124,3.6645957970306693,63,refresh_plus_elapsed_time_plus_block_order; not pure liquid causal effect
block3_minus_block2_across_liquid_refresh,far_constant_referenced,0.2,340.0,2.8270733327206647,0.8727750655901872,4.940453714152407,63,refresh_plus_elapsed_time_plus_block_order; not pure liquid causal effect
block3_minus_block2_across_liquid_refresh,far_constant_referenced,0.2,345.0,2.3590617935547153,0.4755537904506398,4.441554577402604,63,refresh_plus_elapsed_time_plus_block_order; not pure liquid causal effect
block3_minus_block2_across_liquid_refresh,far_constant_referenced,0.2,350.0,3.319908974540022,1.0717479687728924,5.126307851124265,61,refresh_plus_elapsed_time_plus_block_order; not pure liquid causal effect
block3_minus_block2_across_liquid_refresh,far_constant_referenced,0.2,355.0,2.951086947938477,0.5018210167751327,4.995446821944669,59,refresh_plus_elapsed_time_plus_block_order; not pure liquid causal effect
block3_minus_block2_across_liquid_refresh,far_constant_referenced,0.2,360.0,3.1394056788339206,1.2673476446093552,4.723456612033562,51,refresh_plus_elapsed_time_plus_block_order; not pure liquid causal effect
