source,sha256,timestamp,acquisition_order,block,nominal_speed_um_per_s,grid_i,grid_j,field_u_um,field_v_um,approach_curves,skipped_curves,retract_curves,retract_skipped_curves,valid_contact_curves,map_contact_invOLS_median_nm_per_V,map_contact_invOLS_mad_nm_per_V,global_water_InvOLS_used_nm_per_V,scanner_speed_median_um_per_s,gap_speed_20_200nm_median_um_per_s,terminal_load_median_nN,far_slope_median_pN_per_100nm,far_slope_mad_pN_per_100nm,contact_height_median_um,approach_snap_detected_fraction,approach_snap_distance_median_nm,retract_free_baseline_valid_fraction,retract_snapoff_detected_fraction,retract_detachment_right_censored_fraction,retract_pull_off_censored_fraction,retract_detachment_piezo_travel_median_nm,retract_pull_off_force_median_nN,branch_contact_height_difference_median_nm,map_approach_duration_sum_s,map_retract_duration_per_curve_s,map_protocol_duration_estimate_s,map_protocol_midpoint_estimate,map_protocol_midpoint_epoch_s
27-08-26/0/map1-0.2-data-2026.08.27-14.00.12.429.jpk-force-map,a80c764e2770fb1dcba59775291c0f6c8d9ddead827a05f3956e6b8b657d2610,2026-08-27T14:00:12.429000,1,1,0.2,8,8,10.0,10.0,64,0,64,0,63,53.59059385825239,0.20216122772550507,51.82205666711353,0.20000938089375306,0.19375539016608367,21.798554113131313,0.48373607631051585,6.411004202432145,7.11539275243709,0.6875,1.8623395898371162,1.0,0.984375,0.0,0.0,99.6628995568698,-1.7096585119051713,1.7754427823194079,159.5465,0.25,175.5465,2026-08-27T14:01:40.202250,1787832100.20225
27-08-26/0/map1-0.1-data-2026.08.27-14.04.47.122.jpk-force-map,2354fb1a4eeaaf3630b217fd8e83982f1d2750cc48c8e73f896df8cb95de7962,2026-08-27T14:04:47.122000,2,1,0.1,8,8,10.0,10.0,64,0,64,0,63,53.70340972481929,0.18896152947742997,51.82205666711353,0.10000232722346904,0.09748590028658471,21.830211184678017,-1.1140356308468093,6.174092713320904,7.139079207172516,0.71875,1.720558463923496,1.0,0.984375,0.0,0.0,96.6683894674875,-1.6751788391630993,2.1444595970819615,319.0455,0.25,335.0455,2026-08-27T14:07:34.644750,1787832454.64475
27-08-26/0/map1-0.05-data-2026.08.27-14.14.18.398.jpk-force-map,32f16aaddb2f8ee024d96d8835ecc23c36e91c3d0c1523416700e44c518a14e8,2026-08-27T14:14:18.398000,3,1,0.05,8,8,10.0,10.0,64,0,64,0,60,53.79407501772651,0.1599962817633901,51.82205666711353,0.050000593286123565,0.04921093444153765,21.826142390875184,-1.1128074077130394,6.663116245454476,7.193465662697081,0.5,2.5636884473381922,1.0,0.984375,0.0,0.0,105.17577449872397,-1.6975456532471842,1.6532445618125289,637.973,0.25,653.973,2026-08-27T14:19:45.384500,1787833185.3845
27-08-26/0/map1-0.05-data-2026.08.27-14.27.55.012.jpk-force-map,5db261eb0d927940237fc1584b4437c66e11a087abeace2111c0b7452b59b9f7,2026-08-27T14:27:55.012000,4,1,0.05,8,8,10.0,10.0,64,0,64,0,63,53.88566114859817,0.18172040270959705,51.82205666711353,0.05000058773285361,0.0495119582967873,21.817614025782298,-2.7546516658292957,5.384179868498935,7.2484412221184105,0.5,2.1381651634136247,1.0,0.96875,0.0,0.0,105.87970123502248,-1.6073841904533803,1.3181252791709313,638.0855,0.25,654.0855,2026-08-27T14:33:22.054750,1787834002.05475
27-08-26/0/map1-0.1-data-2026.08.27-14.40.56.507.jpk-force-map,1f9051f26f0101ca4cf0a11344616689d7a73f0a593ec0897e56684b629cf24b,2026-08-27T14:40:56.507000,5,1,0.1,8,8,10.0,10.0,64,0,64,0,63,54.00659568896804,0.2358841259414097,51.82205666711353,0.1000023218819204,0.09943540425571812,21.80675804435775,-5.622291108273215,7.113389012197699,7.285454568319554,0.296875,7.713763598061164,1.0,1.0,0.0,0.0,84.6587082078597,-1.429036915106572,0.9657056901426183,319.145,0.25,335.145,2026-08-27T14:43:44.079500,1787834624.0795
27-08-26/0/map1-0.2-data-2026.08.27-14.47.23.611.jpk-force-map,e25df5b65a1db7870ac5895d2b3900b868cb1b58be3e27f1fce377c6e5da1e1b,2026-08-27T14:47:23.611000,6,1,0.2,8,8,10.0,10.0,64,0,64,0,60,54.009257658877495,0.15178374889784885,51.82205666711353,0.20000884272035027,0.19917575692941866,21.76809325290354,-6.25278774354264,5.276100461366626,7.302870025470542,0.125,78.89437484662841,1.0,0.96875,0.0,0.0,80.60148033001165,-1.0992774170635915,1.344305745567701,159.593,0.25,175.593,2026-08-27T14:48:51.407500,1787834931.4075
27-08-26/0/map2-0.1-data-2026.08.27-14.58.45.160.jpk-force-map,f540f370be6f0af160d9c47e900c1c3b7efe8f398ed347ef1e256cb7a6c3350b,2026-08-27T14:58:45.160000,7,2,0.1,8,8,10.0,10.0,64,0,64,0,61,54.44319975176716,0.17376765695804244,51.82205666711353,0.10000238264172553,0.09549660650086758,21.798067951805876,-5.978875690284648,5.700495865400695,13.200341738556126,0.359375,5.0845029976430975,1.0,0.890625,0.0,0.0,93.10123424870838,-0.86226421672146,1.0625446280736082,318.96,0.25,334.96,2026-08-27T15:01:32.640000,1787835692.64
27-08-26/0/map2-0.05-data-2026.08.27-15.05.27.190.jpk-force-map,ede3545e6ab0d1fdfc2af77c4e6ca8418e6093338f76ce25d03a03cf2c63484d,2026-08-27T15:05:27.190000,8,2,0.05,8,8,10.0,10.0,64,0,64,0,57,54.367276311588036,0.15637737763589563,51.82205666711353,0.050000581965180174,0.047614987825790156,21.79867527379037,-6.4621501705704105,5.131532910045826,13.229739048186257,0.234375,3.4817451413734046,1.0,1.0,0.0,0.0,101.37872134712828,-1.008840549082445,1.0773572909835591,638.1035,0.25,654.1035,2026-08-27T15:10:54.241750,1787836254.24175
27-08-26/0/map2-0.2-data-2026.08.27-15.16.41.656.jpk-force-map,e0ea0fc2c355f89b980b81ead534274750f8131ece1ad4ddc15a2a8df43a3aef,2026-08-27T15:16:41.656000,9,2,0.2,8,8,10.0,10.0,64,0,64,0,61,54.57903408884764,0.16473445448273688,51.82205666711353,0.20000855346861485,0.19067403820313544,21.77648284437437,-6.361095650400587,6.461005559002599,13.241189372094023,0.0625,140.5340766317012,1.0,0.921875,0.0,0.0,102.53436618087522,-0.5328928221221765,0.7551922572330443,159.562,0.25,175.562,2026-08-27T15:18:09.437000,1787836689.437
27-08-26/0/map2-0.2-data-2026.08.27-15.20.44.298.jpk-force-map,539685256266902f1f76a17f1cdd2ec75a6dacf2c6dbb8e0833be9e52638e350,2026-08-27T15:20:44.298000,10,2,0.2,8,8,10.0,10.0,64,0,64,0,60,54.61278199599605,0.1856557425204914,51.82205666711353,0.2000085505268696,0.1910683257040373,21.776999232029745,-7.312232765393416,5.599552784890344,13.247096724692883,0.046875,132.36211869213244,1.0,0.9375,0.0,0.0,100.61931737823326,-0.3849386392549923,0.6255260661186469,159.5665,0.25,175.5665,2026-08-27T15:22:12.081250,1787836932.08125
27-08-26/0/map2-0.05-data-2026.08.27-15.24.51.168.jpk-force-map,777a765663317403cc2966bcbefb90bdddd740c13e5a2132fd2e102e508cb973,2026-08-27T15:24:51.168000,11,2,0.05,8,8,10.0,10.0,64,0,64,0,61,54.61810508668555,0.2619255519720034,51.82205666711353,0.050000555029648175,0.04798290979465139,21.806566183473223,-7.418671181178753,6.216967344634716,13.26888400606034,0.125,59.30736551828416,1.0,0.953125,0.0,0.0,98.8338313515333,-0.7035576230983432,0.8284900548401588,637.926,0.25,653.926,2026-08-27T15:30:18.131000,1787837418.131
27-08-26/0/map2-0.1-data-2026.08.27-15.36.15.070.jpk-force-map,60e408a8e151885e1cd177838d90ea85312c52ee62e65620c826cba37804e1ad,2026-08-27T15:36:15.070000,12,2,0.1,8,8,10.0,10.0,64,0,64,0,61,54.6867988559498,0.21006178019084926,51.82205666711353,0.10000211418024592,0.09666990577550738,21.78340114772925,-10.54962612071102,6.423947475912725,13.290447395012162,0.140625,79.754401262718,1.0,0.953125,0.0,0.0,88.37314571217955,-0.5559693343854868,0.6763700912105106,319.1885,0.25,335.1885,2026-08-27T15:39:02.664250,1787837942.66425
27-08-26/0/map3-0.05-data-2026.08.27-15.48.41.060.jpk-force-map,c5abae8a7dcf8a33ca7880c09df82f41b43275d0f8cc61aea72d1550a9192873,2026-08-27T15:48:41.060000,13,3,0.05,8,8,10.0,10.0,64,0,64,0,58,51.50755396147515,0.2880761641762583,51.82205666711353,0.050000599746842664,0.047606609142386985,21.81266634604507,-1.876630388655772,3.9586467113832544,13.29353455021591,0.75,3.7484202327870504,1.0,0.921875,0.0,0.0,108.02361234828402,-1.42093537252351,2.133230322227424,636.059,0.25,652.059,2026-08-27T15:54:07.089500,1787838847.0895
27-08-26/0/map3-0.2-data-2026.08.27-16.09.07.348.jpk-force-map,ea8936af97a87f45feab23d4a604c4a792589a6d82448e48439cd3643bf4baa6,2026-08-27T16:09:07.348000,14,3,0.2,8,8,10.0,10.0,64,0,64,0,61,51.87827195163404,0.3709276045283301,51.82205666711353,0.20000891532563103,0.19086437504015724,21.812300789529907,2.1502493653412262,2.710088727481735,13.39460130388893,0.171875,83.413436363588,1.0,0.84375,0.0,0.0,97.0283252292675,-0.6166546277470633,0.8313123734722148,159.4625,0.25,175.4625,2026-08-27T16:10:35.079250,1787839835.07925
27-08-26/0/map3-0.1-data-2026.08.27-16.12.38.424.jpk-force-map,427cff990261e8ef21d05e4ae45036501b155a149f4ad704286f2754d263c059,2026-08-27T16:12:38.424000,15,3,0.1,8,8,10.0,10.0,64,0,64,0,60,51.74854143237286,0.24824880898244694,51.82205666711353,0.10000219442186634,0.09540009573083572,21.844374645705308,1.980106720279864,3.7550315286350986,13.432748164216488,0.46875,3.5021425130609716,1.0,0.9375,0.0,0.0,100.66007811659574,-0.8469643833587168,1.3353696644043525,318.7885,0.25,334.7885,2026-08-27T16:15:25.818250,1787840125.81825
27-08-26/0/map3-0.1-data-2026.08.27-16.18.55.666.jpk-force-map,5e22ffdbd7ddfaa4929efb7fb5393deaee7e8c16cba1a37d9260472413a0a942,2026-08-27T16:18:55.666000,16,3,0.1,8,8,10.0,10.0,64,0,64,0,61,51.66493260272741,0.24483521921596624,51.82205666711353,0.10000219309216174,0.095783837489214,21.82897877486024,0.9834483517190369,3.773730994477927,13.509889597351393,0.453125,3.3446179278220978,1.0,0.890625,0.0,0.0,90.5377996203083,-0.7780518619994625,0.8445758382116009,318.7935,0.25,334.7935,2026-08-27T16:21:43.062750,1787840503.06275
27-08-26/0/map3-0.2-data-2026.08.27-16.25.10.504.jpk-force-map,e703c139203d380709109c939a365b19a5a3adc6d11f6e705f85f32caecef7e4,2026-08-27T16:25:10.504000,17,3,0.2,8,8,10.0,10.0,64,0,64,0,63,51.755295588219276,0.253718434184695,51.82205666711353,0.20000841738843989,0.19244846406308702,21.8086540923412,1.832042814703403,3.63886753172922,13.56238662468435,0.28125,92.05108951319383,1.0,0.984375,0.0,0.0,79.34263787488742,-0.6934574433121663,0.4802006775962874,159.4865,0.25,175.4865,2026-08-27T16:26:38.247250,1787840798.24725
27-08-26/0/map3-0.05-data-2026.08.27-16.29.39.734.jpk-force-map,ccc332f0b7fdd0106f4f1387ec0eb63bc07476bd671d644d38a8abb5524c8978,2026-08-27T16:29:39.734000,18,3,0.05,8,8,10.0,10.0,64,0,64,0,59,51.69115204546038,0.18731460305704853,51.82205666711353,0.0500005586808458,0.04842620755797471,21.843299467672583,0.25077389747888446,3.854308797162421,13.61900477691512,0.28125,6.3201259497978395,1.0,0.90625,0.0,0.0,92.24597029127371,-0.6524925419435152,1.0656790049979092,637.505,0.25,653.505,2026-08-27T16:35:06.486500,1787841306.4865
27-08-26/0/map4-0.2-data-2026.08.27-16.47.00.630.jpk-force-map,b92799b7476f786550e11c43e23635fd2035047870c9c8a2f665e0b74343bc10,2026-08-27T16:47:00.630000,19,4,0.2,8,8,10.0,10.0,64,0,64,0,61,51.11063660179005,0.2230436670169423,51.82205666711353,0.20000935161080208,0.19495108280404694,21.807502649940133,1.0233705276597722,4.305818447300514,13.483709622113315,0.015625,120.02540156372143,1.0,0.90625,0.0,0.0,88.53079291205455,-0.5857803010646461,0.7512252725477269,159.545,0.25,175.545,2026-08-27T16:48:28.402500,1787842108.4025
27-08-26/0/map4-0.1-data-2026.08.27-16.50.32.826.jpk-force-map,11a741e1e20c7907584e29870614524fb9ae62886b7840c9221e21ecb0eb9b43,2026-08-27T16:50:32.826000,20,4,0.1,8,8,10.0,10.0,64,0,64,0,60,51.089990897324704,0.17447571022048455,51.82205666711353,0.10000229317495492,0.09772370530801239,21.824548854174278,-0.5308226683205418,3.5651071222918826,13.523468025205407,0.109375,75.52205740491925,1.0,0.953125,0.0,0.0,92.8928592147627,-0.5586091307821587,0.7801028626980644,319.2055,0.25,335.2055,2026-08-27T16:53:20.428750,1787842400.42875
27-08-26/0/map4-0.05-data-2026.08.27-16.56.56.658.jpk-force-map,3b08dcc642c2e4079bc4cef5cee5aa1f8838305defe8ab5b86521c047340c15c,2026-08-27T16:56:56.658000,21,4,0.05,8,8,10.0,10.0,64,0,64,0,59,51.00563551710231,0.1526134740793271,51.82205666711353,0.05000057705688306,0.04908511865867665,21.825000112157454,-1.9044628530292205,5.568634659829538,13.547593294658896,0.140625,26.558020983872453,1.0,0.984375,0.0,0.0,77.67232801837775,-0.7082625991338688,0.8395765301558538,638.232,0.25,654.232,2026-08-27T17:02:23.774000,1787842943.774
27-08-26/0/map4-0.05-data-2026.08.27-17.08.28.590.jpk-force-map,ef3d75d8b5c718953d97fe5138fe43a4013328a842118caa7196e93524fefe7d,2026-08-27T17:08:28.590000,22,4,0.05,8,8,10.0,10.0,64,0,64,0,61,50.97214519164974,0.19045350743522313,51.82205666711353,0.05000057091945464,0.049425618405138094,21.83262608221666,-0.903444359823558,6.184638935240017,13.589604771083211,0.21875,18.886059462118602,1.0,0.984375,0.0,0.0,88.4360599684275,-0.7282820630870348,0.8653212811744408,638.157,0.25,654.157,2026-08-27T17:13:55.668500,1787843635.6685
27-08-26/0/map4-0.1-data-2026.08.27-17.19.56.860.jpk-force-map,b37f43a8774c0f45caa44e326d410ea563ef37588b40807e3327c1967857e51e,2026-08-27T17:19:56.860000,23,4,0.1,8,8,10.0,10.0,64,0,64,0,60,51.13608839185281,0.16899815074267466,51.82205666711353,0.10000215686345124,0.09926823854122471,21.821874056613147,-0.4909531928289992,4.544262769143556,13.625206450035037,0.109375,48.22682968182641,1.0,0.9375,0.0,0.0,80.98849106185078,-0.6551411491937797,0.6211765368200403,319.1965,0.25,335.1965,2026-08-27T17:22:44.458250,1787844164.45825
27-08-26/0/map4-0.2-data-2026.08.27-17.25.48.068.jpk-force-map,5936cf4731c09a9e18969d27f516e73a8c9d443020f89eaf244367fe668cb6e7,2026-08-27T17:25:48.068000,24,4,0.2,8,8,10.0,10.0,64,0,64,0,61,51.20210020859717,0.16414242834384898,51.82205666711353,0.2000081957922176,0.19882876533419525,21.781965810937287,-1.5080607960058354,3.232364219119116,13.640805281740326,0.078125,96.37232589712809,1.0,0.9375,0.0,0.0,82.97163822916531,-0.5000453749784158,0.46954274246681904,159.631,0.25,175.631,2026-08-27T17:27:15.883500,1787844435.8835
27-08-26/0/map5-0.1-data-2026.08.27-17.31.45.428.jpk-force-map,1ee1b6711e573a11602e02219868e55b4dbbbcaf6b5ca1305a77ad56aba539e4,2026-08-27T17:31:45.428000,25,5,0.1,8,8,10.0,10.0,64,0,64,0,58,51.26148609922785,0.23935296139086115,51.82205666711353,0.10000233251092866,0.09959368685394637,21.811114579025965,-2.7848288602190974,4.347490090769761,13.638204560712097,0.953125,4.710711564580208,1.0,0.90625,0.0,0.0,94.0473815838921,-1.2968248502551487,0.8515898732595271,318.2695,0.25,334.2695,2026-08-27T17:34:32.562750,1787844872.56275
27-08-26/0/map5-0.05-data-2026.08.27-17.38.13.338.jpk-force-map,c60eab15feed025a4c8df1b3d5799562f52b49d89b433095887aca2fd2385da4,2026-08-27T17:38:13.338000,26,5,0.05,8,8,10.0,10.0,64,0,64,0,57,51.04906026937794,0.20270469608038863,51.82205666711353,0.05000058553371578,0.04989539992565871,21.805226385871205,-1.4810158544237524,4.53945740140139,13.713775353954299,0.921875,5.218149531165096,1.0,0.8125,0.0,0.0,151.27501272216855,-0.5559248387808671,1.2117489084876594,636.7955,0.25,652.7955,2026-08-27T17:43:39.735750,1787845419.73575
27-08-26/0/map5-0.2-data-2026.08.27-17.49.29.094.jpk-force-map,a24d93186b4682ee2a78815b5918a5f02382a15c091b7a48ef48709f95d62f0a,2026-08-27T17:49:29.094000,27,5,0.2,8,8,10.0,10.0,64,0,64,0,59,51.17232245089003,0.23905668503555874,51.82205666711353,0.20000868121759857,0.19972526061066104,21.7937911526856,-1.3243567318995568,5.01480500857546,13.757283184135236,0.921875,5.181320730875475,1.0,0.796875,0.0,0.0,130.65549013629987,-0.6144460874518812,0.537847333104179,159.32150000000001,0.25,175.32150000000001,2026-08-27T17:50:56.754750,1787845856.75475
27-08-26/0/map5-0.2-data-2026.08.27-17.53.38.834.jpk-force-map,f26560bdcf381574171f45db4d0f6a1816c2a9823cfe5cca667971daade847c0,2026-08-27T17:53:38.834000,28,5,0.2,8,8,10.0,10.0,64,0,64,0,58,51.13708895713901,0.17774477237037445,51.82205666711353,0.2000086925504902,0.19976521943818015,21.793187526474632,-0.6568640934075154,4.128910990710789,13.786212991105597,0.953125,5.487801936213124,1.0,0.8125,0.0,0.0,116.44803285363643,-0.5657179843597169,0.478633960215322,159.2905,0.25,175.2905,2026-08-27T17:55:06.479250,1787846106.47925
27-08-26/0/map5-0.05-data-2026.08.27-17.57.18.559.jpk-force-map,468c52a0df8bd6776724d53c1967b0a7267f0f088098414f169822d50f14d68f,2026-08-27T17:57:18.559000,29,5,0.05,8,8,10.0,10.0,64,0,64,0,59,51.13147521826652,0.1761060272354251,51.82205666711353,0.05000055684359099,0.049955980718655216,21.804707653685497,0.8874393342742188,6.261849742562749,13.829541398474483,0.96875,5.041559553313727,1.0,0.84375,0.0,0.0,146.86610274821925,-0.7697577464847449,0.6396746342669197,636.816,0.25,652.816,2026-08-27T18:02:44.967000,1787846564.967
