block,nominal_speed_um_per_s,actual_gap_speed_um_per_s,metric,metric_label,unit,early_value,late_value,pair_symmetric_value,pair_history_half_difference,early_source,late_source
1,0.05,0.049361446369162475,map_contact_invOLS_median_nm_per_V,InvOLS,nm/V,53.79407501772651,53.88566114859817,53.839868083162344,0.045793065435827174,27-08-26/0/map1-0.05-data-2026.08.27-14.14.18.398.jpk-force-map,27-08-26/0/map1-0.05-data-2026.08.27-14.27.55.012.jpk-force-map
1,0.05,0.049361446369162475,terminal_load_median_nN,terminal load,nN,21.826142390875184,21.817614025782298,21.82187820832874,-0.004264182546442896,27-08-26/0/map1-0.05-data-2026.08.27-14.14.18.398.jpk-force-map,27-08-26/0/map1-0.05-data-2026.08.27-14.27.55.012.jpk-force-map
1,0.05,0.049361446369162475,far_slope_median_pN_per_100nm,far slope,pN/100 nm,-1.1128074077130394,-2.7546516658292957,-1.9337295367711675,-0.8209221290581281,27-08-26/0/map1-0.05-data-2026.08.27-14.14.18.398.jpk-force-map,27-08-26/0/map1-0.05-data-2026.08.27-14.27.55.012.jpk-force-map
1,0.05,0.049361446369162475,contact_height_median_um,contact height,um,7.193465662697081,7.2484412221184105,7.220953442407746,0.02748777971066474,27-08-26/0/map1-0.05-data-2026.08.27-14.14.18.398.jpk-force-map,27-08-26/0/map1-0.05-data-2026.08.27-14.27.55.012.jpk-force-map
1,0.05,0.049361446369162475,approach_snap_detected_fraction,approach snap-detected fraction,fraction,0.5,0.5,0.5,0.0,27-08-26/0/map1-0.05-data-2026.08.27-14.14.18.398.jpk-force-map,27-08-26/0/map1-0.05-data-2026.08.27-14.27.55.012.jpk-force-map
1,0.05,0.049361446369162475,approach_snap_distance_median_nm,approach snap distance,nm,2.5636884473381922,2.1381651634136247,2.3509268053759085,-0.21276164196228375,27-08-26/0/map1-0.05-data-2026.08.27-14.14.18.398.jpk-force-map,27-08-26/0/map1-0.05-data-2026.08.27-14.27.55.012.jpk-force-map
1,0.05,0.049361446369162475,retract_detachment_piezo_travel_median_nm,retract detachment travel,nm,105.17577449872397,105.87970123502248,105.52773786687322,0.35196336814925644,27-08-26/0/map1-0.05-data-2026.08.27-14.14.18.398.jpk-force-map,27-08-26/0/map1-0.05-data-2026.08.27-14.27.55.012.jpk-force-map
1,0.05,0.049361446369162475,retract_pull_off_force_median_nN,retract pull-off,nN,-1.6975456532471842,-1.6073841904533803,-1.6524649218502823,0.04508073139690194,27-08-26/0/map1-0.05-data-2026.08.27-14.14.18.398.jpk-force-map,27-08-26/0/map1-0.05-data-2026.08.27-14.27.55.012.jpk-force-map
1,0.05,0.049361446369162475,branch_contact_height_difference_median_nm,approach-retract contact-height difference,nm,1.6532445618125289,1.3181252791709313,1.48568492049173,-0.1675596413207988,27-08-26/0/map1-0.05-data-2026.08.27-14.14.18.398.jpk-force-map,27-08-26/0/map1-0.05-data-2026.08.27-14.27.55.012.jpk-force-map
1,0.1,0.09846065227115142,map_contact_invOLS_median_nm_per_V,InvOLS,nm/V,53.70340972481929,54.00659568896804,53.855002706893664,0.15159298207437644,27-08-26/0/map1-0.1-data-2026.08.27-14.04.47.122.jpk-force-map,27-08-26/0/map1-0.1-data-2026.08.27-14.40.56.507.jpk-force-map
1,0.1,0.09846065227115142,terminal_load_median_nN,terminal load,nN,21.830211184678017,21.80675804435775,21.818484614517885,-0.011726570160133676,27-08-26/0/map1-0.1-data-2026.08.27-14.04.47.122.jpk-force-map,27-08-26/0/map1-0.1-data-2026.08.27-14.40.56.507.jpk-force-map
1,0.1,0.09846065227115142,far_slope_median_pN_per_100nm,far slope,pN/100 nm,-1.1140356308468093,-5.622291108273215,-3.368163369560012,-2.254127738713203,27-08-26/0/map1-0.1-data-2026.08.27-14.04.47.122.jpk-force-map,27-08-26/0/map1-0.1-data-2026.08.27-14.40.56.507.jpk-force-map
1,0.1,0.09846065227115142,contact_height_median_um,contact height,um,7.139079207172516,7.285454568319554,7.2122668877460345,0.07318768057351877,27-08-26/0/map1-0.1-data-2026.08.27-14.04.47.122.jpk-force-map,27-08-26/0/map1-0.1-data-2026.08.27-14.40.56.507.jpk-force-map
1,0.1,0.09846065227115142,approach_snap_detected_fraction,approach snap-detected fraction,fraction,0.71875,0.296875,0.5078125,-0.2109375,27-08-26/0/map1-0.1-data-2026.08.27-14.04.47.122.jpk-force-map,27-08-26/0/map1-0.1-data-2026.08.27-14.40.56.507.jpk-force-map
1,0.1,0.09846065227115142,approach_snap_distance_median_nm,approach snap distance,nm,1.720558463923496,7.713763598061164,4.71716103099233,2.996602567068834,27-08-26/0/map1-0.1-data-2026.08.27-14.04.47.122.jpk-force-map,27-08-26/0/map1-0.1-data-2026.08.27-14.40.56.507.jpk-force-map
1,0.1,0.09846065227115142,retract_detachment_piezo_travel_median_nm,retract detachment travel,nm,96.6683894674875,84.6587082078597,90.6635488376736,-6.0048406298138985,27-08-26/0/map1-0.1-data-2026.08.27-14.04.47.122.jpk-force-map,27-08-26/0/map1-0.1-data-2026.08.27-14.40.56.507.jpk-force-map
1,0.1,0.09846065227115142,retract_pull_off_force_median_nN,retract pull-off,nN,-1.6751788391630993,-1.429036915106572,-1.5521078771348358,0.12307096202826362,27-08-26/0/map1-0.1-data-2026.08.27-14.04.47.122.jpk-force-map,27-08-26/0/map1-0.1-data-2026.08.27-14.40.56.507.jpk-force-map
1,0.1,0.09846065227115142,branch_contact_height_difference_median_nm,approach-retract contact-height difference,nm,2.1444595970819615,0.9657056901426183,1.55508264361229,-0.5893769534696716,27-08-26/0/map1-0.1-data-2026.08.27-14.04.47.122.jpk-force-map,27-08-26/0/map1-0.1-data-2026.08.27-14.40.56.507.jpk-force-map
1,0.2,0.19646557354775118,map_contact_invOLS_median_nm_per_V,InvOLS,nm/V,53.59059385825239,54.009257658877495,53.79992575856494,0.20933190031255222,27-08-26/0/map1-0.2-data-2026.08.27-14.00.12.429.jpk-force-map,27-08-26/0/map1-0.2-data-2026.08.27-14.47.23.611.jpk-force-map
1,0.2,0.19646557354775118,terminal_load_median_nN,terminal load,nN,21.798554113131313,21.76809325290354,21.78332368301743,-0.015230430113886584,27-08-26/0/map1-0.2-data-2026.08.27-14.00.12.429.jpk-force-map,27-08-26/0/map1-0.2-data-2026.08.27-14.47.23.611.jpk-force-map
1,0.2,0.19646557354775118,far_slope_median_pN_per_100nm,far slope,pN/100 nm,0.48373607631051585,-6.25278774354264,-2.8845258336160624,-3.368261909926578,27-08-26/0/map1-0.2-data-2026.08.27-14.00.12.429.jpk-force-map,27-08-26/0/map1-0.2-data-2026.08.27-14.47.23.611.jpk-force-map
1,0.2,0.19646557354775118,contact_height_median_um,contact height,um,7.11539275243709,7.302870025470542,7.209131388953816,0.09373863651672565,27-08-26/0/map1-0.2-data-2026.08.27-14.00.12.429.jpk-force-map,27-08-26/0/map1-0.2-data-2026.08.27-14.47.23.611.jpk-force-map
1,0.2,0.19646557354775118,approach_snap_detected_fraction,approach snap-detected fraction,fraction,0.6875,0.125,0.40625,-0.28125,27-08-26/0/map1-0.2-data-2026.08.27-14.00.12.429.jpk-force-map,27-08-26/0/map1-0.2-data-2026.08.27-14.47.23.611.jpk-force-map
1,0.2,0.19646557354775118,approach_snap_distance_median_nm,approach snap distance,nm,1.8623395898371162,78.89437484662841,40.378357218232765,38.516017628395645,27-08-26/0/map1-0.2-data-2026.08.27-14.00.12.429.jpk-force-map,27-08-26/0/map1-0.2-data-2026.08.27-14.47.23.611.jpk-force-map
1,0.2,0.19646557354775118,retract_detachment_piezo_travel_median_nm,retract detachment travel,nm,99.6628995568698,80.60148033001165,90.13218994344072,-9.530709613429075,27-08-26/0/map1-0.2-data-2026.08.27-14.00.12.429.jpk-force-map,27-08-26/0/map1-0.2-data-2026.08.27-14.47.23.611.jpk-force-map
1,0.2,0.19646557354775118,retract_pull_off_force_median_nN,retract pull-off,nN,-1.7096585119051713,-1.0992774170635915,-1.4044679644843814,0.3051905474207899,27-08-26/0/map1-0.2-data-2026.08.27-14.00.12.429.jpk-force-map,27-08-26/0/map1-0.2-data-2026.08.27-14.47.23.611.jpk-force-map
1,0.2,0.19646557354775118,branch_contact_height_difference_median_nm,approach-retract contact-height difference,nm,1.7754427823194079,1.344305745567701,1.5598742639435543,-0.21556851837585345,27-08-26/0/map1-0.2-data-2026.08.27-14.00.12.429.jpk-force-map,27-08-26/0/map1-0.2-data-2026.08.27-14.47.23.611.jpk-force-map
2,0.05,0.04779894881022077,map_contact_invOLS_median_nm_per_V,InvOLS,nm/V,54.367276311588036,54.61810508668555,54.492690699136794,0.12541438754875855,27-08-26/0/map2-0.05-data-2026.08.27-15.05.27.190.jpk-force-map,27-08-26/0/map2-0.05-data-2026.08.27-15.24.51.168.jpk-force-map
2,0.05,0.04779894881022077,terminal_load_median_nN,terminal load,nN,21.79867527379037,21.806566183473223,21.802620728631794,0.00394545484142661,27-08-26/0/map2-0.05-data-2026.08.27-15.05.27.190.jpk-force-map,27-08-26/0/map2-0.05-data-2026.08.27-15.24.51.168.jpk-force-map
2,0.05,0.04779894881022077,far_slope_median_pN_per_100nm,far slope,pN/100 nm,-6.4621501705704105,-7.418671181178753,-6.940410675874581,-0.4782605053041711,27-08-26/0/map2-0.05-data-2026.08.27-15.05.27.190.jpk-force-map,27-08-26/0/map2-0.05-data-2026.08.27-15.24.51.168.jpk-force-map
2,0.05,0.04779894881022077,contact_height_median_um,contact height,um,13.229739048186257,13.26888400606034,13.249311527123298,0.019572478937041282,27-08-26/0/map2-0.05-data-2026.08.27-15.05.27.190.jpk-force-map,27-08-26/0/map2-0.05-data-2026.08.27-15.24.51.168.jpk-force-map
2,0.05,0.04779894881022077,approach_snap_detected_fraction,approach snap-detected fraction,fraction,0.234375,0.125,0.1796875,-0.0546875,27-08-26/0/map2-0.05-data-2026.08.27-15.05.27.190.jpk-force-map,27-08-26/0/map2-0.05-data-2026.08.27-15.24.51.168.jpk-force-map
2,0.05,0.04779894881022077,approach_snap_distance_median_nm,approach snap distance,nm,3.4817451413734046,59.30736551828416,31.39455532982878,27.912810188455378,27-08-26/0/map2-0.05-data-2026.08.27-15.05.27.190.jpk-force-map,27-08-26/0/map2-0.05-data-2026.08.27-15.24.51.168.jpk-force-map
2,0.05,0.04779894881022077,retract_detachment_piezo_travel_median_nm,retract detachment travel,nm,101.37872134712828,98.8338313515333,100.10627634933078,-1.2724449977974857,27-08-26/0/map2-0.05-data-2026.08.27-15.05.27.190.jpk-force-map,27-08-26/0/map2-0.05-data-2026.08.27-15.24.51.168.jpk-force-map
2,0.05,0.04779894881022077,retract_pull_off_force_median_nN,retract pull-off,nN,-1.008840549082445,-0.7035576230983432,-0.8561990860903941,0.1526414629920509,27-08-26/0/map2-0.05-data-2026.08.27-15.05.27.190.jpk-force-map,27-08-26/0/map2-0.05-data-2026.08.27-15.24.51.168.jpk-force-map
2,0.05,0.04779894881022077,branch_contact_height_difference_median_nm,approach-retract contact-height difference,nm,1.0773572909835591,0.8284900548401588,0.952923672911859,-0.12443361807170017,27-08-26/0/map2-0.05-data-2026.08.27-15.05.27.190.jpk-force-map,27-08-26/0/map2-0.05-data-2026.08.27-15.24.51.168.jpk-force-map
2,0.1,0.09608325613818748,map_contact_invOLS_median_nm_per_V,InvOLS,nm/V,54.44319975176716,54.6867988559498,54.564999303858485,0.12179955209132132,27-08-26/0/map2-0.1-data-2026.08.27-14.58.45.160.jpk-force-map,27-08-26/0/map2-0.1-data-2026.08.27-15.36.15.070.jpk-force-map
2,0.1,0.09608325613818748,terminal_load_median_nN,terminal load,nN,21.798067951805876,21.78340114772925,21.790734549767564,-0.007333402038312897,27-08-26/0/map2-0.1-data-2026.08.27-14.58.45.160.jpk-force-map,27-08-26/0/map2-0.1-data-2026.08.27-15.36.15.070.jpk-force-map
2,0.1,0.09608325613818748,far_slope_median_pN_per_100nm,far slope,pN/100 nm,-5.978875690284648,-10.54962612071102,-8.264250905497834,-2.285375215213186,27-08-26/0/map2-0.1-data-2026.08.27-14.58.45.160.jpk-force-map,27-08-26/0/map2-0.1-data-2026.08.27-15.36.15.070.jpk-force-map
2,0.1,0.09608325613818748,contact_height_median_um,contact height,um,13.200341738556126,13.290447395012162,13.245394566784144,0.045052828228017816,27-08-26/0/map2-0.1-data-2026.08.27-14.58.45.160.jpk-force-map,27-08-26/0/map2-0.1-data-2026.08.27-15.36.15.070.jpk-force-map
2,0.1,0.09608325613818748,approach_snap_detected_fraction,approach snap-detected fraction,fraction,0.359375,0.140625,0.25,-0.109375,27-08-26/0/map2-0.1-data-2026.08.27-14.58.45.160.jpk-force-map,27-08-26/0/map2-0.1-data-2026.08.27-15.36.15.070.jpk-force-map
2,0.1,0.09608325613818748,approach_snap_distance_median_nm,approach snap distance,nm,5.0845029976430975,79.754401262718,42.41945213018055,37.33494913253745,27-08-26/0/map2-0.1-data-2026.08.27-14.58.45.160.jpk-force-map,27-08-26/0/map2-0.1-data-2026.08.27-15.36.15.070.jpk-force-map
2,0.1,0.09608325613818748,retract_detachment_piezo_travel_median_nm,retract detachment travel,nm,93.10123424870838,88.37314571217955,90.73718998044396,-2.364044268264415,27-08-26/0/map2-0.1-data-2026.08.27-14.58.45.160.jpk-force-map,27-08-26/0/map2-0.1-data-2026.08.27-15.36.15.070.jpk-force-map
2,0.1,0.09608325613818748,retract_pull_off_force_median_nN,retract pull-off,nN,-0.86226421672146,-0.5559693343854868,-0.7091167755534734,0.15314744116798662,27-08-26/0/map2-0.1-data-2026.08.27-14.58.45.160.jpk-force-map,27-08-26/0/map2-0.1-data-2026.08.27-15.36.15.070.jpk-force-map
2,0.1,0.09608325613818748,branch_contact_height_difference_median_nm,approach-retract contact-height difference,nm,1.0625446280736082,0.6763700912105106,0.8694573596420594,-0.19308726843154878,27-08-26/0/map2-0.1-data-2026.08.27-14.58.45.160.jpk-force-map,27-08-26/0/map2-0.1-data-2026.08.27-15.36.15.070.jpk-force-map
2,0.2,0.19087118195358638,map_contact_invOLS_median_nm_per_V,InvOLS,nm/V,54.57903408884764,54.61278199599605,54.59590804242185,0.016873953574204847,27-08-26/0/map2-0.2-data-2026.08.27-15.16.41.656.jpk-force-map,27-08-26/0/map2-0.2-data-2026.08.27-15.20.44.298.jpk-force-map
2,0.2,0.19087118195358638,terminal_load_median_nN,terminal load,nN,21.77648284437437,21.776999232029745,21.776741038202058,0.00025819382768688115,27-08-26/0/map2-0.2-data-2026.08.27-15.16.41.656.jpk-force-map,27-08-26/0/map2-0.2-data-2026.08.27-15.20.44.298.jpk-force-map
2,0.2,0.19087118195358638,far_slope_median_pN_per_100nm,far slope,pN/100 nm,-6.361095650400587,-7.312232765393416,-6.836664207897002,-0.47556855749641436,27-08-26/0/map2-0.2-data-2026.08.27-15.16.41.656.jpk-force-map,27-08-26/0/map2-0.2-data-2026.08.27-15.20.44.298.jpk-force-map
2,0.2,0.19087118195358638,contact_height_median_um,contact height,um,13.241189372094023,13.247096724692883,13.244143048393454,0.002953676299429553,27-08-26/0/map2-0.2-data-2026.08.27-15.16.41.656.jpk-force-map,27-08-26/0/map2-0.2-data-2026.08.27-15.20.44.298.jpk-force-map
2,0.2,0.19087118195358638,approach_snap_detected_fraction,approach snap-detected fraction,fraction,0.0625,0.046875,0.0546875,-0.0078125,27-08-26/0/map2-0.2-data-2026.08.27-15.16.41.656.jpk-force-map,27-08-26/0/map2-0.2-data-2026.08.27-15.20.44.298.jpk-force-map
2,0.2,0.19087118195358638,approach_snap_distance_median_nm,approach snap distance,nm,140.5340766317012,132.36211869213244,136.44809766191682,-4.085978969784378,27-08-26/0/map2-0.2-data-2026.08.27-15.16.41.656.jpk-force-map,27-08-26/0/map2-0.2-data-2026.08.27-15.20.44.298.jpk-force-map
2,0.2,0.19087118195358638,retract_detachment_piezo_travel_median_nm,retract detachment travel,nm,102.53436618087522,100.61931737823326,101.57684177955424,-0.9575244013209812,27-08-26/0/map2-0.2-data-2026.08.27-15.16.41.656.jpk-force-map,27-08-26/0/map2-0.2-data-2026.08.27-15.20.44.298.jpk-force-map
2,0.2,0.19087118195358638,retract_pull_off_force_median_nN,retract pull-off,nN,-0.5328928221221765,-0.3849386392549923,-0.4589157306885844,0.0739770914335921,27-08-26/0/map2-0.2-data-2026.08.27-15.16.41.656.jpk-force-map,27-08-26/0/map2-0.2-data-2026.08.27-15.20.44.298.jpk-force-map
2,0.2,0.19087118195358638,branch_contact_height_difference_median_nm,approach-retract contact-height difference,nm,0.7551922572330443,0.6255260661186469,0.6903591616758455,-0.06483309555719868,27-08-26/0/map2-0.2-data-2026.08.27-15.16.41.656.jpk-force-map,27-08-26/0/map2-0.2-data-2026.08.27-15.20.44.298.jpk-force-map
3,0.05,0.048016408350180846,map_contact_invOLS_median_nm_per_V,InvOLS,nm/V,51.50755396147515,51.69115204546038,51.59935300346777,0.09179904199261202,27-08-26/0/map3-0.05-data-2026.08.27-15.48.41.060.jpk-force-map,27-08-26/0/map3-0.05-data-2026.08.27-16.29.39.734.jpk-force-map
3,0.05,0.048016408350180846,terminal_load_median_nN,terminal load,nN,21.81266634604507,21.843299467672583,21.82798290685883,0.015316560813756652,27-08-26/0/map3-0.05-data-2026.08.27-15.48.41.060.jpk-force-map,27-08-26/0/map3-0.05-data-2026.08.27-16.29.39.734.jpk-force-map
3,0.05,0.048016408350180846,far_slope_median_pN_per_100nm,far slope,pN/100 nm,-1.876630388655772,0.25077389747888446,-0.8129282455884438,1.0637021430673284,27-08-26/0/map3-0.05-data-2026.08.27-15.48.41.060.jpk-force-map,27-08-26/0/map3-0.05-data-2026.08.27-16.29.39.734.jpk-force-map
3,0.05,0.048016408350180846,contact_height_median_um,contact height,um,13.29353455021591,13.61900477691512,13.456269663565514,0.1627351133496049,27-08-26/0/map3-0.05-data-2026.08.27-15.48.41.060.jpk-force-map,27-08-26/0/map3-0.05-data-2026.08.27-16.29.39.734.jpk-force-map
3,0.05,0.048016408350180846,approach_snap_detected_fraction,approach snap-detected fraction,fraction,0.75,0.28125,0.515625,-0.234375,27-08-26/0/map3-0.05-data-2026.08.27-15.48.41.060.jpk-force-map,27-08-26/0/map3-0.05-data-2026.08.27-16.29.39.734.jpk-force-map
3,0.05,0.048016408350180846,approach_snap_distance_median_nm,approach snap distance,nm,3.7484202327870504,6.3201259497978395,5.0342730912924445,1.2858528585053945,27-08-26/0/map3-0.05-data-2026.08.27-15.48.41.060.jpk-force-map,27-08-26/0/map3-0.05-data-2026.08.27-16.29.39.734.jpk-force-map
3,0.05,0.048016408350180846,retract_detachment_piezo_travel_median_nm,retract detachment travel,nm,108.02361234828402,92.24597029127371,100.13479131977886,-7.888821028505156,27-08-26/0/map3-0.05-data-2026.08.27-15.48.41.060.jpk-force-map,27-08-26/0/map3-0.05-data-2026.08.27-16.29.39.734.jpk-force-map
3,0.05,0.048016408350180846,retract_pull_off_force_median_nN,retract pull-off,nN,-1.42093537252351,-0.6524925419435152,-1.0367139572335127,0.3842214152899974,27-08-26/0/map3-0.05-data-2026.08.27-15.48.41.060.jpk-force-map,27-08-26/0/map3-0.05-data-2026.08.27-16.29.39.734.jpk-force-map
3,0.05,0.048016408350180846,branch_contact_height_difference_median_nm,approach-retract contact-height difference,nm,2.133230322227424,1.0656790049979092,1.5994546636126667,-0.5337756586147574,27-08-26/0/map3-0.05-data-2026.08.27-15.48.41.060.jpk-force-map,27-08-26/0/map3-0.05-data-2026.08.27-16.29.39.734.jpk-force-map
3,0.1,0.09559196661002486,map_contact_invOLS_median_nm_per_V,InvOLS,nm/V,51.74854143237286,51.66493260272741,51.70673701755014,-0.04180441482272457,27-08-26/0/map3-0.1-data-2026.08.27-16.12.38.424.jpk-force-map,27-08-26/0/map3-0.1-data-2026.08.27-16.18.55.666.jpk-force-map
3,0.1,0.09559196661002486,terminal_load_median_nN,terminal load,nN,21.844374645705308,21.82897877486024,21.836676710282774,-0.0076979354225343855,27-08-26/0/map3-0.1-data-2026.08.27-16.12.38.424.jpk-force-map,27-08-26/0/map3-0.1-data-2026.08.27-16.18.55.666.jpk-force-map
3,0.1,0.09559196661002486,far_slope_median_pN_per_100nm,far slope,pN/100 nm,1.980106720279864,0.9834483517190369,1.4817775359994503,-0.4983291842804135,27-08-26/0/map3-0.1-data-2026.08.27-16.12.38.424.jpk-force-map,27-08-26/0/map3-0.1-data-2026.08.27-16.18.55.666.jpk-force-map
3,0.1,0.09559196661002486,contact_height_median_um,contact height,um,13.432748164216488,13.509889597351393,13.47131888078394,0.03857071656745248,27-08-26/0/map3-0.1-data-2026.08.27-16.12.38.424.jpk-force-map,27-08-26/0/map3-0.1-data-2026.08.27-16.18.55.666.jpk-force-map
3,0.1,0.09559196661002486,approach_snap_detected_fraction,approach snap-detected fraction,fraction,0.46875,0.453125,0.4609375,-0.0078125,27-08-26/0/map3-0.1-data-2026.08.27-16.12.38.424.jpk-force-map,27-08-26/0/map3-0.1-data-2026.08.27-16.18.55.666.jpk-force-map
3,0.1,0.09559196661002486,approach_snap_distance_median_nm,approach snap distance,nm,3.5021425130609716,3.3446179278220978,3.4233802204415347,-0.0787622926194369,27-08-26/0/map3-0.1-data-2026.08.27-16.12.38.424.jpk-force-map,27-08-26/0/map3-0.1-data-2026.08.27-16.18.55.666.jpk-force-map
3,0.1,0.09559196661002486,retract_detachment_piezo_travel_median_nm,retract detachment travel,nm,100.66007811659574,90.5377996203083,95.59893886845202,-5.061139248143718,27-08-26/0/map3-0.1-data-2026.08.27-16.12.38.424.jpk-force-map,27-08-26/0/map3-0.1-data-2026.08.27-16.18.55.666.jpk-force-map
3,0.1,0.09559196661002486,retract_pull_off_force_median_nN,retract pull-off,nN,-0.8469643833587168,-0.7780518619994625,-0.8125081226790897,0.03445626067962715,27-08-26/0/map3-0.1-data-2026.08.27-16.12.38.424.jpk-force-map,27-08-26/0/map3-0.1-data-2026.08.27-16.18.55.666.jpk-force-map
3,0.1,0.09559196661002486,branch_contact_height_difference_median_nm,approach-retract contact-height difference,nm,1.3353696644043525,0.8445758382116009,1.0899727513079767,-0.2453969130963758,27-08-26/0/map3-0.1-data-2026.08.27-16.12.38.424.jpk-force-map,27-08-26/0/map3-0.1-data-2026.08.27-16.18.55.666.jpk-force-map
3,0.2,0.19165641955162213,map_contact_invOLS_median_nm_per_V,InvOLS,nm/V,51.87827195163404,51.755295588219276,51.81678376992666,-0.06148818170738224,27-08-26/0/map3-0.2-data-2026.08.27-16.09.07.348.jpk-force-map,27-08-26/0/map3-0.2-data-2026.08.27-16.25.10.504.jpk-force-map
3,0.2,0.19165641955162213,terminal_load_median_nN,terminal load,nN,21.812300789529907,21.8086540923412,21.810477440935554,-0.0018233485943532912,27-08-26/0/map3-0.2-data-2026.08.27-16.09.07.348.jpk-force-map,27-08-26/0/map3-0.2-data-2026.08.27-16.25.10.504.jpk-force-map
3,0.2,0.19165641955162213,far_slope_median_pN_per_100nm,far slope,pN/100 nm,2.1502493653412262,1.832042814703403,1.9911460900223146,-0.15910327531891166,27-08-26/0/map3-0.2-data-2026.08.27-16.09.07.348.jpk-force-map,27-08-26/0/map3-0.2-data-2026.08.27-16.25.10.504.jpk-force-map
3,0.2,0.19165641955162213,contact_height_median_um,contact height,um,13.39460130388893,13.56238662468435,13.47849396428664,0.08389266039771037,27-08-26/0/map3-0.2-data-2026.08.27-16.09.07.348.jpk-force-map,27-08-26/0/map3-0.2-data-2026.08.27-16.25.10.504.jpk-force-map
3,0.2,0.19165641955162213,approach_snap_detected_fraction,approach snap-detected fraction,fraction,0.171875,0.28125,0.2265625,0.0546875,27-08-26/0/map3-0.2-data-2026.08.27-16.09.07.348.jpk-force-map,27-08-26/0/map3-0.2-data-2026.08.27-16.25.10.504.jpk-force-map
3,0.2,0.19165641955162213,approach_snap_distance_median_nm,approach snap distance,nm,83.413436363588,92.05108951319383,87.73226293839092,4.318826574802912,27-08-26/0/map3-0.2-data-2026.08.27-16.09.07.348.jpk-force-map,27-08-26/0/map3-0.2-data-2026.08.27-16.25.10.504.jpk-force-map
3,0.2,0.19165641955162213,retract_detachment_piezo_travel_median_nm,retract detachment travel,nm,97.0283252292675,79.34263787488742,88.18548155207745,-8.84284367719004,27-08-26/0/map3-0.2-data-2026.08.27-16.09.07.348.jpk-force-map,27-08-26/0/map3-0.2-data-2026.08.27-16.25.10.504.jpk-force-map
3,0.2,0.19165641955162213,retract_pull_off_force_median_nN,retract pull-off,nN,-0.6166546277470633,-0.6934574433121663,-0.6550560355296148,-0.03840140778255152,27-08-26/0/map3-0.2-data-2026.08.27-16.09.07.348.jpk-force-map,27-08-26/0/map3-0.2-data-2026.08.27-16.25.10.504.jpk-force-map
3,0.2,0.19165641955162213,branch_contact_height_difference_median_nm,approach-retract contact-height difference,nm,0.8313123734722148,0.4802006775962874,0.655756525534251,-0.1755558479379637,27-08-26/0/map3-0.2-data-2026.08.27-16.09.07.348.jpk-force-map,27-08-26/0/map3-0.2-data-2026.08.27-16.25.10.504.jpk-force-map
4,0.05,0.04925536853190737,map_contact_invOLS_median_nm_per_V,InvOLS,nm/V,51.00563551710231,50.97214519164974,50.988890354376025,-0.016745162726287788,27-08-26/0/map4-0.05-data-2026.08.27-16.56.56.658.jpk-force-map,27-08-26/0/map4-0.05-data-2026.08.27-17.08.28.590.jpk-force-map
4,0.05,0.04925536853190737,terminal_load_median_nN,terminal load,nN,21.825000112157454,21.83262608221666,21.82881309718706,0.0038129850296027,27-08-26/0/map4-0.05-data-2026.08.27-16.56.56.658.jpk-force-map,27-08-26/0/map4-0.05-data-2026.08.27-17.08.28.590.jpk-force-map
4,0.05,0.04925536853190737,far_slope_median_pN_per_100nm,far slope,pN/100 nm,-1.9044628530292205,-0.903444359823558,-1.4039536064263891,0.5005092466028312,27-08-26/0/map4-0.05-data-2026.08.27-16.56.56.658.jpk-force-map,27-08-26/0/map4-0.05-data-2026.08.27-17.08.28.590.jpk-force-map
4,0.05,0.04925536853190737,contact_height_median_um,contact height,um,13.547593294658896,13.589604771083211,13.568599032871052,0.021005738212157787,27-08-26/0/map4-0.05-data-2026.08.27-16.56.56.658.jpk-force-map,27-08-26/0/map4-0.05-data-2026.08.27-17.08.28.590.jpk-force-map
4,0.05,0.04925536853190737,approach_snap_detected_fraction,approach snap-detected fraction,fraction,0.140625,0.21875,0.1796875,0.0390625,27-08-26/0/map4-0.05-data-2026.08.27-16.56.56.658.jpk-force-map,27-08-26/0/map4-0.05-data-2026.08.27-17.08.28.590.jpk-force-map
4,0.05,0.04925536853190737,approach_snap_distance_median_nm,approach snap distance,nm,26.558020983872453,18.886059462118602,22.722040222995528,-3.835980760876925,27-08-26/0/map4-0.05-data-2026.08.27-16.56.56.658.jpk-force-map,27-08-26/0/map4-0.05-data-2026.08.27-17.08.28.590.jpk-force-map
4,0.05,0.04925536853190737,retract_detachment_piezo_travel_median_nm,retract detachment travel,nm,77.67232801837775,88.4360599684275,83.05419399340263,5.381865975024873,27-08-26/0/map4-0.05-data-2026.08.27-16.56.56.658.jpk-force-map,27-08-26/0/map4-0.05-data-2026.08.27-17.08.28.590.jpk-force-map
4,0.05,0.04925536853190737,retract_pull_off_force_median_nN,retract pull-off,nN,-0.7082625991338688,-0.7282820630870348,-0.7182723311104517,-0.010009731976583003,27-08-26/0/map4-0.05-data-2026.08.27-16.56.56.658.jpk-force-map,27-08-26/0/map4-0.05-data-2026.08.27-17.08.28.590.jpk-force-map
4,0.05,0.04925536853190737,branch_contact_height_difference_median_nm,approach-retract contact-height difference,nm,0.8395765301558538,0.8653212811744408,0.8524489056651473,0.012872375509293543,27-08-26/0/map4-0.05-data-2026.08.27-16.56.56.658.jpk-force-map,27-08-26/0/map4-0.05-data-2026.08.27-17.08.28.590.jpk-force-map
4,0.1,0.09849597192461855,map_contact_invOLS_median_nm_per_V,InvOLS,nm/V,51.089990897324704,51.13608839185281,51.11303964458875,0.023048747264052594,27-08-26/0/map4-0.1-data-2026.08.27-16.50.32.826.jpk-force-map,27-08-26/0/map4-0.1-data-2026.08.27-17.19.56.860.jpk-force-map
4,0.1,0.09849597192461855,terminal_load_median_nN,terminal load,nN,21.824548854174278,21.821874056613147,21.82321145539371,-0.0013373987805653798,27-08-26/0/map4-0.1-data-2026.08.27-16.50.32.826.jpk-force-map,27-08-26/0/map4-0.1-data-2026.08.27-17.19.56.860.jpk-force-map
4,0.1,0.09849597192461855,far_slope_median_pN_per_100nm,far slope,pN/100 nm,-0.5308226683205418,-0.4909531928289992,-0.5108879305747704,0.019934737745771314,27-08-26/0/map4-0.1-data-2026.08.27-16.50.32.826.jpk-force-map,27-08-26/0/map4-0.1-data-2026.08.27-17.19.56.860.jpk-force-map
4,0.1,0.09849597192461855,contact_height_median_um,contact height,um,13.523468025205407,13.625206450035037,13.574337237620222,0.050869212414815124,27-08-26/0/map4-0.1-data-2026.08.27-16.50.32.826.jpk-force-map,27-08-26/0/map4-0.1-data-2026.08.27-17.19.56.860.jpk-force-map
4,0.1,0.09849597192461855,approach_snap_detected_fraction,approach snap-detected fraction,fraction,0.109375,0.109375,0.109375,0.0,27-08-26/0/map4-0.1-data-2026.08.27-16.50.32.826.jpk-force-map,27-08-26/0/map4-0.1-data-2026.08.27-17.19.56.860.jpk-force-map
4,0.1,0.09849597192461855,approach_snap_distance_median_nm,approach snap distance,nm,75.52205740491925,48.22682968182641,61.874443543372834,-13.647613861546422,27-08-26/0/map4-0.1-data-2026.08.27-16.50.32.826.jpk-force-map,27-08-26/0/map4-0.1-data-2026.08.27-17.19.56.860.jpk-force-map
4,0.1,0.09849597192461855,retract_detachment_piezo_travel_median_nm,retract detachment travel,nm,92.8928592147627,80.98849106185078,86.94067513830674,-5.952184076455957,27-08-26/0/map4-0.1-data-2026.08.27-16.50.32.826.jpk-force-map,27-08-26/0/map4-0.1-data-2026.08.27-17.19.56.860.jpk-force-map
4,0.1,0.09849597192461855,retract_pull_off_force_median_nN,retract pull-off,nN,-0.5586091307821587,-0.6551411491937797,-0.6068751399879693,-0.048266009205810534,27-08-26/0/map4-0.1-data-2026.08.27-16.50.32.826.jpk-force-map,27-08-26/0/map4-0.1-data-2026.08.27-17.19.56.860.jpk-force-map
4,0.1,0.09849597192461855,branch_contact_height_difference_median_nm,approach-retract contact-height difference,nm,0.7801028626980644,0.6211765368200403,0.7006396997590523,-0.07946316293901207,27-08-26/0/map4-0.1-data-2026.08.27-16.50.32.826.jpk-force-map,27-08-26/0/map4-0.1-data-2026.08.27-17.19.56.860.jpk-force-map
4,0.2,0.1968899240691211,map_contact_invOLS_median_nm_per_V,InvOLS,nm/V,51.11063660179005,51.20210020859717,51.15636840519361,0.04573180340356231,27-08-26/0/map4-0.2-data-2026.08.27-16.47.00.630.jpk-force-map,27-08-26/0/map4-0.2-data-2026.08.27-17.25.48.068.jpk-force-map
4,0.2,0.1968899240691211,terminal_load_median_nN,terminal load,nN,21.807502649940133,21.781965810937287,21.79473423043871,-0.012768419501423267,27-08-26/0/map4-0.2-data-2026.08.27-16.47.00.630.jpk-force-map,27-08-26/0/map4-0.2-data-2026.08.27-17.25.48.068.jpk-force-map
4,0.2,0.1968899240691211,far_slope_median_pN_per_100nm,far slope,pN/100 nm,1.0233705276597722,-1.5080607960058354,-0.2423451341730316,-1.2657156618328038,27-08-26/0/map4-0.2-data-2026.08.27-16.47.00.630.jpk-force-map,27-08-26/0/map4-0.2-data-2026.08.27-17.25.48.068.jpk-force-map
4,0.2,0.1968899240691211,contact_height_median_um,contact height,um,13.483709622113315,13.640805281740326,13.56225745192682,0.07854782981350539,27-08-26/0/map4-0.2-data-2026.08.27-16.47.00.630.jpk-force-map,27-08-26/0/map4-0.2-data-2026.08.27-17.25.48.068.jpk-force-map
4,0.2,0.1968899240691211,approach_snap_detected_fraction,approach snap-detected fraction,fraction,0.015625,0.078125,0.046875,0.03125,27-08-26/0/map4-0.2-data-2026.08.27-16.47.00.630.jpk-force-map,27-08-26/0/map4-0.2-data-2026.08.27-17.25.48.068.jpk-force-map
4,0.2,0.1968899240691211,approach_snap_distance_median_nm,approach snap distance,nm,120.02540156372143,96.37232589712809,108.19886373042476,-11.826537833296669,27-08-26/0/map4-0.2-data-2026.08.27-16.47.00.630.jpk-force-map,27-08-26/0/map4-0.2-data-2026.08.27-17.25.48.068.jpk-force-map
4,0.2,0.1968899240691211,retract_detachment_piezo_travel_median_nm,retract detachment travel,nm,88.53079291205455,82.97163822916531,85.75121557060993,-2.7795773414446217,27-08-26/0/map4-0.2-data-2026.08.27-16.47.00.630.jpk-force-map,27-08-26/0/map4-0.2-data-2026.08.27-17.25.48.068.jpk-force-map
4,0.2,0.1968899240691211,retract_pull_off_force_median_nN,retract pull-off,nN,-0.5857803010646461,-0.5000453749784158,-0.5429128380215309,0.04286746304311512,27-08-26/0/map4-0.2-data-2026.08.27-16.47.00.630.jpk-force-map,27-08-26/0/map4-0.2-data-2026.08.27-17.25.48.068.jpk-force-map
4,0.2,0.1968899240691211,branch_contact_height_difference_median_nm,approach-retract contact-height difference,nm,0.7512252725477269,0.46954274246681904,0.610384007507273,-0.1408412650404539,27-08-26/0/map4-0.2-data-2026.08.27-16.47.00.630.jpk-force-map,27-08-26/0/map4-0.2-data-2026.08.27-17.25.48.068.jpk-force-map
5,0.05,0.04992569032215696,map_contact_invOLS_median_nm_per_V,InvOLS,nm/V,51.04906026937794,51.13147521826652,51.09026774382223,0.04120747444429185,27-08-26/0/map5-0.05-data-2026.08.27-17.38.13.338.jpk-force-map,27-08-26/0/map5-0.05-data-2026.08.27-17.57.18.559.jpk-force-map
5,0.05,0.04992569032215696,terminal_load_median_nN,terminal load,nN,21.805226385871205,21.804707653685497,21.804967019778353,-0.0002593660928535968,27-08-26/0/map5-0.05-data-2026.08.27-17.38.13.338.jpk-force-map,27-08-26/0/map5-0.05-data-2026.08.27-17.57.18.559.jpk-force-map
5,0.05,0.04992569032215696,far_slope_median_pN_per_100nm,far slope,pN/100 nm,-1.4810158544237524,0.8874393342742188,-0.2967882600747668,1.1842275943489855,27-08-26/0/map5-0.05-data-2026.08.27-17.38.13.338.jpk-force-map,27-08-26/0/map5-0.05-data-2026.08.27-17.57.18.559.jpk-force-map
5,0.05,0.04992569032215696,contact_height_median_um,contact height,um,13.713775353954299,13.829541398474483,13.77165837621439,0.0578830222600919,27-08-26/0/map5-0.05-data-2026.08.27-17.38.13.338.jpk-force-map,27-08-26/0/map5-0.05-data-2026.08.27-17.57.18.559.jpk-force-map
5,0.05,0.04992569032215696,approach_snap_detected_fraction,approach snap-detected fraction,fraction,0.921875,0.96875,0.9453125,0.0234375,27-08-26/0/map5-0.05-data-2026.08.27-17.38.13.338.jpk-force-map,27-08-26/0/map5-0.05-data-2026.08.27-17.57.18.559.jpk-force-map
5,0.05,0.04992569032215696,approach_snap_distance_median_nm,approach snap distance,nm,5.218149531165096,5.041559553313727,5.1298545422394115,-0.08829498892568477,27-08-26/0/map5-0.05-data-2026.08.27-17.38.13.338.jpk-force-map,27-08-26/0/map5-0.05-data-2026.08.27-17.57.18.559.jpk-force-map
5,0.05,0.04992569032215696,retract_detachment_piezo_travel_median_nm,retract detachment travel,nm,151.27501272216855,146.86610274821925,149.07055773519392,-2.2044549869746533,27-08-26/0/map5-0.05-data-2026.08.27-17.38.13.338.jpk-force-map,27-08-26/0/map5-0.05-data-2026.08.27-17.57.18.559.jpk-force-map
5,0.05,0.04992569032215696,retract_pull_off_force_median_nN,retract pull-off,nN,-0.5559248387808671,-0.7697577464847449,-0.662841292632806,-0.10691645385193893,27-08-26/0/map5-0.05-data-2026.08.27-17.38.13.338.jpk-force-map,27-08-26/0/map5-0.05-data-2026.08.27-17.57.18.559.jpk-force-map
5,0.05,0.04992569032215696,branch_contact_height_difference_median_nm,approach-retract contact-height difference,nm,1.2117489084876594,0.6396746342669197,0.9257117713772895,-0.2860371371103698,27-08-26/0/map5-0.05-data-2026.08.27-17.38.13.338.jpk-force-map,27-08-26/0/map5-0.05-data-2026.08.27-17.57.18.559.jpk-force-map
5,0.2,0.1997452400244206,map_contact_invOLS_median_nm_per_V,InvOLS,nm/V,51.17232245089003,51.13708895713901,51.15470570401452,-0.01761674687551107,27-08-26/0/map5-0.2-data-2026.08.27-17.49.29.094.jpk-force-map,27-08-26/0/map5-0.2-data-2026.08.27-17.53.38.834.jpk-force-map
5,0.2,0.1997452400244206,terminal_load_median_nN,terminal load,nN,21.7937911526856,21.793187526474632,21.793489339580116,-0.000301813105483717,27-08-26/0/map5-0.2-data-2026.08.27-17.49.29.094.jpk-force-map,27-08-26/0/map5-0.2-data-2026.08.27-17.53.38.834.jpk-force-map
5,0.2,0.1997452400244206,far_slope_median_pN_per_100nm,far slope,pN/100 nm,-1.3243567318995568,-0.6568640934075154,-0.9906104126535361,0.3337463192460207,27-08-26/0/map5-0.2-data-2026.08.27-17.49.29.094.jpk-force-map,27-08-26/0/map5-0.2-data-2026.08.27-17.53.38.834.jpk-force-map
5,0.2,0.1997452400244206,contact_height_median_um,contact height,um,13.757283184135236,13.786212991105597,13.771748087620416,0.014464903485180258,27-08-26/0/map5-0.2-data-2026.08.27-17.49.29.094.jpk-force-map,27-08-26/0/map5-0.2-data-2026.08.27-17.53.38.834.jpk-force-map
5,0.2,0.1997452400244206,approach_snap_detected_fraction,approach snap-detected fraction,fraction,0.921875,0.953125,0.9375,0.015625,27-08-26/0/map5-0.2-data-2026.08.27-17.49.29.094.jpk-force-map,27-08-26/0/map5-0.2-data-2026.08.27-17.53.38.834.jpk-force-map
5,0.2,0.1997452400244206,approach_snap_distance_median_nm,approach snap distance,nm,5.181320730875475,5.487801936213124,5.3345613335443,0.15324060266882444,27-08-26/0/map5-0.2-data-2026.08.27-17.49.29.094.jpk-force-map,27-08-26/0/map5-0.2-data-2026.08.27-17.53.38.834.jpk-force-map
5,0.2,0.1997452400244206,retract_detachment_piezo_travel_median_nm,retract detachment travel,nm,130.65549013629987,116.44803285363643,123.55176149496816,-7.10372864133172,27-08-26/0/map5-0.2-data-2026.08.27-17.49.29.094.jpk-force-map,27-08-26/0/map5-0.2-data-2026.08.27-17.53.38.834.jpk-force-map
5,0.2,0.1997452400244206,retract_pull_off_force_median_nN,retract pull-off,nN,-0.6144460874518812,-0.5657179843597169,-0.590082035905799,0.024364051546082177,27-08-26/0/map5-0.2-data-2026.08.27-17.49.29.094.jpk-force-map,27-08-26/0/map5-0.2-data-2026.08.27-17.53.38.834.jpk-force-map
5,0.2,0.1997452400244206,branch_contact_height_difference_median_nm,approach-retract contact-height difference,nm,0.537847333104179,0.478633960215322,0.5082406466597504,-0.029606686444428487,27-08-26/0/map5-0.2-data-2026.08.27-17.49.29.094.jpk-force-map,27-08-26/0/map5-0.2-data-2026.08.27-17.53.38.834.jpk-force-map
