source,acquisition_order,block,nominal_speed_um_per_s,distance_nm,linear_drift_corrected_force_pN,far_constant_referenced_force_pN,linear_minus_constant_pN
27-08-26/0/map1-0.2-data-2026.08.27-14.00.12.429.jpk-force-map,1,1,0.2,20.0,2499.978235189811,2494.244861484062,5.733373705749273
27-08-26/0/map1-0.2-data-2026.08.27-14.00.12.429.jpk-force-map,1,1,0.2,50.0,426.6270531636081,426.54274655958534,0.0843066040227427
27-08-26/0/map1-0.2-data-2026.08.27-14.00.12.429.jpk-force-map,1,1,0.2,100.0,34.155575267643094,32.6282458433172,1.5273294243258917
27-08-26/0/map1-0.2-data-2026.08.27-14.00.12.429.jpk-force-map,1,1,0.2,200.0,4.530975846989005,2.652681598411779,1.8782942485772258
27-08-26/0/map1-0.1-data-2026.08.27-14.04.47.122.jpk-force-map,2,1,0.1,20.0,2319.9100317477823,2321.42112014889,-1.511088401107827
27-08-26/0/map1-0.1-data-2026.08.27-14.04.47.122.jpk-force-map,2,1,0.1,50.0,347.43455370072013,356.9045954120816,-9.470041711361489
27-08-26/0/map1-0.1-data-2026.08.27-14.04.47.122.jpk-force-map,2,1,0.1,100.0,24.89885931130422,28.05322963576137,-3.1543703244571475
27-08-26/0/map1-0.1-data-2026.08.27-14.04.47.122.jpk-force-map,2,1,0.1,200.0,4.9518666743587865,6.456656558914624,-1.5047898845558372
27-08-26/0/map1-0.05-data-2026.08.27-14.14.18.398.jpk-force-map,3,1,0.05,20.0,2008.6187249773352,2010.195984422505,-1.5772594451698296
27-08-26/0/map1-0.05-data-2026.08.27-14.14.18.398.jpk-force-map,3,1,0.05,50.0,237.2606778691547,247.22473598815054,-9.964058118995837
27-08-26/0/map1-0.05-data-2026.08.27-14.14.18.398.jpk-force-map,3,1,0.05,100.0,14.082403225331449,20.609734219119154,-6.5273309937877055
27-08-26/0/map1-0.05-data-2026.08.27-14.14.18.398.jpk-force-map,3,1,0.05,200.0,3.3819900405415564,6.690235385738921,-3.308245345197365
27-08-26/0/map1-0.05-data-2026.08.27-14.27.55.012.jpk-force-map,4,1,0.05,20.0,1752.2216741591517,1765.2055806370054,-12.98390647785368
27-08-26/0/map1-0.05-data-2026.08.27-14.27.55.012.jpk-force-map,4,1,0.05,50.0,164.1307206410312,170.27337317755553,-6.142652536524338
27-08-26/0/map1-0.05-data-2026.08.27-14.27.55.012.jpk-force-map,4,1,0.05,100.0,7.899438237357511,15.003581435055489,-7.104143197697978
27-08-26/0/map1-0.05-data-2026.08.27-14.27.55.012.jpk-force-map,4,1,0.05,200.0,2.1576970257529533,6.388961195123771,-4.231264169370817
27-08-26/0/map1-0.1-data-2026.08.27-14.40.56.507.jpk-force-map,5,1,0.1,20.0,1484.1200184413756,1498.777379721523,-14.65736128014737
27-08-26/0/map1-0.1-data-2026.08.27-14.40.56.507.jpk-force-map,5,1,0.1,50.0,104.23024026219835,116.02559151284578,-11.795351250647428
27-08-26/0/map1-0.1-data-2026.08.27-14.40.56.507.jpk-force-map,5,1,0.1,100.0,5.824025274863985,15.93598318030744,-10.111957905443456
27-08-26/0/map1-0.1-data-2026.08.27-14.40.56.507.jpk-force-map,5,1,0.1,200.0,3.9315276514221855,9.478344988915001,-5.546817337492816
27-08-26/0/map1-0.2-data-2026.08.27-14.47.23.611.jpk-force-map,6,1,0.2,20.0,1377.5449290281842,1414.4481790387554,-36.90325001057113
27-08-26/0/map1-0.2-data-2026.08.27-14.47.23.611.jpk-force-map,6,1,0.2,50.0,79.81167907882639,96.40119263841855,-16.589513559592163
27-08-26/0/map1-0.2-data-2026.08.27-14.47.23.611.jpk-force-map,6,1,0.2,100.0,0.4803882716934273,15.90951638058745,-15.429128108894023
27-08-26/0/map1-0.2-data-2026.08.27-14.47.23.611.jpk-force-map,6,1,0.2,200.0,2.9242800713082095,10.571560500352783,-7.6472804290445735
27-08-26/0/map2-0.1-data-2026.08.27-14.58.45.160.jpk-force-map,7,2,0.1,20.0,2600.922930689636,2610.945840993142,-10.02291030350625
27-08-26/0/map2-0.1-data-2026.08.27-14.58.45.160.jpk-force-map,7,2,0.1,50.0,661.1318766038037,681.633427850237,-20.501551246433337
27-08-26/0/map2-0.1-data-2026.08.27-14.58.45.160.jpk-force-map,7,2,0.1,100.0,96.2331119112062,109.54807215734442,-13.314960246138227
27-08-26/0/map2-0.1-data-2026.08.27-14.58.45.160.jpk-force-map,7,2,0.1,200.0,7.601150742595129,14.116471466789084,-6.5153207241939555
27-08-26/0/map2-0.05-data-2026.08.27-15.05.27.190.jpk-force-map,8,2,0.05,20.0,2709.2496780099937,2725.2043076598966,-15.954629649902927
27-08-26/0/map2-0.05-data-2026.08.27-15.05.27.190.jpk-force-map,8,2,0.05,50.0,676.60661977664,693.3308089711662,-16.724189194526275
27-08-26/0/map2-0.05-data-2026.08.27-15.05.27.190.jpk-force-map,8,2,0.05,100.0,86.59645251473108,100.73650413545901,-14.140051620727931
27-08-26/0/map2-0.05-data-2026.08.27-15.05.27.190.jpk-force-map,8,2,0.05,200.0,3.8216348624139886,11.917241944518413,-8.095607082104424
27-08-26/0/map2-0.2-data-2026.08.27-15.16.41.656.jpk-force-map,9,2,0.2,20.0,2718.5146289860027,2744.7080527196376,-26.193423733634972
27-08-26/0/map2-0.2-data-2026.08.27-15.16.41.656.jpk-force-map,9,2,0.2,50.0,643.8590280718752,660.8043049851763,-16.945276913301086
27-08-26/0/map2-0.2-data-2026.08.27-15.16.41.656.jpk-force-map,9,2,0.2,100.0,73.04403512497063,85.69422898475653,-12.650193859785901
27-08-26/0/map2-0.2-data-2026.08.27-15.16.41.656.jpk-force-map,9,2,0.2,200.0,6.540714174783734,12.028216117428752,-5.487501942645018
27-08-26/0/map2-0.2-data-2026.08.27-15.20.44.298.jpk-force-map,10,2,0.2,20.0,2671.7239579115653,2701.841628646619,-30.117670735053707
27-08-26/0/map2-0.2-data-2026.08.27-15.20.44.298.jpk-force-map,10,2,0.2,50.0,602.4317593329345,627.5423967387983,-25.110637405863827
27-08-26/0/map2-0.2-data-2026.08.27-15.20.44.298.jpk-force-map,10,2,0.2,100.0,63.571837508555944,77.89140637830121,-14.319568869745268
27-08-26/0/map2-0.2-data-2026.08.27-15.20.44.298.jpk-force-map,10,2,0.2,200.0,2.844025498104069,12.204810557625997,-9.360785059521929
27-08-26/0/map2-0.05-data-2026.08.27-15.24.51.168.jpk-force-map,11,2,0.05,20.0,2574.5393010871644,2604.9604922808844,-30.421191193720006
27-08-26/0/map2-0.05-data-2026.08.27-15.24.51.168.jpk-force-map,11,2,0.05,50.0,527.1868104538228,550.4505859295016,-23.263775475678813
27-08-26/0/map2-0.05-data-2026.08.27-15.24.51.168.jpk-force-map,11,2,0.05,100.0,43.32900172111701,59.737381124185035,-16.408379403068025
27-08-26/0/map2-0.05-data-2026.08.27-15.24.51.168.jpk-force-map,11,2,0.05,200.0,1.0955490500521017,12.060237217371629,-10.964688167319528
27-08-26/0/map2-0.1-data-2026.08.27-15.36.15.070.jpk-force-map,12,2,0.1,20.0,2389.134026566788,2417.8813474189847,-28.74732085219648
27-08-26/0/map2-0.1-data-2026.08.27-15.36.15.070.jpk-force-map,12,2,0.1,50.0,441.06509868562773,473.7694826935119,-32.70438400788419
27-08-26/0/map2-0.1-data-2026.08.27-15.36.15.070.jpk-force-map,12,2,0.1,100.0,27.097158483563256,48.257835433251486,-21.16067694968823
27-08-26/0/map2-0.1-data-2026.08.27-15.36.15.070.jpk-force-map,12,2,0.1,200.0,2.209619990647416,13.427837644967305,-11.218217654319888
