source,timestamp,acquisition_order,block,nominal_speed_um_per_s,physical_row_zero_based,physical_column_zero_based,point_index_in_archive,distance_nm,force_linear_drift_corrected_pN,force_far_constant_referenced_pN
27-08-26/0/map1-0.2-data-2026.08.27-14.00.12.429.jpk-force-map,2026-08-27T14:00:12.429000,1,1,0.2,3,3,28,20.0,2440.3455280227845,2465.424144359333
27-08-26/0/map1-0.2-data-2026.08.27-14.00.12.429.jpk-force-map,2026-08-27T14:00:12.429000,1,1,0.2,3,3,28,50.0,409.53830682242557,431.15241812132876
27-08-26/0/map1-0.2-data-2026.08.27-14.00.12.429.jpk-force-map,2026-08-27T14:00:12.429000,1,1,0.2,3,3,28,100.0,26.475917392716955,43.734758766930014
27-08-26/0/map1-0.2-data-2026.08.27-14.00.12.429.jpk-force-map,2026-08-27T14:00:12.429000,1,1,0.2,3,3,28,200.0,-0.3691148348215695,8.735783509447678
27-08-26/0/map1-0.1-data-2026.08.27-14.04.47.122.jpk-force-map,2026-08-27T14:04:47.122000,2,1,0.1,3,3,28,20.0,2352.1435638069497,2356.0653657357598
27-08-26/0/map1-0.1-data-2026.08.27-14.04.47.122.jpk-force-map,2026-08-27T14:04:47.122000,2,1,0.1,3,3,28,50.0,365.89882110386935,369.2733137420581
27-08-26/0/map1-0.1-data-2026.08.27-14.04.47.122.jpk-force-map,2026-08-27T14:04:47.122000,2,1,0.1,3,3,28,100.0,21.7041654476001,24.387229954174355
27-08-26/0/map1-0.1-data-2026.08.27-14.04.47.122.jpk-force-map,2026-08-27T14:04:47.122000,2,1,0.1,3,3,28,200.0,3.522529619343625,4.895165078347006
27-08-26/0/map1-0.05-data-2026.08.27-14.14.18.398.jpk-force-map,2026-08-27T14:14:18.398000,3,1,0.05,3,3,28,20.0,2017.0661740548126,2031.6220889428464
27-08-26/0/map1-0.05-data-2026.08.27-14.14.18.398.jpk-force-map,2026-08-27T14:14:18.398000,3,1,0.05,3,3,28,50.0,240.79162214337697,253.34492869597722
27-08-26/0/map1-0.05-data-2026.08.27-14.14.18.398.jpk-force-map,2026-08-27T14:14:18.398000,3,1,0.05,3,3,28,100.0,16.724998420538654,26.83430303851755
27-08-26/0/map1-0.05-data-2026.08.27-14.14.18.398.jpk-force-map,2026-08-27T14:14:18.398000,3,1,0.05,3,3,28,200.0,-6.2220732600958675,-1.0250479699994046
27-08-26/0/map1-0.05-data-2026.08.27-14.27.55.012.jpk-force-map,2026-08-27T14:27:55.012000,4,1,0.05,3,3,28,20.0,1726.9306534234024,1731.4082353639924
27-08-26/0/map1-0.05-data-2026.08.27-14.27.55.012.jpk-force-map,2026-08-27T14:27:55.012000,4,1,0.05,3,3,28,50.0,164.30473391304707,168.19019995077053
27-08-26/0/map1-0.05-data-2026.08.27-14.27.55.012.jpk-force-map,2026-08-27T14:27:55.012000,4,1,0.05,3,3,28,100.0,11.375949890492578,14.46866628897814
27-08-26/0/map1-0.05-data-2026.08.27-14.27.55.012.jpk-force-map,2026-08-27T14:27:55.012000,4,1,0.05,3,3,28,200.0,1.9085242524057384,3.5209790151402087
27-08-26/0/map1-0.1-data-2026.08.27-14.40.56.507.jpk-force-map,2026-08-27T14:40:56.507000,5,1,0.1,3,3,28,20.0,1397.966910555564,1452.9401008699847
27-08-26/0/map1-0.1-data-2026.08.27-14.40.56.507.jpk-force-map,2026-08-27T14:40:56.507000,5,1,0.1,3,3,28,50.0,61.15887641224908,109.30171968258011
27-08-26/0/map1-0.1-data-2026.08.27-14.40.56.507.jpk-force-map,2026-08-27T14:40:56.507000,5,1,0.1,3,3,28,100.0,-29.491260643331884,9.556179746401282
27-08-26/0/map1-0.1-data-2026.08.27-14.40.56.507.jpk-force-map,2026-08-27T14:40:56.507000,5,1,0.1,3,3,28,200.0,-15.100132671109431,5.361353525245326
27-08-26/0/map1-0.2-data-2026.08.27-14.47.23.611.jpk-force-map,2026-08-27T14:47:23.611000,6,1,0.2,3,3,28,20.0,1324.7159087499676,1350.0929750755429
27-08-26/0/map1-0.2-data-2026.08.27-14.47.23.611.jpk-force-map,2026-08-27T14:47:23.611000,6,1,0.2,3,3,28,50.0,73.10147261758587,95.08348150700866
27-08-26/0/map1-0.2-data-2026.08.27-14.47.23.611.jpk-force-map,2026-08-27T14:47:23.611000,6,1,0.2,3,3,28,100.0,-2.4895542918152485,15.273803732478155
27-08-26/0/map1-0.2-data-2026.08.27-14.47.23.611.jpk-force-map,2026-08-27T14:47:23.611000,6,1,0.2,3,3,28,200.0,0.40612557452012765,9.718062125158104
27-08-26/0/map2-0.1-data-2026.08.27-14.58.45.160.jpk-force-map,2026-08-27T14:58:45.160000,7,2,0.1,3,3,28,20.0,2838.2845275312948,2853.9075086643334
27-08-26/0/map2-0.1-data-2026.08.27-14.58.45.160.jpk-force-map,2026-08-27T14:58:45.160000,7,2,0.1,3,3,28,50.0,718.2816561692957,731.6675458907978
27-08-26/0/map2-0.1-data-2026.08.27-14.58.45.160.jpk-force-map,2026-08-27T14:58:45.160000,7,2,0.1,3,3,28,100.0,104.66631383717612,115.23823528549573
27-08-26/0/map2-0.1-data-2026.08.27-14.58.45.160.jpk-force-map,2026-08-27T14:58:45.160000,7,2,0.1,3,3,28,200.0,8.45191526174942,14.051310951422188
27-08-26/0/map2-0.05-data-2026.08.27-15.05.27.190.jpk-force-map,2026-08-27T15:05:27.190000,8,2,0.05,3,3,28,20.0,2862.3234624333745,2860.684798697414
27-08-26/0/map2-0.05-data-2026.08.27-15.05.27.190.jpk-force-map,2026-08-27T15:05:27.190000,8,2,0.05,3,3,28,50.0,706.3188681118382,704.9065546449319
27-08-26/0/map2-0.05-data-2026.08.27-15.05.27.190.jpk-force-map,2026-08-27T15:05:27.190000,8,2,0.05,3,3,28,100.0,96.99069993636127,95.85405057641417
27-08-26/0/map2-0.05-data-2026.08.27-15.05.27.190.jpk-force-map,2026-08-27T15:05:27.190000,8,2,0.05,3,3,28,200.0,8.652996616869876,8.047646716728739
27-08-26/0/map2-0.2-data-2026.08.27-15.16.41.656.jpk-force-map,2026-08-27T15:16:41.656000,9,2,0.2,3,3,28,20.0,2875.7646988830356,2907.4396802526708
27-08-26/0/map2-0.2-data-2026.08.27-15.16.41.656.jpk-force-map,2026-08-27T15:16:41.656000,9,2,0.2,3,3,28,50.0,670.9300624365447,698.064104096484
27-08-26/0/map2-0.2-data-2026.08.27-15.16.41.656.jpk-force-map,2026-08-27T15:16:41.656000,9,2,0.2,3,3,28,100.0,84.8193781505301,106.26223761070216
27-08-26/0/map2-0.2-data-2026.08.27-15.16.41.656.jpk-force-map,2026-08-27T15:16:41.656000,9,2,0.2,3,3,28,200.0,15.367129820583564,26.63984040207741
27-08-26/0/map2-0.2-data-2026.08.27-15.20.44.298.jpk-force-map,2026-08-27T15:20:44.298000,10,2,0.2,3,3,28,20.0,2823.9002734882624,2857.76848043719
27-08-26/0/map2-0.2-data-2026.08.27-15.20.44.298.jpk-force-map,2026-08-27T15:20:44.298000,10,2,0.2,3,3,28,50.0,624.1994306869153,653.2422184246245
27-08-26/0/map2-0.2-data-2026.08.27-15.20.44.298.jpk-force-map,2026-08-27T15:20:44.298000,10,2,0.2,3,3,28,100.0,54.28452328320225,77.61606468112063
27-08-26/0/map2-0.2-data-2026.08.27-15.20.44.298.jpk-force-map,2026-08-27T15:20:44.298000,10,2,0.2,3,3,28,200.0,-2.408009352625819,9.737371705798779
27-08-26/0/map2-0.05-data-2026.08.27-15.24.51.168.jpk-force-map,2026-08-27T15:24:51.168000,11,2,0.05,3,3,28,20.0,2530.634411602657,2561.542838081491
27-08-26/0/map2-0.05-data-2026.08.27-15.24.51.168.jpk-force-map,2026-08-27T15:24:51.168000,11,2,0.05,3,3,28,50.0,519.5974748904193,546.2012853186873
27-08-26/0/map2-0.05-data-2026.08.27-15.24.51.168.jpk-force-map,2026-08-27T15:24:51.168000,11,2,0.05,3,3,28,100.0,37.06645768226598,58.21560226892493
27-08-26/0/map2-0.05-data-2026.08.27-15.24.51.168.jpk-force-map,2026-08-27T15:24:51.168000,11,2,0.05,3,3,28,200.0,0.6160025169846703,11.395560198301062
27-08-26/0/map2-0.1-data-2026.08.27-15.36.15.070.jpk-force-map,2026-08-27T15:36:15.070000,12,2,0.1,3,3,28,20.0,2464.9330741132976,2493.492098482262
27-08-26/0/map2-0.1-data-2026.08.27-15.36.15.070.jpk-force-map,2026-08-27T15:36:15.070000,12,2,0.1,3,3,28,50.0,456.1461324636989,480.7595011825579
27-08-26/0/map2-0.1-data-2026.08.27-15.36.15.070.jpk-force-map,2026-08-27T15:36:15.070000,12,2,0.1,3,3,28,100.0,21.73975645362578,41.28870459224753
27-08-26/0/map2-0.1-data-2026.08.27-15.36.15.070.jpk-force-map,2026-08-27T15:36:15.070000,12,2,0.1,3,3,28,200.0,-4.4727000957481176,5.608724909670285
