block,baseline_method,distance_nm,speed_pairs_used_for_drift,drift_supported_pixels,common_drift_median_pN_per_min,common_drift_q25_pN_per_min,common_drift_q75_pN_per_min,absolute_center_adjustment_median_pN,absolute_center_adjustment_max_pN,claim_status
1,linear_drift_corrected,20.0,3,64,-20.743079818038623,-21.814862917112812,-19.17165890830444,11.52783259970704,20.244659669494695,linear common-drift sensitivity only; nonlinear relaxation remains
1,linear_drift_corrected,25.0,3,64,-18.181129668104873,-18.912380050845922,-17.061081251124925,10.150040498026897,16.015903276821746,linear common-drift sensitivity only; nonlinear relaxation remains
1,linear_drift_corrected,30.0,3,64,-15.295386718480954,-15.905960438136635,-14.507102690894644,8.601835621804582,12.87926832048936,linear common-drift sensitivity only; nonlinear relaxation remains
1,linear_drift_corrected,35.0,3,64,-12.782025221921984,-13.475024654396622,-12.321051904622273,7.1607792802047925,10.725022264975792,linear common-drift sensitivity only; nonlinear relaxation remains
1,linear_drift_corrected,40.0,3,64,-10.446594860273539,-10.865394827505703,-10.030651154499175,5.842585918600861,8.993331997798805,linear common-drift sensitivity only; nonlinear relaxation remains
1,linear_drift_corrected,45.0,3,64,-8.439006368777704,-8.798843417302551,-8.060490186941509,4.73025659672669,7.322715229294147,linear common-drift sensitivity only; nonlinear relaxation remains
1,linear_drift_corrected,50.0,3,64,-6.6728116050573725,-7.012918053130181,-6.329740752606401,3.7386346271465953,5.925825423761751,linear common-drift sensitivity only; nonlinear relaxation remains
1,linear_drift_corrected,55.0,3,64,-5.251440948356222,-5.568219880774761,-5.001253122866849,2.9418163597048306,4.755895335296117,linear common-drift sensitivity only; nonlinear relaxation remains
1,linear_drift_corrected,60.0,3,64,-4.122412137011973,-4.412798744866084,-3.8417104129883515,2.320524841968229,3.8337580631436907,linear common-drift sensitivity only; nonlinear relaxation remains
1,linear_drift_corrected,65.0,3,64,-3.2293940693491305,-3.4547977603398503,-3.0019541760192703,1.7957538484563784,3.0627794509825037,linear common-drift sensitivity only; nonlinear relaxation remains
1,linear_drift_corrected,70.0,3,64,-2.5056484726157278,-2.737626854301106,-2.2843536787166614,1.3887939588851417,2.5526868156929368,linear common-drift sensitivity only; nonlinear relaxation remains
1,linear_drift_corrected,75.0,3,64,-1.9440439033261672,-2.2096391034092693,-1.7420355423493188,1.0750421139667097,2.0223509667530664,linear common-drift sensitivity only; nonlinear relaxation remains
1,linear_drift_corrected,80.0,3,64,-1.5180293743820563,-1.7525247983214134,-1.3708728640139447,0.8263186764314607,1.6666224494727686,linear common-drift sensitivity only; nonlinear relaxation remains
1,linear_drift_corrected,85.0,3,64,-1.1865805643122318,-1.4182141874748029,-0.9962267097189381,0.6445022184217812,1.3140532914566379,linear common-drift sensitivity only; nonlinear relaxation remains
1,linear_drift_corrected,90.0,3,64,-0.9191405177133654,-1.147332336375306,-0.7427514520072367,0.4822782459079633,1.1346541675930943,linear common-drift sensitivity only; nonlinear relaxation remains
1,linear_drift_corrected,95.0,3,64,-0.7263054516725278,-0.9013964564254658,-0.5422395053696011,0.3387216316233912,1.0204213483007578,linear common-drift sensitivity only; nonlinear relaxation remains
1,linear_drift_corrected,100.0,3,64,-0.5944192355319279,-0.7324870533861543,-0.4176940234401427,0.2579091228962911,0.8574498199528637,linear common-drift sensitivity only; nonlinear relaxation remains
1,linear_drift_corrected,105.0,3,64,-0.46533188172090745,-0.639312208249477,-0.2738035229011306,0.18184187518732542,0.7484050098921209,linear common-drift sensitivity only; nonlinear relaxation remains
1,linear_drift_corrected,110.0,3,64,-0.3620656395025157,-0.5476710272340121,-0.19750153341699583,0.14132932544001342,0.6886964397055291,linear common-drift sensitivity only; nonlinear relaxation remains
1,linear_drift_corrected,115.0,3,64,-0.34463269620603,-0.4910885805193627,-0.15114644759569684,0.1112333477630717,0.6362168508132751,linear common-drift sensitivity only; nonlinear relaxation remains
1,linear_drift_corrected,120.0,3,64,-0.2547226401354488,-0.414993469017638,-0.11270420180507384,0.09207404967393673,0.5738739814991298,linear common-drift sensitivity only; nonlinear relaxation remains
1,linear_drift_corrected,125.0,3,64,-0.18903500846670754,-0.39368637023264696,-0.036955351447389574,0.07183417503495843,0.5544032208876217,linear common-drift sensitivity only; nonlinear relaxation remains
1,linear_drift_corrected,130.0,3,64,-0.17600400382226516,-0.38100419545749703,-0.03891212677613996,0.06883168463808742,0.5240324997340888,linear common-drift sensitivity only; nonlinear relaxation remains
1,linear_drift_corrected,135.0,3,64,-0.18826334716089604,-0.32252833315461643,-0.005388338063106508,0.06813513352271588,0.49048060340707567,linear common-drift sensitivity only; nonlinear relaxation remains
1,linear_drift_corrected,140.0,3,64,-0.16531304279808054,-0.3070693197979743,-0.0348078264934244,0.07136982629692001,0.46378494329138853,linear common-drift sensitivity only; nonlinear relaxation remains
1,linear_drift_corrected,145.0,3,64,-0.14442069843473498,-0.27042554823280723,-0.006954712442638447,0.06868460953614719,0.399831789157691,linear common-drift sensitivity only; nonlinear relaxation remains
1,linear_drift_corrected,150.0,3,64,-0.1326012773197539,-0.24504736717712136,0.04493698280309681,0.06227129233135051,0.3636326691240921,linear common-drift sensitivity only; nonlinear relaxation remains
1,linear_drift_corrected,155.0,3,64,-0.13549636790741632,-0.25792430626956564,0.031860230066444846,0.062309234273384195,0.34450959404700754,linear common-drift sensitivity only; nonlinear relaxation remains
1,linear_drift_corrected,160.0,3,64,-0.10395877432256226,-0.27876819785251156,0.01826627278488726,0.05797861880421884,0.3357435814778533,linear common-drift sensitivity only; nonlinear relaxation remains
1,linear_drift_corrected,165.0,3,64,-0.09369392081186353,-0.21086933808101077,0.032642383978885046,0.05799918400517812,0.31574945718355174,linear common-drift sensitivity only; nonlinear relaxation remains
1,linear_drift_corrected,170.0,3,64,-0.04038851880610271,-0.18817489725759787,0.07334761481556534,0.050282038636327075,0.2979388888269803,linear common-drift sensitivity only; nonlinear relaxation remains
1,linear_drift_corrected,175.0,3,64,-0.05783895996311278,-0.18583105140374687,0.05153843897864946,0.04315414872964174,0.26440284667844693,linear common-drift sensitivity only; nonlinear relaxation remains
1,linear_drift_corrected,180.0,3,64,-0.053379636622262,-0.15812139915868081,0.05669351555515524,0.044706297212434354,0.2869048431747352,linear common-drift sensitivity only; nonlinear relaxation remains
1,linear_drift_corrected,185.0,3,64,-0.040179735616207565,-0.15374158003730123,0.07229607718699406,0.04667414934610159,0.2488521054063053,linear common-drift sensitivity only; nonlinear relaxation remains
1,linear_drift_corrected,190.0,3,64,-0.012835271197256987,-0.17462442132385003,0.05103266454617776,0.03868774266589971,0.3218015207588232,linear common-drift sensitivity only; nonlinear relaxation remains
1,linear_drift_corrected,195.0,3,64,-0.03189821415666434,-0.14145010476735148,0.07387723999080695,0.037731234160313765,0.2972229488263807,linear common-drift sensitivity only; nonlinear relaxation remains
1,linear_drift_corrected,200.0,3,64,-0.016764302414432546,-0.12402764775426081,0.047244993796029165,0.033358501561493004,0.2562326263669412,linear common-drift sensitivity only; nonlinear relaxation remains
2,linear_drift_corrected,20.0,3,64,-6.142634542957385,-8.92901665691058,-2.706121350252547,0.7190063215591636,4.178763716265621,linear common-drift sensitivity only; nonlinear relaxation remains
2,linear_drift_corrected,25.0,3,64,-6.728644422587008,-9.253248875268218,-4.572090338904189,0.9568831711495704,3.732791258350744,linear common-drift sensitivity only; nonlinear relaxation remains
2,linear_drift_corrected,30.0,3,64,-6.8212378433637415,-8.375199102762348,-5.067514736236819,1.0657322868851224,3.3290617533157274,linear common-drift sensitivity only; nonlinear relaxation remains
2,linear_drift_corrected,35.0,3,64,-6.775526803367185,-8.227945797290161,-5.626294393504085,1.087243320099219,2.8487720421212543,linear common-drift sensitivity only; nonlinear relaxation remains
2,linear_drift_corrected,40.0,3,64,-6.601589223005446,-7.642201660457506,-5.622831706757576,1.0864636100689609,2.629879089037672,linear common-drift sensitivity only; nonlinear relaxation remains
2,linear_drift_corrected,45.0,3,64,-6.244622725036158,-7.279787163461302,-5.451501412234172,1.0752349731155846,2.428874522756473,linear common-drift sensitivity only; nonlinear relaxation remains
2,linear_drift_corrected,50.0,3,64,-5.895039133461459,-6.704386543219394,-5.20470369453286,0.998333786651699,2.1198834870173187,linear common-drift sensitivity only; nonlinear relaxation remains
2,linear_drift_corrected,55.0,3,64,-5.622083239367642,-6.153750766997986,-4.8059943236171945,0.9559434300062435,1.8591726555162609,linear common-drift sensitivity only; nonlinear relaxation remains
2,linear_drift_corrected,60.0,3,64,-4.987560701031884,-5.571195352558735,-4.3527134094325675,0.8764764225285546,1.6763594057279647,linear common-drift sensitivity only; nonlinear relaxation remains
2,linear_drift_corrected,65.0,3,64,-4.513334244472224,-4.978738846019767,-3.978429289505631,0.7830993746565582,1.556356721434753,linear common-drift sensitivity only; nonlinear relaxation remains
2,linear_drift_corrected,70.0,3,64,-4.022656918133744,-4.467790490741054,-3.475397275543597,0.6941177321709233,1.3156606585260135,linear common-drift sensitivity only; nonlinear relaxation remains
2,linear_drift_corrected,75.0,3,64,-3.539271002220693,-3.9866577063859117,-3.127824538988302,0.6203795501181375,1.1651647112304317,linear common-drift sensitivity only; nonlinear relaxation remains
2,linear_drift_corrected,80.0,3,64,-3.1763072473725336,-3.5946368726737083,-2.713124553105157,0.5310042624387421,1.0730444679434754,linear common-drift sensitivity only; nonlinear relaxation remains
2,linear_drift_corrected,85.0,3,64,-2.7621203972411585,-3.1499563472009986,-2.4001933157859408,0.4644228576515843,0.9679505866569258,linear common-drift sensitivity only; nonlinear relaxation remains
2,linear_drift_corrected,90.0,3,64,-2.438730516769117,-2.7481122455610603,-2.026044841332571,0.39751728906433215,0.8555677842256841,linear common-drift sensitivity only; nonlinear relaxation remains
2,linear_drift_corrected,95.0,3,64,-2.124639130856127,-2.3909600021961133,-1.7484330095792853,0.34632635892725006,0.7181457123391226,linear common-drift sensitivity only; nonlinear relaxation remains
2,linear_drift_corrected,100.0,3,64,-1.8681139171794343,-2.0677699781723273,-1.4586734235284946,0.2960027518438402,0.6704835320036011,linear common-drift sensitivity only; nonlinear relaxation remains
2,linear_drift_corrected,105.0,3,64,-1.6433488658514421,-1.8789849860947774,-1.2050998714805738,0.2467198872870906,0.612385861848324,linear common-drift sensitivity only; nonlinear relaxation remains
2,linear_drift_corrected,110.0,3,64,-1.3929924973424255,-1.7119921202702515,-1.0109954753519625,0.2060902233521027,0.5578806128228777,linear common-drift sensitivity only; nonlinear relaxation remains
2,linear_drift_corrected,115.0,3,64,-1.1971508484831044,-1.4435062969350287,-0.8600533702308338,0.1654589145003431,0.5134690618719304,linear common-drift sensitivity only; nonlinear relaxation remains
2,linear_drift_corrected,120.0,3,64,-1.0923367578031085,-1.334449444292221,-0.7485672404994312,0.15238396451739789,0.4799544816219914,linear common-drift sensitivity only; nonlinear relaxation remains
2,linear_drift_corrected,125.0,3,64,-0.9335602016376132,-1.1679773961838174,-0.5933186353022735,0.12092410378218155,0.4536507975163069,linear common-drift sensitivity only; nonlinear relaxation remains
2,linear_drift_corrected,130.0,3,64,-0.7749327369329169,-1.0256028579294778,-0.5814651363515526,0.11006255546124066,0.3837654982922025,linear common-drift sensitivity only; nonlinear relaxation remains
2,linear_drift_corrected,135.0,3,64,-0.6575972498298805,-0.9741456603643999,-0.4558943657993111,0.09246141816320375,0.3733093851102035,linear common-drift sensitivity only; nonlinear relaxation remains
2,linear_drift_corrected,140.0,3,64,-0.5742019651041541,-0.8185061936480101,-0.33590589973877033,0.07982163004612419,0.36082692275493766,linear common-drift sensitivity only; nonlinear relaxation remains
2,linear_drift_corrected,145.0,3,64,-0.5217599836492034,-0.7510832307204851,-0.3004813468948915,0.07133287120049214,0.32262609836319633,linear common-drift sensitivity only; nonlinear relaxation remains
2,linear_drift_corrected,150.0,3,64,-0.4311486199577731,-0.6689124256556414,-0.24551812689748964,0.061730743674608846,0.30883831598545,linear common-drift sensitivity only; nonlinear relaxation remains
2,linear_drift_corrected,155.0,3,64,-0.3865119983129194,-0.602772933522684,-0.16927975755127356,0.05241210932882612,0.28216338511477534,linear common-drift sensitivity only; nonlinear relaxation remains
2,linear_drift_corrected,160.0,3,64,-0.4079034645424221,-0.5415896848325656,-0.1116918875709953,0.04701452376220061,0.2824922037355364,linear common-drift sensitivity only; nonlinear relaxation remains
2,linear_drift_corrected,165.0,3,64,-0.32951368894651856,-0.43798125791383613,-0.07901967003678974,0.04016442384685348,0.2336808356739053,linear common-drift sensitivity only; nonlinear relaxation remains
2,linear_drift_corrected,170.0,3,64,-0.2607506498614056,-0.4769327400534806,-0.12695807445099022,0.03863441926465683,0.23917070511630634,linear common-drift sensitivity only; nonlinear relaxation remains
2,linear_drift_corrected,175.0,3,64,-0.22175680691426497,-0.3534564599366668,-0.11074987172547253,0.036317214100689776,0.20336624750929522,linear common-drift sensitivity only; nonlinear relaxation remains
2,linear_drift_corrected,180.0,3,64,-0.17226628622820148,-0.40451681349107715,-0.03522738634040535,0.028392304089138953,0.19215473726554588,linear common-drift sensitivity only; nonlinear relaxation remains
2,linear_drift_corrected,185.0,3,64,-0.1895997057407643,-0.34678494436568447,-0.01644185904865663,0.02994365400459298,0.19427419939712376,linear common-drift sensitivity only; nonlinear relaxation remains
2,linear_drift_corrected,190.0,3,64,-0.1756352329025899,-0.32392444798743214,0.002625550923253152,0.02781250596139004,0.193201282375977,linear common-drift sensitivity only; nonlinear relaxation remains
2,linear_drift_corrected,195.0,3,64,-0.16167624523283122,-0.26308098088218557,-0.03642145335050078,0.028372818373801678,0.18429019341655462,linear common-drift sensitivity only; nonlinear relaxation remains
2,linear_drift_corrected,200.0,3,64,-0.13157454054038997,-0.2806388062214532,0.0017470654863670568,0.02425501387411544,0.16666705053489483,linear common-drift sensitivity only; nonlinear relaxation remains
3,linear_drift_corrected,20.0,3,64,-8.279679986362675,-12.56111357377179,-3.705320168171578,14.965576813795451,100.48801501481512,linear common-drift sensitivity only; nonlinear relaxation remains
3,linear_drift_corrected,25.0,3,64,-8.214803528554516,-10.951427013027107,-5.314696844876043,13.60028058928674,77.25627904950875,linear common-drift sensitivity only; nonlinear relaxation remains
3,linear_drift_corrected,30.0,3,64,-7.9149037783975125,-9.906010239747939,-5.428122229664082,12.750597825427462,62.14422330402272,linear common-drift sensitivity only; nonlinear relaxation remains
3,linear_drift_corrected,35.0,3,64,-7.209040659018445,-8.987398285369,-5.4780096593286425,11.46684263807822,50.46117771798606,linear common-drift sensitivity only; nonlinear relaxation remains
3,linear_drift_corrected,40.0,3,64,-6.873071086141451,-8.068671261019412,-5.376992630858471,10.253047785864851,41.0648587767397,linear common-drift sensitivity only; nonlinear relaxation remains
3,linear_drift_corrected,45.0,3,64,-6.290249396245022,-7.063107973196277,-4.9522422521647,9.036405123963789,34.17381118548042,linear common-drift sensitivity only; nonlinear relaxation remains
3,linear_drift_corrected,50.0,3,64,-5.521607663978446,-6.288998995247072,-4.559186835910456,8.043261612863944,28.716541512050753,linear common-drift sensitivity only; nonlinear relaxation remains
3,linear_drift_corrected,55.0,3,64,-4.906898677262392,-5.5002773973697625,-4.104933231497763,7.0954953793860795,23.640462416830132,linear common-drift sensitivity only; nonlinear relaxation remains
3,linear_drift_corrected,60.0,3,64,-4.325035764195745,-4.801480763817944,-3.646427624452504,6.232377421565218,19.753457228682464,linear common-drift sensitivity only; nonlinear relaxation remains
3,linear_drift_corrected,65.0,3,64,-3.7279713002713577,-4.22929694318491,-3.1442647021451795,5.441784816739556,16.630897665970963,linear common-drift sensitivity only; nonlinear relaxation remains
3,linear_drift_corrected,70.0,3,64,-3.1899453581468675,-3.6426114349394756,-2.7877450173793004,4.684651476458498,13.941699442214201,linear common-drift sensitivity only; nonlinear relaxation remains
3,linear_drift_corrected,75.0,3,64,-2.734660964050753,-3.170700568455099,-2.35568957634547,4.047737080535796,11.804084792951215,linear common-drift sensitivity only; nonlinear relaxation remains
3,linear_drift_corrected,80.0,3,64,-2.283018062861206,-2.656945638437824,-1.9837950230255306,3.4211429234576656,10.16524614032896,linear common-drift sensitivity only; nonlinear relaxation remains
3,linear_drift_corrected,85.0,3,64,-1.8947753763812512,-2.211302528606703,-1.5922275004923434,2.8544867313791755,8.746361941165802,linear common-drift sensitivity only; nonlinear relaxation remains
3,linear_drift_corrected,90.0,3,64,-1.5629144014369727,-1.882946543692467,-1.3223311332807324,2.4051147187882194,7.386228504525917,linear common-drift sensitivity only; nonlinear relaxation remains
3,linear_drift_corrected,95.0,3,64,-1.2733462206284272,-1.5726195375610255,-1.048616646462056,1.9915278940205283,6.0627649679531,linear common-drift sensitivity only; nonlinear relaxation remains
3,linear_drift_corrected,100.0,3,64,-1.0239909136140732,-1.2836284420867476,-0.8206027898163036,1.6339095574167644,5.3137918797864,linear common-drift sensitivity only; nonlinear relaxation remains
3,linear_drift_corrected,105.0,3,64,-0.8627463558706389,-1.0389649722095873,-0.6809336011967377,1.2879866690758242,4.443157488454517,linear common-drift sensitivity only; nonlinear relaxation remains
3,linear_drift_corrected,110.0,3,64,-0.6850481100677672,-0.8489477327398526,-0.49282242677090426,1.0840086218267544,4.0791067687677085,linear common-drift sensitivity only; nonlinear relaxation remains
3,linear_drift_corrected,115.0,3,64,-0.5654339625033115,-0.7280787034627715,-0.34059032415145885,0.8781428837538101,3.7539379622905287,linear common-drift sensitivity only; nonlinear relaxation remains
3,linear_drift_corrected,120.0,3,64,-0.42943922872416035,-0.5798422341474676,-0.26316133473982084,0.7031835709819827,3.1765467635542137,linear common-drift sensitivity only; nonlinear relaxation remains
3,linear_drift_corrected,125.0,3,64,-0.3225085229228103,-0.47500636210413627,-0.1408050785322015,0.5502289485956577,2.8228102001137714,linear common-drift sensitivity only; nonlinear relaxation remains
3,linear_drift_corrected,130.0,3,64,-0.22561347805786788,-0.41638288227829384,-0.032684131956816534,0.4331151651253169,2.6133582697005124,linear common-drift sensitivity only; nonlinear relaxation remains
3,linear_drift_corrected,135.0,3,64,-0.18176190518057372,-0.3171170351575334,0.03763632292732561,0.3518156732012807,2.1301727635657386,linear common-drift sensitivity only; nonlinear relaxation remains
3,linear_drift_corrected,140.0,3,64,-0.08498430193842263,-0.2776936802789444,0.08096113651869771,0.2743629787772006,2.1667544091050175,linear common-drift sensitivity only; nonlinear relaxation remains
3,linear_drift_corrected,145.0,3,64,-0.02659126640640734,-0.19766849352557497,0.0849670816570122,0.2416662566589376,1.9098840060081343,linear common-drift sensitivity only; nonlinear relaxation remains
3,linear_drift_corrected,150.0,3,64,-0.016434168155403092,-0.13819312047941468,0.10171634525910861,0.1781783036684912,1.8070686523684198,linear common-drift sensitivity only; nonlinear relaxation remains
3,linear_drift_corrected,155.0,3,64,0.0272164027087858,-0.10577666811081085,0.15512369172230858,0.23320085480683606,1.8914323772638362,linear common-drift sensitivity only; nonlinear relaxation remains
3,linear_drift_corrected,160.0,3,64,0.04140818770360415,-0.11633268149222369,0.17198057387141819,0.25599952585941477,1.4758423514087706,linear common-drift sensitivity only; nonlinear relaxation remains
3,linear_drift_corrected,165.0,3,64,0.07697905672970162,-0.13115773952236218,0.19607927684417364,0.30084412847138187,1.7615494942303958,linear common-drift sensitivity only; nonlinear relaxation remains
3,linear_drift_corrected,170.0,3,64,0.06367668093932452,-0.07599006943260417,0.2191601604538027,0.2441834691101572,1.3794370144700578,linear common-drift sensitivity only; nonlinear relaxation remains
3,linear_drift_corrected,175.0,3,64,0.06414955642842321,-0.054054481675636507,0.25785701124711863,0.28469277682171423,1.2997413838720104,linear common-drift sensitivity only; nonlinear relaxation remains
3,linear_drift_corrected,180.0,3,64,0.08310828842508645,-0.07137015071696834,0.20783012735026057,0.2720863840018807,1.232530875977,linear common-drift sensitivity only; nonlinear relaxation remains
3,linear_drift_corrected,185.0,3,64,0.05494043360197409,-0.047161652449698194,0.2127006694128224,0.2287180310582242,1.230366545805205,linear common-drift sensitivity only; nonlinear relaxation remains
3,linear_drift_corrected,190.0,3,64,0.07725540291804833,-0.07468151229994896,0.19083574363209177,0.22391624869898563,1.6119052565156728,linear common-drift sensitivity only; nonlinear relaxation remains
3,linear_drift_corrected,195.0,3,64,0.055879159983925536,-0.0668975131060126,0.19970820264680506,0.2157201281718203,1.3286282176746465,linear common-drift sensitivity only; nonlinear relaxation remains
3,linear_drift_corrected,200.0,3,64,0.08210874618085581,-0.07275646752069881,0.1763225501468917,0.22306473019635847,1.3088838399135219,linear common-drift sensitivity only; nonlinear relaxation remains
4,linear_drift_corrected,20.0,3,64,-18.600514509177234,-20.261282447397356,-17.023258902665788,2.4332813870239534,4.2347350049931265,linear common-drift sensitivity only; nonlinear relaxation remains
4,linear_drift_corrected,25.0,3,64,-16.359568209083065,-17.4572824416528,-15.174832862822054,2.1894758758695616,3.3667255486041086,linear common-drift sensitivity only; nonlinear relaxation remains
4,linear_drift_corrected,30.0,3,64,-13.957261764401728,-14.905483109976984,-13.239901090160611,1.8901903180621389,2.695314662992587,linear common-drift sensitivity only; nonlinear relaxation remains
4,linear_drift_corrected,35.0,3,64,-11.83605171576569,-12.555536983497506,-11.33268475133534,1.6136485808170846,2.1104420608600094,linear common-drift sensitivity only; nonlinear relaxation remains
4,linear_drift_corrected,40.0,3,64,-9.777801878233511,-10.084293883409657,-9.14263532438101,1.320335881447761,1.7469128439942665,linear common-drift sensitivity only; nonlinear relaxation remains
4,linear_drift_corrected,45.0,3,64,-7.880642866368919,-8.241301856526631,-7.434330544948617,1.074075606543147,1.4730722302899721,linear common-drift sensitivity only; nonlinear relaxation remains
4,linear_drift_corrected,50.0,3,64,-6.265949277911044,-6.666799310916703,-5.940443216799381,0.851047830511277,1.1999380523663774,linear common-drift sensitivity only; nonlinear relaxation remains
4,linear_drift_corrected,55.0,3,64,-4.989504348079917,-5.239297668431831,-4.626119385740305,0.6654717587771444,0.9446099582122542,linear common-drift sensitivity only; nonlinear relaxation remains
4,linear_drift_corrected,60.0,3,64,-3.842735810242732,-4.12011681815004,-3.5697907994951166,0.5147308632726038,0.7592058902773431,linear common-drift sensitivity only; nonlinear relaxation remains
4,linear_drift_corrected,65.0,3,64,-3.0064413272104167,-3.1907262285536198,-2.6839282355757037,0.39756241969066153,0.6026204983273971,linear common-drift sensitivity only; nonlinear relaxation remains
4,linear_drift_corrected,70.0,3,64,-2.301941198627376,-2.5100675724446155,-1.960491452701505,0.29469838757251665,0.5245035073589008,linear common-drift sensitivity only; nonlinear relaxation remains
4,linear_drift_corrected,75.0,3,64,-1.74922909116584,-1.9345103092255582,-1.5026117848372822,0.21663399959745888,0.4282266318687178,linear common-drift sensitivity only; nonlinear relaxation remains
4,linear_drift_corrected,80.0,3,64,-1.3024202539812673,-1.480387782295242,-1.0761273804940705,0.15350243891648852,0.3503140297698195,linear common-drift sensitivity only; nonlinear relaxation remains
4,linear_drift_corrected,85.0,3,64,-0.969846335038938,-1.175984988133024,-0.7530921412065307,0.10864355889785848,0.30268836013876665,linear common-drift sensitivity only; nonlinear relaxation remains
4,linear_drift_corrected,90.0,3,64,-0.7263404892027159,-0.9204434114594079,-0.4791595654055902,0.07391915899958246,0.2632032636569619,linear common-drift sensitivity only; nonlinear relaxation remains
4,linear_drift_corrected,95.0,3,64,-0.5289983568805112,-0.7161909141272513,-0.2791569079385347,0.04302397644872702,0.23340618499846855,linear common-drift sensitivity only; nonlinear relaxation remains
4,linear_drift_corrected,100.0,3,64,-0.3934584792543422,-0.5939410250637749,-0.12173814256774397,0.02375549574202296,0.22104739695064346,linear common-drift sensitivity only; nonlinear relaxation remains
4,linear_drift_corrected,105.0,3,64,-0.2889918067155001,-0.46158604509431245,-0.05518853764946241,0.01647965492729525,0.19178447136677335,linear common-drift sensitivity only; nonlinear relaxation remains
4,linear_drift_corrected,110.0,3,64,-0.1907596833142075,-0.3658562058509787,0.02603266645171622,0.016351635337437997,0.16426770170165383,linear common-drift sensitivity only; nonlinear relaxation remains
4,linear_drift_corrected,115.0,3,64,-0.17284806368363076,-0.3000067722151396,0.043356450425047315,0.017677123208484247,0.13051788596389002,linear common-drift sensitivity only; nonlinear relaxation remains
4,linear_drift_corrected,120.0,3,64,-0.1228998412962623,-0.2644859906338229,0.09383272644929716,0.016813760541057654,0.14370487124913112,linear common-drift sensitivity only; nonlinear relaxation remains
4,linear_drift_corrected,125.0,3,64,-0.08123100292624957,-0.2350714267963796,0.125680244494945,0.014420045155613348,0.1390067721332784,linear common-drift sensitivity only; nonlinear relaxation remains
4,linear_drift_corrected,130.0,3,64,-0.07735914256058968,-0.22370555900667066,0.14154543949785334,0.015029966292186003,0.14025621764807106,linear common-drift sensitivity only; nonlinear relaxation remains
4,linear_drift_corrected,135.0,3,64,-0.05364952398321621,-0.17593732529326417,0.1735715307530901,0.016743978801987858,0.14319121762753895,linear common-drift sensitivity only; nonlinear relaxation remains
4,linear_drift_corrected,140.0,3,64,-0.01937030302638936,-0.172589256579268,0.1549153471154484,0.01388681305782491,0.140742146854965,linear common-drift sensitivity only; nonlinear relaxation remains
4,linear_drift_corrected,145.0,3,64,0.010133649254765436,-0.14852488628100008,0.17080198401140617,0.014874190219932526,0.13348365451869348,linear common-drift sensitivity only; nonlinear relaxation remains
4,linear_drift_corrected,150.0,3,64,0.03680490035693385,-0.10941623711188608,0.16219451564619206,0.009683306169245842,0.12773344996658054,linear common-drift sensitivity only; nonlinear relaxation remains
4,linear_drift_corrected,155.0,3,64,0.03951499430813342,-0.10377378344560309,0.21410669571284627,0.01213089145794255,0.12804755470347473,linear common-drift sensitivity only; nonlinear relaxation remains
4,linear_drift_corrected,160.0,3,64,0.026703311363334887,-0.10526054132942704,0.1769051476531408,0.011120899880273538,0.1199505821649609,linear common-drift sensitivity only; nonlinear relaxation remains
4,linear_drift_corrected,165.0,3,64,0.021961304622518395,-0.12175396686687688,0.19381228161842592,0.008815234058077381,0.11138386696435276,linear common-drift sensitivity only; nonlinear relaxation remains
4,linear_drift_corrected,170.0,3,64,0.04018101734296396,-0.07933050115978355,0.1788465653928889,0.010716194405731905,0.11920629319546627,linear common-drift sensitivity only; nonlinear relaxation remains
4,linear_drift_corrected,175.0,3,64,0.022904640663131047,-0.0935527214085943,0.1906249918790125,0.01169420154240508,0.1004644613698682,linear common-drift sensitivity only; nonlinear relaxation remains
4,linear_drift_corrected,180.0,3,64,0.03837962795560506,-0.07486825654389047,0.13335011434060778,0.009003252021002273,0.11366784702314536,linear common-drift sensitivity only; nonlinear relaxation remains
4,linear_drift_corrected,185.0,3,64,0.019004731566077012,-0.07982222326110025,0.16729491716003772,0.009297959396826538,0.12042218797308113,linear common-drift sensitivity only; nonlinear relaxation remains
4,linear_drift_corrected,190.0,3,64,0.03862428229987672,-0.1078610700768817,0.15067088271161108,0.01026771019812367,0.09843049724158881,linear common-drift sensitivity only; nonlinear relaxation remains
4,linear_drift_corrected,195.0,3,64,0.015046274574868129,-0.09054783965193008,0.14123285354808685,0.010720062305555889,0.11815587772596103,linear common-drift sensitivity only; nonlinear relaxation remains
4,linear_drift_corrected,200.0,3,64,0.009353538846824199,-0.06783204326014473,0.14826715158865994,0.006769391969532079,0.09662593268050923,linear common-drift sensitivity only; nonlinear relaxation remains
5,linear_drift_corrected,20.0,2,63,-28.157817393953852,-30.93835530359526,-18.78326499415832,2.5258406002781157,10.094289420032283,linear common-drift sensitivity only; nonlinear relaxation remains
5,linear_drift_corrected,25.0,2,64,-18.71925340348347,-21.028649694242066,-11.661724558976129,1.6964142356816865,8.85348833816954,linear common-drift sensitivity only; nonlinear relaxation remains
5,linear_drift_corrected,30.0,2,64,-12.60332813817748,-13.9308501517507,-9.585814879953027,1.1423018906748297,9.819050125444846,linear common-drift sensitivity only; nonlinear relaxation remains
5,linear_drift_corrected,35.0,2,64,-8.023605673484447,-9.416444528690961,-5.840343647929287,0.7247973666600132,9.21430729746271,linear common-drift sensitivity only; nonlinear relaxation remains
5,linear_drift_corrected,40.0,2,63,-4.818729524345381,-6.009170568659421,-3.232797991679079,0.4464598946571101,5.3680688485927135,linear common-drift sensitivity only; nonlinear relaxation remains
5,linear_drift_corrected,45.0,2,64,-2.984157933789688,-3.79854472021982,-1.6553757962250195,0.26988171464939015,0.9387349848698605,linear common-drift sensitivity only; nonlinear relaxation remains
5,linear_drift_corrected,50.0,2,64,-1.706004451847426,-2.509910150491759,-0.6244680107760947,0.1670965997330338,1.053631151274189,linear common-drift sensitivity only; nonlinear relaxation remains
5,linear_drift_corrected,55.0,2,64,-0.7836707908872973,-2.073200693549145,-0.10508627238785151,0.10477676343893272,1.1020965455996148,linear common-drift sensitivity only; nonlinear relaxation remains
5,linear_drift_corrected,60.0,2,64,-0.3888468124293744,-1.5520648647258706,0.1654943248231837,0.07046027840756253,1.1441345958469995,linear common-drift sensitivity only; nonlinear relaxation remains
5,linear_drift_corrected,65.0,2,64,-0.09110910955760448,-1.2384106869487739,0.6128134947913837,0.07379972344140073,1.1660995475141043,linear common-drift sensitivity only; nonlinear relaxation remains
5,linear_drift_corrected,70.0,2,64,0.01788926036613825,-0.9769172582949845,0.7006016046818462,0.07807518839372976,1.144373451757609,linear common-drift sensitivity only; nonlinear relaxation remains
5,linear_drift_corrected,75.0,2,64,0.05498972298559089,-0.8663201174715498,0.707394113177507,0.07169581230342059,1.151703921403751,linear common-drift sensitivity only; nonlinear relaxation remains
5,linear_drift_corrected,80.0,2,64,0.11205009731752033,-0.8114340709795899,0.8158863078029426,0.07289002226755503,1.1161017949690013,linear common-drift sensitivity only; nonlinear relaxation remains
5,linear_drift_corrected,85.0,2,64,0.15472549294022145,-0.5904535799118196,0.8906045546626526,0.06569634651644751,1.111531821093216,linear common-drift sensitivity only; nonlinear relaxation remains
5,linear_drift_corrected,90.0,2,64,0.12349009878946186,-0.6210563442893556,0.8900816145518384,0.06626766141075358,1.059218053170703,linear common-drift sensitivity only; nonlinear relaxation remains
5,linear_drift_corrected,95.0,2,64,0.08263783110084186,-0.5553958666465989,0.8004579625971654,0.06723365765187506,1.0775314776776277,linear common-drift sensitivity only; nonlinear relaxation remains
5,linear_drift_corrected,100.0,2,64,0.09411985895332974,-0.6077258803271492,0.825143838841973,0.060740672144013796,1.040218101111794,linear common-drift sensitivity only; nonlinear relaxation remains
5,linear_drift_corrected,105.0,2,64,0.10661156302348841,-0.7353108188391912,0.770397356460519,0.06924712900358843,1.0131721975172336,linear common-drift sensitivity only; nonlinear relaxation remains
5,linear_drift_corrected,110.0,2,64,0.15908116050749654,-0.48038432997254693,0.5940422723232524,0.05313467538449057,1.0266336329820138,linear common-drift sensitivity only; nonlinear relaxation remains
5,linear_drift_corrected,115.0,2,64,0.01916427961697098,-0.8698305657316485,0.7354209254597458,0.06761858610988081,1.011861775841485,linear common-drift sensitivity only; nonlinear relaxation remains
5,linear_drift_corrected,120.0,2,64,0.018161405055781458,-0.640703044703688,0.7138967520787336,0.064252790796826,0.984778995201447,linear common-drift sensitivity only; nonlinear relaxation remains
5,linear_drift_corrected,125.0,2,64,-0.025501834724311022,-0.6055146566193503,0.5599144951400792,0.052120887702865826,0.9393902250319215,linear common-drift sensitivity only; nonlinear relaxation remains
5,linear_drift_corrected,130.0,2,64,-0.037290969527068514,-0.7858579397686571,0.5615467807054415,0.06563290273241956,0.9513351514460346,linear common-drift sensitivity only; nonlinear relaxation remains
5,linear_drift_corrected,135.0,2,64,-0.041279379233687075,-0.7361016646461699,0.4871767017911707,0.061784215751829796,0.9198408557709179,linear common-drift sensitivity only; nonlinear relaxation remains
5,linear_drift_corrected,140.0,2,64,-0.12152270712843968,-0.7642745522848939,0.5734818121139382,0.06409893140939626,0.8957880215042859,linear common-drift sensitivity only; nonlinear relaxation remains
5,linear_drift_corrected,145.0,2,64,-0.029311146619341706,-0.739262593524666,0.5818256101611212,0.0621822676796544,0.8738091316695566,linear common-drift sensitivity only; nonlinear relaxation remains
5,linear_drift_corrected,150.0,2,64,-0.0061804877841553614,-0.6226728619503176,0.4831504185183095,0.05138568062894783,0.881881358028048,linear common-drift sensitivity only; nonlinear relaxation remains
5,linear_drift_corrected,155.0,2,64,-0.015475065856812919,-0.6127835449375588,0.35360529667972185,0.04758263253214867,0.8572620379091216,linear common-drift sensitivity only; nonlinear relaxation remains
5,linear_drift_corrected,160.0,2,64,0.019861161751407123,-0.5620078735582935,0.38079037140646244,0.04023988659882782,0.8532306595621044,linear common-drift sensitivity only; nonlinear relaxation remains
5,linear_drift_corrected,165.0,2,64,-0.04530574839945456,-0.5810569879004835,0.40222699528161066,0.044633546068452684,0.8015958427459431,linear common-drift sensitivity only; nonlinear relaxation remains
5,linear_drift_corrected,170.0,2,64,-0.020453666429835173,-0.5706897178280594,0.3775532404672807,0.043312792157680136,0.7565120183848428,linear common-drift sensitivity only; nonlinear relaxation remains
5,linear_drift_corrected,175.0,2,64,-0.1774610243485511,-0.5323594956751194,0.35020669871574583,0.04356540476775583,0.7808661575893474,linear common-drift sensitivity only; nonlinear relaxation remains
5,linear_drift_corrected,180.0,2,64,-0.1236781783504127,-0.46123467857313105,0.35312878386821467,0.040256144770004276,0.7718580297470323,linear common-drift sensitivity only; nonlinear relaxation remains
5,linear_drift_corrected,185.0,2,64,-0.169152711324673,-0.5620815029482393,0.45194596535802145,0.045654394865420625,0.731043345897108,linear common-drift sensitivity only; nonlinear relaxation remains
5,linear_drift_corrected,190.0,2,64,-0.08214756796088776,-0.4892595470630121,0.4227981948536442,0.040755341132986816,0.729582732286854,linear common-drift sensitivity only; nonlinear relaxation remains
5,linear_drift_corrected,195.0,2,64,-0.11251026317589705,-0.44354347701636765,0.3816752568304933,0.03852233402829697,0.6787749947786146,linear common-drift sensitivity only; nonlinear relaxation remains
5,linear_drift_corrected,200.0,2,64,-0.08171451103088916,-0.42909095699640787,0.36942139508755667,0.033730392125570274,0.6707749306782276,linear common-drift sensitivity only; nonlinear relaxation remains
1,far_constant_referenced,20.0,3,64,-20.26236074655838,-21.236215899683895,-19.029522109727374,11.333950850613974,20.020803416373383,linear common-drift sensitivity only; nonlinear relaxation remains
1,far_constant_referenced,25.0,3,64,-17.649414951054517,-18.344942667370788,-16.844683027509483,9.876488125358037,15.797740459749434,linear common-drift sensitivity only; nonlinear relaxation remains
1,far_constant_referenced,30.0,3,64,-14.934268422384413,-15.428639577875272,-14.366583662031466,8.396522193815372,12.481734983493766,linear common-drift sensitivity only; nonlinear relaxation remains
1,far_constant_referenced,35.0,3,64,-12.545157155647367,-12.843339193230769,-12.106714629718024,7.004610304346215,10.262024558962253,linear common-drift sensitivity only; nonlinear relaxation remains
1,far_constant_referenced,40.0,3,64,-10.198644063400135,-10.469534207437874,-9.79047050260456,5.712571798545099,8.316850927482335,linear common-drift sensitivity only; nonlinear relaxation remains
1,far_constant_referenced,45.0,3,64,-8.20681936085987,-8.388150531199086,-7.86051584887184,4.5853337143881845,6.661013574785443,linear common-drift sensitivity only; nonlinear relaxation remains
1,far_constant_referenced,50.0,3,64,-6.471580528948307,-6.6472118405629725,-6.15151726519068,3.5884879545557027,5.3097544709013675,linear common-drift sensitivity only; nonlinear relaxation remains
1,far_constant_referenced,55.0,3,64,-5.030935112298077,-5.2218651677738634,-4.784478103795337,2.7961622964893706,4.120778887120025,linear common-drift sensitivity only; nonlinear relaxation remains
1,far_constant_referenced,60.0,3,64,-3.853547917835483,-4.024081799527817,-3.6850282252657505,2.1558228940176605,3.25025835735633,linear common-drift sensitivity only; nonlinear relaxation remains
1,far_constant_referenced,65.0,3,64,-2.965360731783402,-3.1008176651523316,-2.7787350745126944,1.6298460349216626,2.505004130532555,linear common-drift sensitivity only; nonlinear relaxation remains
1,far_constant_referenced,70.0,3,64,-2.2575545198733113,-2.3704302884441044,-2.126958937749441,1.2612493810390077,1.986716295541413,linear common-drift sensitivity only; nonlinear relaxation remains
1,far_constant_referenced,75.0,3,64,-1.6590721967111997,-1.8229333204457925,-1.5521889748472646,0.9305035579546868,1.4681185117387727,linear common-drift sensitivity only; nonlinear relaxation remains
1,far_constant_referenced,80.0,3,64,-1.2620660992692248,-1.340106634701614,-1.1451320105176124,0.6976912294351898,1.1671499117741675,linear common-drift sensitivity only; nonlinear relaxation remains
1,far_constant_referenced,85.0,3,64,-0.9095711263396608,-1.0227834993826614,-0.8089140938107924,0.4960371560794812,0.88125345299893,linear common-drift sensitivity only; nonlinear relaxation remains
1,far_constant_referenced,90.0,3,64,-0.6741595467099237,-0.7612205626636394,-0.5439756396144158,0.34601999611481205,0.7695223576690324,linear common-drift sensitivity only; nonlinear relaxation remains
1,far_constant_referenced,95.0,3,64,-0.4663989315332062,-0.5409264864146953,-0.3792161128966366,0.23346764985197765,0.5460601288995335,linear common-drift sensitivity only; nonlinear relaxation remains
1,far_constant_referenced,100.0,3,64,-0.33220356670023093,-0.4083957827348503,-0.2157398599566286,0.12842636268169905,0.5016031954737237,linear common-drift sensitivity only; nonlinear relaxation remains
1,far_constant_referenced,105.0,3,64,-0.22804271043761315,-0.2909495240172711,-0.11378579507196736,0.07768785489286856,0.3761963720206438,linear common-drift sensitivity only; nonlinear relaxation remains
1,far_constant_referenced,110.0,3,64,-0.11791166265114744,-0.2069361160480751,-0.04777978718003576,0.055278230978599296,0.35085526145269874,linear common-drift sensitivity only; nonlinear relaxation remains
1,far_constant_referenced,115.0,3,64,-0.07453164341134053,-0.15038548698533716,-0.01088146351639661,0.04083504309116304,0.2769632871464438,linear common-drift sensitivity only; nonlinear relaxation remains
1,far_constant_referenced,120.0,3,64,-0.020953066286082293,-0.09575650342411836,0.07965677403779349,0.032680638829782005,0.24953533773794945,linear common-drift sensitivity only; nonlinear relaxation remains
1,far_constant_referenced,125.0,3,64,0.019572463718904365,-0.05451786547954462,0.11460337696727246,0.03642230595703477,0.21558714670163326,linear common-drift sensitivity only; nonlinear relaxation remains
1,far_constant_referenced,130.0,3,64,0.02785810196022523,-0.04024925278048103,0.11408701455762695,0.02983097225580167,0.22920531774505903,linear common-drift sensitivity only; nonlinear relaxation remains
1,far_constant_referenced,135.0,3,64,0.04165502680150135,-0.03985240907046711,0.1261151700334481,0.03568109086671445,0.2587820936366043,linear common-drift sensitivity only; nonlinear relaxation remains
1,far_constant_referenced,140.0,3,64,0.061948011641842396,-0.018098992055651235,0.13459974408308517,0.03474667612808524,0.26076734912246735,linear common-drift sensitivity only; nonlinear relaxation remains
1,far_constant_referenced,145.0,3,64,0.08382280867803524,-0.02732548505186223,0.1862127599467844,0.037321732592514145,0.28101247372359595,linear common-drift sensitivity only; nonlinear relaxation remains
1,far_constant_referenced,150.0,3,64,0.10923480630366411,-0.0011642558411932703,0.18824665920392541,0.04465618876809874,0.3137119134459283,linear common-drift sensitivity only; nonlinear relaxation remains
1,far_constant_referenced,155.0,3,64,0.09431862460102705,0.01194554595296073,0.1964897076717274,0.04122292877341094,0.317233068368898,linear common-drift sensitivity only; nonlinear relaxation remains
1,far_constant_referenced,160.0,3,64,0.08523823098304775,-0.0019346698553392083,0.1977121146798346,0.04813041005413554,0.3639574713411591,linear common-drift sensitivity only; nonlinear relaxation remains
1,far_constant_referenced,165.0,3,64,0.12566953918399618,0.026770090036061702,0.21138749592784453,0.050452745002030674,0.2822425729627369,linear common-drift sensitivity only; nonlinear relaxation remains
1,far_constant_referenced,170.0,3,64,0.11125584360428431,0.0556998995995097,0.2307799830437127,0.050973746996617386,0.3356414208007994,linear common-drift sensitivity only; nonlinear relaxation remains
1,far_constant_referenced,175.0,3,64,0.10945108847426355,0.018955416423682075,0.2175239733119274,0.04784951045517627,0.3148349522324203,linear common-drift sensitivity only; nonlinear relaxation remains
1,far_constant_referenced,180.0,3,64,0.12150888983013694,0.060112132660326,0.19972969858711784,0.05463825550485324,0.31241904432851086,linear common-drift sensitivity only; nonlinear relaxation remains
1,far_constant_referenced,185.0,3,64,0.1346583316983924,0.05166265099212218,0.19482564710455783,0.049254579451345926,0.3292561708087849,linear common-drift sensitivity only; nonlinear relaxation remains
1,far_constant_referenced,190.0,3,64,0.12650863888310107,0.03612660774202481,0.19188250180408237,0.054199016752041196,0.3330142599305601,linear common-drift sensitivity only; nonlinear relaxation remains
1,far_constant_referenced,195.0,3,64,0.12067242697426622,0.0396072972923488,0.2074612460239264,0.04951346770525511,0.30370753521344884,linear common-drift sensitivity only; nonlinear relaxation remains
1,far_constant_referenced,200.0,3,64,0.10542190529172367,0.05243878133745791,0.1910142090181305,0.042935989164555544,0.30390205608907905,linear common-drift sensitivity only; nonlinear relaxation remains
2,far_constant_referenced,20.0,3,64,-5.625323335305567,-8.228934912234644,-3.0566693613464837,0.6816536702240228,3.9295236445686896,linear common-drift sensitivity only; nonlinear relaxation remains
2,far_constant_referenced,25.0,3,64,-6.250866032146859,-8.361116173929714,-4.575131749050751,0.9173529044013549,3.4902427449405877,linear common-drift sensitivity only; nonlinear relaxation remains
2,far_constant_referenced,30.0,3,64,-6.606119658450593,-7.932173498820516,-5.052413460724954,1.0683908465686045,3.092188154153746,linear common-drift sensitivity only; nonlinear relaxation remains
2,far_constant_referenced,35.0,3,64,-6.689065646531931,-7.5569010893439525,-5.275080932096049,1.1074720456689988,2.6176588194387023,linear common-drift sensitivity only; nonlinear relaxation remains
2,far_constant_referenced,40.0,3,64,-6.338242027172257,-7.082380873640893,-5.541856265361038,1.0997372378396904,2.4038923088679667,linear common-drift sensitivity only; nonlinear relaxation remains
2,far_constant_referenced,45.0,3,64,-6.178752616454409,-6.777948754791572,-5.297544067692525,1.07745169450493,2.207592698963481,linear common-drift sensitivity only; nonlinear relaxation remains
2,far_constant_referenced,50.0,3,64,-5.690966663994541,-6.171764862388226,-5.14313443885985,1.0073116898839203,1.9040405899594361,linear common-drift sensitivity only; nonlinear relaxation remains
2,far_constant_referenced,55.0,3,64,-5.244278607042674,-5.6415378748585585,-4.797745274539494,0.9376137910394391,1.647809696060449,linear common-drift sensitivity only; nonlinear relaxation remains
2,far_constant_referenced,60.0,3,64,-4.692199959198289,-5.041639936901033,-4.453530384994954,0.8347785706052377,1.469977629690277,linear common-drift sensitivity only; nonlinear relaxation remains
2,far_constant_referenced,65.0,3,64,-4.2195541815846,-4.569763033706815,-3.991769807742931,0.7506456910414556,1.3542423938001207,linear common-drift sensitivity only; nonlinear relaxation remains
2,far_constant_referenced,70.0,3,64,-3.790201691317131,-4.071694556980942,-3.5622606227317153,0.6720179857558435,1.1132085900782158,linear common-drift sensitivity only; nonlinear relaxation remains
2,far_constant_referenced,75.0,3,64,-3.347152119485919,-3.5431751119739006,-3.1418230673453693,0.5978237320594388,0.9658521816611767,linear common-drift sensitivity only; nonlinear relaxation remains
2,far_constant_referenced,80.0,3,64,-2.9159404503200737,-3.160908842608823,-2.739923576900345,0.5217070164945454,0.8886449769988474,linear common-drift sensitivity only; nonlinear relaxation remains
2,far_constant_referenced,85.0,3,64,-2.5336370227407334,-2.6670243631611505,-2.4039575676851754,0.4525610444735193,0.7569885721796936,linear common-drift sensitivity only; nonlinear relaxation remains
2,far_constant_referenced,90.0,3,64,-2.159880138173078,-2.3644239682135684,-2.0420787234995075,0.385175769881684,0.6747813167165617,linear common-drift sensitivity only; nonlinear relaxation remains
2,far_constant_referenced,95.0,3,64,-1.8638487389150378,-2.0532348429459666,-1.6779990981401767,0.3310036639865146,0.5728392862020257,linear common-drift sensitivity only; nonlinear relaxation remains
2,far_constant_referenced,100.0,3,64,-1.6238010961452471,-1.7557680503940771,-1.4255390335679141,0.282958902741683,0.5054078617840077,linear common-drift sensitivity only; nonlinear relaxation remains
2,far_constant_referenced,105.0,3,64,-1.3889726370574924,-1.541203525314073,-1.2165940792913876,0.2391238088481913,0.4776274002782941,linear common-drift sensitivity only; nonlinear relaxation remains
2,far_constant_referenced,110.0,3,64,-1.1892718108323512,-1.307810654719964,-1.0039713502587364,0.20648394850504914,0.4420321948481316,linear common-drift sensitivity only; nonlinear relaxation remains
2,far_constant_referenced,115.0,3,64,-0.9810088658092111,-1.1100181850836617,-0.8448284408675548,0.16511051239166363,0.3676780260504984,linear common-drift sensitivity only; nonlinear relaxation remains
2,far_constant_referenced,120.0,3,64,-0.8502792275786698,-1.0068631646327364,-0.720332000934889,0.14280651902957686,0.36125382136489037,linear common-drift sensitivity only; nonlinear relaxation remains
2,far_constant_referenced,125.0,3,64,-0.6982257950900403,-0.8698649701363004,-0.5926161158924523,0.11819917760760035,0.3061216736931982,linear common-drift sensitivity only; nonlinear relaxation remains
2,far_constant_referenced,130.0,3,64,-0.5679459700846019,-0.7821652550147489,-0.43614681034919894,0.0920240691619778,0.3225488825792482,linear common-drift sensitivity only; nonlinear relaxation remains
2,far_constant_referenced,135.0,3,64,-0.5345889363254919,-0.6682872810979597,-0.37500705296559,0.07793149663534571,0.2528409697832039,linear common-drift sensitivity only; nonlinear relaxation remains
2,far_constant_referenced,140.0,3,64,-0.3929126083179062,-0.5222901265446583,-0.2884611132598047,0.0604506316123441,0.2432701412397673,linear common-drift sensitivity only; nonlinear relaxation remains
2,far_constant_referenced,145.0,3,64,-0.3315660953752819,-0.49153388672546694,-0.19007909584652416,0.0462564586282479,0.210506981940771,linear common-drift sensitivity only; nonlinear relaxation remains
2,far_constant_referenced,150.0,3,64,-0.27971398221996613,-0.42370102934976533,-0.17464152726681587,0.03879927013897522,0.19589609030250266,linear common-drift sensitivity only; nonlinear relaxation remains
2,far_constant_referenced,155.0,3,64,-0.22067601218083882,-0.4035253393604764,-0.08436874098269245,0.03261583190170292,0.17479437233541617,linear common-drift sensitivity only; nonlinear relaxation remains
2,far_constant_referenced,160.0,3,64,-0.2227905576914047,-0.3494652338716299,-0.11620982242012026,0.03149862383147628,0.1439019242501054,linear common-drift sensitivity only; nonlinear relaxation remains
2,far_constant_referenced,165.0,3,64,-0.1419383101870078,-0.27072119152948454,-0.015769012891506527,0.022137193537822064,0.12489602820486745,linear common-drift sensitivity only; nonlinear relaxation remains
2,far_constant_referenced,170.0,3,64,-0.1288511478729914,-0.27395865438863953,-0.0036304159600746037,0.02069189125218429,0.1263315978751436,linear common-drift sensitivity only; nonlinear relaxation remains
2,far_constant_referenced,175.0,3,64,-0.08749365195303568,-0.22432863595534333,0.036789021549543166,0.017380347838209076,0.11863877502205611,linear common-drift sensitivity only; nonlinear relaxation remains
2,far_constant_referenced,180.0,3,64,-0.07845718676813948,-0.17613282977491773,0.03299165555980507,0.015908541181214098,0.11423725808433716,linear common-drift sensitivity only; nonlinear relaxation remains
2,far_constant_referenced,185.0,3,64,-0.05505420615507353,-0.16890686382747053,0.04805488048185994,0.01590640490756723,0.12834999451973061,linear common-drift sensitivity only; nonlinear relaxation remains
2,far_constant_referenced,190.0,3,64,-0.029121331511003268,-0.16908638140696178,0.04832767558293824,0.015208577956413727,0.09842484021447895,linear common-drift sensitivity only; nonlinear relaxation remains
2,far_constant_referenced,195.0,3,64,-0.031668338923032884,-0.15219943161034205,0.07756637708164983,0.016466754940074324,0.1106777862592292,linear common-drift sensitivity only; nonlinear relaxation remains
2,far_constant_referenced,200.0,3,64,-0.01190389975923811,-0.1429020713159786,0.10118951242228302,0.01674914522377957,0.08946782452995805,linear common-drift sensitivity only; nonlinear relaxation remains
3,far_constant_referenced,20.0,3,64,-8.638027584272965,-12.624605647272857,-4.108627527287443,15.581341822162585,100.81745566424843,linear common-drift sensitivity only; nonlinear relaxation remains
3,far_constant_referenced,25.0,3,64,-8.205308076673587,-11.11442892960144,-5.4998869444910845,14.070071645930625,77.57874679237875,linear common-drift sensitivity only; nonlinear relaxation remains
3,far_constant_referenced,30.0,3,64,-7.879144961626326,-10.085583962075996,-5.855660522829552,12.792792324263814,62.45774922950477,linear common-drift sensitivity only; nonlinear relaxation remains
3,far_constant_referenced,35.0,3,64,-7.359946580756036,-9.038748206560118,-5.647643816427248,11.728186425342244,50.76996462302736,linear common-drift sensitivity only; nonlinear relaxation remains
3,far_constant_referenced,40.0,3,64,-6.910703302643082,-8.198268904424616,-5.538555918743818,10.476826438313083,41.36726075730144,linear common-drift sensitivity only; nonlinear relaxation remains
3,far_constant_referenced,45.0,3,64,-6.327716553354002,-7.254004665985097,-5.12867802401509,9.362361610853554,34.469113293948,linear common-drift sensitivity only; nonlinear relaxation remains
3,far_constant_referenced,50.0,3,64,-5.62575894646508,-6.469944291263433,-4.618999270424561,8.40204179432925,29.00447185106998,linear common-drift sensitivity only; nonlinear relaxation remains
3,far_constant_referenced,55.0,3,64,-5.075306702250519,-5.750904465639254,-4.156274945277881,7.373190763650854,23.923775450124765,linear common-drift sensitivity only; nonlinear relaxation remains
3,far_constant_referenced,60.0,3,64,-4.524191322334381,-4.993324982740547,-3.801173990029273,6.503689730563536,20.03214624293264,linear common-drift sensitivity only; nonlinear relaxation remains
3,far_constant_referenced,65.0,3,64,-3.964265961042969,-4.265672541581127,-3.3483985750595497,5.603394169581222,16.904579426560247,linear common-drift sensitivity only; nonlinear relaxation remains
3,far_constant_referenced,70.0,3,64,-3.471055916824724,-3.7681021594108053,-2.8659020855018458,4.923132547126713,13.959834037863772,linear common-drift sensitivity only; nonlinear relaxation remains
3,far_constant_referenced,75.0,3,64,-2.9946420786635413,-3.2143489123296676,-2.496617644269551,4.206923650714955,11.352746691933987,linear common-drift sensitivity only; nonlinear relaxation remains
3,far_constant_referenced,80.0,3,64,-2.513661553334538,-2.710232039933354,-2.151091948638488,3.6135347377617677,9.23463115896287,linear common-drift sensitivity only; nonlinear relaxation remains
3,far_constant_referenced,85.0,3,64,-2.1701283473111115,-2.318317840287679,-1.820436896621012,3.0451977927924716,7.731658709580728,linear common-drift sensitivity only; nonlinear relaxation remains
3,far_constant_referenced,90.0,3,64,-1.8289331754853348,-1.9519916970930662,-1.5229633990453266,2.5660596183154425,6.537877717342084,linear common-drift sensitivity only; nonlinear relaxation remains
3,far_constant_referenced,95.0,3,64,-1.4912734608649565,-1.6472572018488525,-1.2598318401867075,2.156998037079866,5.554197423655637,linear common-drift sensitivity only; nonlinear relaxation remains
3,far_constant_referenced,100.0,3,64,-1.2342790879814722,-1.381630863105584,-0.996510785271193,1.8070534151328879,4.116652881678043,linear common-drift sensitivity only; nonlinear relaxation remains
3,far_constant_referenced,105.0,3,64,-1.0339171034321666,-1.1554096123393829,-0.821190532877184,1.5043700844095227,3.6239816369756497,linear common-drift sensitivity only; nonlinear relaxation remains
3,far_constant_referenced,110.0,3,64,-0.8393279082599601,-0.9718871227375531,-0.6819963382504228,1.2625818606239836,2.925102080709273,linear common-drift sensitivity only; nonlinear relaxation remains
3,far_constant_referenced,115.0,3,64,-0.6920714781957596,-0.8031560946224483,-0.5229337086774863,1.0436400752230437,2.5228487096209378,linear common-drift sensitivity only; nonlinear relaxation remains
3,far_constant_referenced,120.0,3,64,-0.5580816060029278,-0.6492682758852938,-0.4199908809007811,0.8247296619654776,2.1719447705709882,linear common-drift sensitivity only; nonlinear relaxation remains
3,far_constant_referenced,125.0,3,64,-0.4556554820578559,-0.549442348248903,-0.32186769398525306,0.6925049177349702,1.7940219798425865,linear common-drift sensitivity only; nonlinear relaxation remains
3,far_constant_referenced,130.0,3,64,-0.3524961049551013,-0.47359638695969075,-0.2380222685015499,0.5503377191352019,1.6106665701324516,linear common-drift sensitivity only; nonlinear relaxation remains
3,far_constant_referenced,135.0,3,64,-0.2870296745815525,-0.3696637688363882,-0.18189321926888374,0.4611726452543019,1.4560089693447633,linear common-drift sensitivity only; nonlinear relaxation remains
3,far_constant_referenced,140.0,3,64,-0.2160379345911331,-0.3207616370429972,-0.128883090049851,0.3586698294624524,1.535885351318127,linear common-drift sensitivity only; nonlinear relaxation remains
3,far_constant_referenced,145.0,3,64,-0.19289618847709178,-0.26683415504723706,-0.04433913031115586,0.31131302100828506,1.4271440487118792,linear common-drift sensitivity only; nonlinear relaxation remains
3,far_constant_referenced,150.0,3,64,-0.12321111444412353,-0.2111076571659049,-0.0030519537636993343,0.23334249114116012,1.7417954514050615,linear common-drift sensitivity only; nonlinear relaxation remains
3,far_constant_referenced,155.0,3,64,-0.10578514115640145,-0.1859563149238825,0.012999479268267429,0.18256652461871825,1.8173495913324655,linear common-drift sensitivity only; nonlinear relaxation remains
3,far_constant_referenced,160.0,3,64,-0.08346369264191855,-0.15891304674657367,0.038823262792310874,0.1769305693174148,1.4083512749687142,linear common-drift sensitivity only; nonlinear relaxation remains
3,far_constant_referenced,165.0,3,64,-0.07100382092971683,-0.1549543604973246,0.06386720760343309,0.20448585099618904,1.6946791662903253,linear common-drift sensitivity only; nonlinear relaxation remains
3,far_constant_referenced,170.0,3,64,-0.06205033126252067,-0.1352793000298932,0.08785697296097317,0.20109646022993044,1.2397139337912,linear common-drift sensitivity only; nonlinear relaxation remains
3,far_constant_referenced,175.0,3,64,-0.034336879238602444,-0.11049180030157925,0.08659856046598727,0.16693785498715163,1.0452211956014956,linear common-drift sensitivity only; nonlinear relaxation remains
3,far_constant_referenced,180.0,3,64,-0.04269083253477565,-0.12213734041705382,0.08738008726277555,0.168884429495477,1.054495801819649,linear common-drift sensitivity only; nonlinear relaxation remains
3,far_constant_referenced,185.0,3,64,-0.02877098721759571,-0.09442614183402244,0.07806034729924212,0.14415665784064458,1.1145304366362905,linear common-drift sensitivity only; nonlinear relaxation remains
3,far_constant_referenced,190.0,3,64,-0.03707163910490899,-0.10833395258488841,0.08146718006441911,0.16176109847746345,0.9595363683034946,linear common-drift sensitivity only; nonlinear relaxation remains
3,far_constant_referenced,195.0,3,64,-0.016128541588728958,-0.10790206690728288,0.08603410599459174,0.14652609326619914,1.0595252821152576,linear common-drift sensitivity only; nonlinear relaxation remains
3,far_constant_referenced,200.0,3,64,-0.03200232634779628,-0.10180460341432267,0.07806021683002858,0.1531710680835648,1.1969609866127588,linear common-drift sensitivity only; nonlinear relaxation remains
4,far_constant_referenced,20.0,3,64,-18.55247713430978,-19.90204354006409,-16.904005960977468,2.4188704670821153,4.211790608693491,linear common-drift sensitivity only; nonlinear relaxation remains
4,far_constant_referenced,25.0,3,64,-16.4068390604189,-17.126643382387215,-15.04744872822777,2.1849846414540934,3.3443573047771906,linear common-drift sensitivity only; nonlinear relaxation remains
4,far_constant_referenced,30.0,3,64,-13.906505001798653,-14.566201870424715,-13.166820538973216,1.868098217296506,2.673391505050745,linear common-drift sensitivity only; nonlinear relaxation remains
4,far_constant_referenced,35.0,3,64,-11.76695189240057,-12.274301604300689,-11.246613378180268,1.599457247440057,2.098928351534596,linear common-drift sensitivity only; nonlinear relaxation remains
4,far_constant_referenced,40.0,3,64,-9.609138662143048,-10.11363909724907,-9.221005111925898,1.3130961052224563,1.6682793027123353,linear common-drift sensitivity only; nonlinear relaxation remains
4,far_constant_referenced,45.0,3,64,-7.746465380962234,-8.073605212800386,-7.4906253133264045,1.063380878752156,1.3410243325454303,linear common-drift sensitivity only; nonlinear relaxation remains
4,far_constant_referenced,50.0,3,64,-6.211609460224608,-6.479031016510598,-5.912052702360176,0.8472089564843515,1.101836377862469,linear common-drift sensitivity only; nonlinear relaxation remains
4,far_constant_referenced,55.0,3,64,-4.826145166060847,-5.010883615089148,-4.642895348668731,0.6601540977030709,0.8647527825105215,linear common-drift sensitivity only; nonlinear relaxation remains
4,far_constant_referenced,60.0,3,64,-3.73371270557767,-3.8972220739053984,-3.579212113776588,0.5135948319961159,0.7060761345087769,linear common-drift sensitivity only; nonlinear relaxation remains
4,far_constant_referenced,65.0,3,64,-2.870703113245335,-3.003921618978336,-2.745578865978157,0.39061883593843305,0.5503296872758625,linear common-drift sensitivity only; nonlinear relaxation remains
4,far_constant_referenced,70.0,3,64,-2.163615857740119,-2.278129534796955,-2.029554563968527,0.29099669796683614,0.473527396544867,linear common-drift sensitivity only; nonlinear relaxation remains
4,far_constant_referenced,75.0,3,64,-1.6342374557736696,-1.7420456197886702,-1.4993248796668965,0.21823110332514872,0.3783688531810938,linear common-drift sensitivity only; nonlinear relaxation remains
4,far_constant_referenced,80.0,3,64,-1.1885478122328539,-1.3090392501265002,-1.0779567485591306,0.1571496809125783,0.30122457458987384,linear common-drift sensitivity only; nonlinear relaxation remains
4,far_constant_referenced,85.0,3,64,-0.8750948452084055,-0.9746682791589549,-0.7699802196151277,0.1143901630013815,0.25460059402495006,linear common-drift sensitivity only; nonlinear relaxation remains
4,far_constant_referenced,90.0,3,64,-0.6129907864404116,-0.7266659154162065,-0.5111115663891901,0.07643455555423806,0.21607361628657173,linear common-drift sensitivity only; nonlinear relaxation remains
4,far_constant_referenced,95.0,3,64,-0.4505978182187538,-0.5072010708109969,-0.3627676929723088,0.05273011751008383,0.2193643475370468,linear common-drift sensitivity only; nonlinear relaxation remains
4,far_constant_referenced,100.0,3,64,-0.2960334345542409,-0.37389070877550173,-0.17609242997404612,0.027589155664434983,0.2312200821412791,linear common-drift sensitivity only; nonlinear relaxation remains
4,far_constant_referenced,105.0,3,64,-0.1586311444304147,-0.24276987371519887,-0.11815835670616555,0.01761230094514854,0.14803159114766018,linear common-drift sensitivity only; nonlinear relaxation remains
4,far_constant_referenced,110.0,3,64,-0.08242537091168423,-0.15407499475240047,-0.021969814856836772,0.005878157515515348,0.1210803573125343,linear common-drift sensitivity only; nonlinear relaxation remains
4,far_constant_referenced,115.0,3,64,-0.0675553041397201,-0.12433040835639558,0.009369487397148643,0.006313670554138895,0.08885329022274391,linear common-drift sensitivity only; nonlinear relaxation remains
4,far_constant_referenced,120.0,3,64,-0.021351157025365764,-0.10967134824471812,0.052222825621538224,0.0067054197548843675,0.1026969538387501,linear common-drift sensitivity only; nonlinear relaxation remains
4,far_constant_referenced,125.0,3,64,0.034139174757432014,-0.07712492508969701,0.10243282989282888,0.008675351534256581,0.09887949489772652,linear common-drift sensitivity only; nonlinear relaxation remains
4,far_constant_referenced,130.0,3,64,0.028688266018251037,-0.053780923121990815,0.11235101259173827,0.006053694596988457,0.1014074085451675,linear common-drift sensitivity only; nonlinear relaxation remains
4,far_constant_referenced,135.0,3,64,0.03860128915691738,-0.01411313361346788,0.13725644539809193,0.004475520645975006,0.10531436037168973,linear common-drift sensitivity only; nonlinear relaxation remains
4,far_constant_referenced,140.0,3,64,0.05914859991531357,0.005179368971891005,0.12427425759336302,0.006074037957984224,0.10371416431624425,linear common-drift sensitivity only; nonlinear relaxation remains
4,far_constant_referenced,145.0,3,64,0.0713332760242879,-0.008308180507787028,0.13862333233899726,0.007181826987846973,0.0975155961254659,linear common-drift sensitivity only; nonlinear relaxation remains
4,far_constant_referenced,150.0,3,64,0.07028553367854454,0.0174123383486112,0.16493488823726077,0.007464069737461276,0.09258159897194673,linear common-drift sensitivity only; nonlinear relaxation remains
4,far_constant_referenced,155.0,3,64,0.10005098446055337,0.026882822375217597,0.17104398082191333,0.007446010127491576,0.0939047727527269,linear common-drift sensitivity only; nonlinear relaxation remains
4,far_constant_referenced,160.0,3,64,0.0954555714591965,0.01146048094539289,0.15593698150236698,0.009274131947137026,0.0869170708804976,linear common-drift sensitivity only; nonlinear relaxation remains
4,far_constant_referenced,165.0,3,64,0.08960884540179148,0.011852337043843149,0.16737724682576446,0.0076194322017171245,0.07924654723242242,linear common-drift sensitivity only; nonlinear relaxation remains
4,far_constant_referenced,170.0,3,64,0.08279387246892184,0.01967855340528181,0.19064369987139373,0.008382086454392645,0.08819930615035698,linear common-drift sensitivity only; nonlinear relaxation remains
4,far_constant_referenced,175.0,3,64,0.08048462824306922,0.016399139778203807,0.17667360830454157,0.007731704924252087,0.0704784097739628,linear common-drift sensitivity only; nonlinear relaxation remains
4,far_constant_referenced,180.0,3,64,0.08392658431304395,0.017994776357273937,0.1587150726863837,0.005583248280315534,0.08479354084929902,linear common-drift sensitivity only; nonlinear relaxation remains
4,far_constant_referenced,185.0,3,64,0.08563399506598018,0.010179316317084516,0.16245289143980646,0.0071304201516100285,0.09228324665155885,linear common-drift sensitivity only; nonlinear relaxation remains
4,far_constant_referenced,190.0,3,64,0.05209741652817805,-0.002527310847472517,0.14903268225363644,0.005611360239030305,0.0711824298309951,linear common-drift sensitivity only; nonlinear relaxation remains
4,far_constant_referenced,195.0,3,64,0.06560747856581851,-0.019801185493446796,0.16788350382485265,0.006932732178017709,0.09203731729054443,linear common-drift sensitivity only; nonlinear relaxation remains
4,far_constant_referenced,200.0,3,64,0.07768215457942727,-0.004231095540977616,0.16658452009712005,0.006785434869362561,0.07184316045914141,linear common-drift sensitivity only; nonlinear relaxation remains
5,far_constant_referenced,20.0,2,63,-28.015223624283692,-31.02770058819037,-20.003707576929845,2.5295549277818736,10.190327693485642,linear common-drift sensitivity only; nonlinear relaxation remains
5,far_constant_referenced,25.0,2,64,-19.35696581810781,-21.396322849544003,-13.958430044932554,1.752451805871459,8.946997102248758,linear common-drift sensitivity only; nonlinear relaxation remains
5,far_constant_referenced,30.0,2,64,-12.977896529089351,-14.198599666217431,-10.293651168864887,1.1676061359903542,9.803153907613932,linear common-drift sensitivity only; nonlinear relaxation remains
5,far_constant_referenced,35.0,2,64,-8.158471687701514,-9.366945417644978,-6.370374835669938,0.736044216241396,9.180649333941346,linear common-drift sensitivity only; nonlinear relaxation remains
5,far_constant_referenced,40.0,2,63,-4.9744066331544445,-6.165492251733317,-4.023779587186757,0.4449762183563877,5.333966264363141,linear common-drift sensitivity only; nonlinear relaxation remains
5,far_constant_referenced,45.0,2,64,-2.968791393654861,-3.997144282338502,-2.2846629461508066,0.2655676676355334,0.552996257057778,linear common-drift sensitivity only; nonlinear relaxation remains
5,far_constant_referenced,50.0,2,64,-1.7888980141457136,-2.811054974361441,-1.2159047312765314,0.1600225176716279,0.4213284253739218,linear common-drift sensitivity only; nonlinear relaxation remains
5,far_constant_referenced,55.0,2,64,-1.0887443582182692,-1.8751169288854417,-0.6975300864963424,0.09739158516874369,0.34977232657808877,linear common-drift sensitivity only; nonlinear relaxation remains
5,far_constant_referenced,60.0,2,64,-0.8320544161308592,-1.2554799996131702,-0.33443067467086096,0.07708424287858762,0.30533190704988167,linear common-drift sensitivity only; nonlinear relaxation remains
5,far_constant_referenced,65.0,2,64,-0.5413681126183263,-1.0211586437685123,-0.05232395384456467,0.057983205746188204,0.27924895966737573,linear common-drift sensitivity only; nonlinear relaxation remains
5,far_constant_referenced,70.0,2,64,-0.3554380520990773,-0.7638877860913815,0.0765865694676316,0.049879830309892625,0.2790798695089593,linear common-drift sensitivity only; nonlinear relaxation remains
5,far_constant_referenced,75.0,2,64,-0.3279531142187362,-0.6139514238653567,0.22268672600103478,0.043361246250596786,0.24752807282895617,linear common-drift sensitivity only; nonlinear relaxation remains
5,far_constant_referenced,80.0,2,64,-0.20453085935753265,-0.63982953373268,0.22633343854821322,0.04067388009614792,0.24035145117679635,linear common-drift sensitivity only; nonlinear relaxation remains
5,far_constant_referenced,85.0,2,64,-0.1886669188279851,-0.5286896370245091,0.30808760111076416,0.03668189975361669,0.2614647789448332,linear common-drift sensitivity only; nonlinear relaxation remains
5,far_constant_referenced,90.0,2,64,-0.20733950099462017,-0.5393234970261672,0.35373812604758165,0.040522586651808634,0.25756723971131024,linear common-drift sensitivity only; nonlinear relaxation remains
5,far_constant_referenced,95.0,2,64,-0.2683008045484718,-0.5055257636012365,0.21979967634156583,0.03810252928540825,0.2463046724262945,linear common-drift sensitivity only; nonlinear relaxation remains
5,far_constant_referenced,100.0,2,64,-0.2187171576065437,-0.5817145467391833,0.20100199026799415,0.04089720874347558,0.253651381176212,linear common-drift sensitivity only; nonlinear relaxation remains
5,far_constant_referenced,105.0,2,64,-0.2701362163551985,-0.5891112578323164,0.27728578305674534,0.040115501056865455,0.24833415037943496,linear common-drift sensitivity only; nonlinear relaxation remains
5,far_constant_referenced,110.0,2,64,-0.21993201923735822,-0.6214060490283402,0.1443652718183003,0.03821561601381074,0.23413638334194786,linear common-drift sensitivity only; nonlinear relaxation remains
5,far_constant_referenced,115.0,2,64,-0.21029912979878404,-0.5859081897991435,0.11209255621868246,0.03885552395078262,0.22604598542755472,linear common-drift sensitivity only; nonlinear relaxation remains
5,far_constant_referenced,120.0,2,64,-0.23996453644204102,-0.609471664072802,0.18553639921866028,0.03964483542657771,0.23430860041136725,linear common-drift sensitivity only; nonlinear relaxation remains
5,far_constant_referenced,125.0,2,64,-0.28065780524479145,-0.59236384336279,0.07871680316742596,0.041474537805312295,0.21806526831511697,linear common-drift sensitivity only; nonlinear relaxation remains
5,far_constant_referenced,130.0,2,64,-0.3120191890022247,-0.6511009802503429,0.048333656397752514,0.04321555927056431,0.232701225612157,linear common-drift sensitivity only; nonlinear relaxation remains
5,far_constant_referenced,135.0,2,64,-0.3377749132159701,-0.6225544203758145,0.06810112242298617,0.04186745242424483,0.23134667808587217,linear common-drift sensitivity only; nonlinear relaxation remains
5,far_constant_referenced,140.0,2,64,-0.3515211582036095,-0.6422275829470322,-0.003145925270393167,0.044588101513483025,0.23481377727463837,linear common-drift sensitivity only; nonlinear relaxation remains
5,far_constant_referenced,145.0,2,64,-0.27664000882475215,-0.5956987376090382,0.06079473205863874,0.03354354586496289,0.2304114541188067,linear common-drift sensitivity only; nonlinear relaxation remains
5,far_constant_referenced,150.0,2,64,-0.24272408809446705,-0.6499700250178534,0.116474296732936,0.03609389213969627,0.23063270051996376,linear common-drift sensitivity only; nonlinear relaxation remains
5,far_constant_referenced,155.0,2,64,-0.242837266943139,-0.5277577805471405,0.0038947626555940846,0.030801972970768254,0.23573853483459617,linear common-drift sensitivity only; nonlinear relaxation remains
5,far_constant_referenced,160.0,2,64,-0.2402180019427156,-0.4846571654211537,0.06229615463307066,0.03329368593766269,0.223794000746123,linear common-drift sensitivity only; nonlinear relaxation remains
5,far_constant_referenced,165.0,2,64,-0.229870356063598,-0.5047854896115317,0.058280086415803435,0.03271395412995748,0.24309519144919634,linear common-drift sensitivity only; nonlinear relaxation remains
5,far_constant_referenced,170.0,2,64,-0.2327879879335532,-0.42280994186019205,0.023981314015123704,0.03125218244658701,0.24069900097250235,linear common-drift sensitivity only; nonlinear relaxation remains
5,far_constant_referenced,175.0,2,64,-0.21185067912750605,-0.5399501662523342,0.04991586413112231,0.03698391291059322,0.24844492072369417,linear common-drift sensitivity only; nonlinear relaxation remains
5,far_constant_referenced,180.0,2,64,-0.2837755458894963,-0.5435844742553934,0.04422965085248763,0.03156369992354735,0.24224617133240045,linear common-drift sensitivity only; nonlinear relaxation remains
5,far_constant_referenced,185.0,2,64,-0.29235096607447175,-0.492523288628781,0.020821706013863125,0.03701418965864589,0.24369752163143588,linear common-drift sensitivity only; nonlinear relaxation remains
5,far_constant_referenced,190.0,2,64,-0.20223254207763353,-0.4982605985923105,0.07225700865032245,0.026220494762457414,0.2503786000652166,linear common-drift sensitivity only; nonlinear relaxation remains
5,far_constant_referenced,195.0,2,64,-0.21434075119095441,-0.42315343514429504,0.04854378298625106,0.03046645101960377,0.22945516594321091,linear common-drift sensitivity only; nonlinear relaxation remains
5,far_constant_referenced,200.0,2,64,-0.2024226693970888,-0.4700062738729212,0.0731126538529876,0.026132790394360006,0.23681666282906555,linear common-drift sensitivity only; nonlinear relaxation remains
