test,preprocessing,baseline_method,distance_nm,block,contrast,pixel_mean_difference_pN,pixel_paired_t_p,pixel_holm_p_across_37_distances,tile_mean_difference_pN,tile_paired_t_p,tile_holm_p_across_37_distances,experimental_block_count,experimental_mean_of_block_median_differences_pN,experimental_paired_t_p,experimental_holm_p,interpretation
map3_5_no_refresh,palindrome_mean,linear_drift_corrected,20.0,3,0.2_minus_0.05_um_per_s,57.70475155101646,0.007157984356618532,0.20042356198531888,57.70475155101646,0.046075699435056267,1.0,3,-13.917426983814948,0.7571863103418519,1.0,pixel/tile tests are conditional within measured area; block test is the experimental-unit inference
map3_5_no_refresh,palindrome_mean,linear_drift_corrected,20.0,4,0.2_minus_0.05_um_per_s,-75.25008677007703,4.1855674088953043e-07,1.5486599412912626e-05,-75.25008677007703,0.0012211906365125805,0.041520481641427735,3,-13.917426983814948,0.7571863103418519,1.0,pixel/tile tests are conditional within measured area; block test is the experimental-unit inference
map3_5_no_refresh,palindrome_mean,linear_drift_corrected,20.0,5,0.2_minus_0.05_um_per_s,7.366326426930746,0.7275324620219008,1.0,5.16393912945443,0.8149846516530639,1.0,3,-13.917426983814948,0.7571863103418519,1.0,pixel/tile tests are conditional within measured area; block test is the experimental-unit inference
map3_5_no_refresh,palindrome_mean,linear_drift_corrected,50.0,3,0.2_minus_0.05_um_per_s,19.710434974434758,4.330500449985585e-05,0.0016022851664946665,19.710434974434758,0.003052074480308006,0.11292675577139623,3,8.57690853636244,0.3379487999076667,1.0,pixel/tile tests are conditional within measured area; block test is the experimental-unit inference
map3_5_no_refresh,palindrome_mean,linear_drift_corrected,50.0,4,0.2_minus_0.05_um_per_s,9.93066131503843,0.006581347235769778,0.177696375365784,9.93066131503843,0.07636795842440833,1.0,3,8.57690853636244,0.3379487999076667,1.0,pixel/tile tests are conditional within measured area; block test is the experimental-unit inference
map3_5_no_refresh,palindrome_mean,linear_drift_corrected,50.0,5,0.2_minus_0.05_um_per_s,-5.506892976466869,0.0029831576453373653,0.10739367523214516,-5.506892976466869,0.007273950500868564,0.2618622180312683,3,8.57690853636244,0.3379487999076667,1.0,pixel/tile tests are conditional within measured area; block test is the experimental-unit inference
map3_5_no_refresh,palindrome_mean,linear_drift_corrected,100.0,3,0.2_minus_0.05_um_per_s,0.41927006736286754,0.7318004651767576,1.0,0.4192700673628674,0.7591436681947337,1.0,3,0.9177841867390946,0.405280739746568,1.0,pixel/tile tests are conditional within measured area; block test is the experimental-unit inference
map3_5_no_refresh,palindrome_mean,linear_drift_corrected,100.0,4,0.2_minus_0.05_um_per_s,3.64818795599406,0.0780683056442255,1.0,3.6481879559940595,0.05302896854552719,1.0,3,0.9177841867390946,0.405280739746568,1.0,pixel/tile tests are conditional within measured area; block test is the experimental-unit inference
map3_5_no_refresh,palindrome_mean,linear_drift_corrected,100.0,5,0.2_minus_0.05_um_per_s,-0.4234102171865657,0.7916272030244457,1.0,-0.4234102171865658,0.749498030621403,1.0,3,0.9177841867390946,0.405280739746568,1.0,pixel/tile tests are conditional within measured area; block test is the experimental-unit inference
map3_5_no_refresh,palindrome_mean,linear_drift_corrected,200.0,3,0.2_minus_0.05_um_per_s,0.24376208235418262,0.68347966738288,1.0,0.24376208235418262,0.6636067811179056,1.0,3,0.15796798374457843,0.43959333123138267,1.0,pixel/tile tests are conditional within measured area; block test is the experimental-unit inference
map3_5_no_refresh,palindrome_mean,linear_drift_corrected,200.0,4,0.2_minus_0.05_um_per_s,0.4100638065329928,0.7715440904420559,1.0,0.4100638065329927,0.7594203448396519,1.0,3,0.15796798374457843,0.43959333123138267,1.0,pixel/tile tests are conditional within measured area; block test is the experimental-unit inference
map3_5_no_refresh,palindrome_mean,linear_drift_corrected,200.0,5,0.2_minus_0.05_um_per_s,-0.5162115995389087,0.7256441981769011,1.0,-0.5162115995389092,0.7200763603255427,1.0,3,0.15796798374457843,0.43959333123138267,1.0,pixel/tile tests are conditional within measured area; block test is the experimental-unit inference
map3_5_no_refresh,palindrome_mean,far_constant_referenced,20.0,3,0.2_minus_0.05_um_per_s,51.377178074697916,0.015470472782504033,0.11722488060221586,51.37717807469791,0.07269302451214724,0.5815441960971779,3,-10.28422981065186,0.8280958532360063,1.0,pixel/tile tests are conditional within measured area; block test is the experimental-unit inference
map3_5_no_refresh,palindrome_mean,far_constant_referenced,20.0,4,0.2_minus_0.05_um_per_s,-79.21000762420258,7.24083024562632e-08,2.6791071908817384e-06,-79.21000762420258,0.0006975811090227835,0.02581050103384299,3,-10.28422981065186,0.8280958532360063,1.0,pixel/tile tests are conditional within measured area; block test is the experimental-unit inference
map3_5_no_refresh,palindrome_mean,far_constant_referenced,20.0,5,0.2_minus_0.05_um_per_s,9.791390021112612,0.6481541207817365,1.0,7.4151659589555265,0.7473078163223783,1.0,3,-10.28422981065186,0.8280958532360063,1.0,pixel/tile tests are conditional within measured area; block test is the experimental-unit inference
map3_5_no_refresh,palindrome_mean,far_constant_referenced,50.0,3,0.2_minus_0.05_um_per_s,14.220145168428644,0.0016393053354030916,0.0196716640248371,14.220145168428644,0.024110571831755485,0.28932686198106583,3,5.2016214863280545,0.2532435207401099,1.0,pixel/tile tests are conditional within measured area; block test is the experimental-unit inference
map3_5_no_refresh,palindrome_mean,far_constant_referenced,50.0,4,0.2_minus_0.05_um_per_s,6.487967599193336,0.038109499116971736,0.9908469770412651,6.487967599193337,0.21957616129224222,1.0,3,5.2016214863280545,0.2532435207401099,1.0,pixel/tile tests are conditional within measured area; block test is the experimental-unit inference
map3_5_no_refresh,palindrome_mean,far_constant_referenced,50.0,5,0.2_minus_0.05_um_per_s,-3.209006702057393,0.1125230641430414,1.0,-3.209006702057394,0.18639683077284325,1.0,3,5.2016214863280545,0.2532435207401099,1.0,pixel/tile tests are conditional within measured area; block test is the experimental-unit inference
map3_5_no_refresh,palindrome_mean,far_constant_referenced,100.0,3,0.2_minus_0.05_um_per_s,-3.987136350130081,1.2251080337304422e-05,0.0002940259280953061,-3.987136350130081,0.002316020417340188,0.05569538178701043,3,-1.3445498120244253,0.5816634123628122,1.0,pixel/tile tests are conditional within measured area; block test is the experimental-unit inference
map3_5_no_refresh,palindrome_mean,far_constant_referenced,100.0,4,0.2_minus_0.05_um_per_s,0.8649460825575649,0.585764704205701,1.0,0.8649460825575649,0.6119439457087951,1.0,3,-1.3445498120244253,0.5816634123628122,1.0,pixel/tile tests are conditional within measured area; block test is the experimental-unit inference
map3_5_no_refresh,palindrome_mean,far_constant_referenced,100.0,5,0.2_minus_0.05_um_per_s,1.4737798417360635,0.41097509685532263,1.0,1.4737798417360632,0.28188425512238524,1.0,3,-1.3445498120244253,0.5816634123628122,1.0,pixel/tile tests are conditional within measured area; block test is the experimental-unit inference
map3_5_no_refresh,palindrome_mean,far_constant_referenced,200.0,3,0.2_minus_0.05_um_per_s,-2.1151020710275286,1.0315657370909937e-06,3.30101035869118e-05,-2.1151020710275286,0.00021103222586811273,0.007597160131252058,3,-1.1338874091471416,0.37925050852101194,1.0,pixel/tile tests are conditional within measured area; block test is the experimental-unit inference
map3_5_no_refresh,palindrome_mean,far_constant_referenced,200.0,4,0.2_minus_0.05_um_per_s,-1.1031978946391585,0.3711089131625488,1.0,-1.103197894639159,0.41657905153611974,1.0,3,-1.1338874091471416,0.37925050852101194,1.0,pixel/tile tests are conditional within measured area; block test is the experimental-unit inference
map3_5_no_refresh,palindrome_mean,far_constant_referenced,200.0,5,0.2_minus_0.05_um_per_s,0.562629304236512,0.7544170006602371,1.0,0.5626293042365121,0.7151126364066587,1.0,3,-1.1338874091471416,0.37925050852101194,1.0,pixel/tile tests are conditional within measured area; block test is the experimental-unit inference
map3_5_no_refresh,linear_center_aligned,linear_drift_corrected,20.0,3,0.2_minus_0.05_um_per_s,86.64459728850144,4.983362591789629e-05,0.0010963397701937185,86.64459728850144,0.004275544391679337,0.08551088783358674,3,-8.326667302719747,0.8824210100331047,1.0,pixel/tile tests are conditional within measured area; block test is the experimental-unit inference
map3_5_no_refresh,linear_center_aligned,linear_drift_corrected,20.0,4,0.2_minus_0.05_um_per_s,-80.6833846442459,7.657316575749562e-08,2.8332071330273377e-06,-80.6833846442459,0.0006594841585651347,0.02374142970834485,3,-8.326667302719747,0.8824210100331047,1.0,pixel/tile tests are conditional within measured area; block test is the experimental-unit inference
map3_5_no_refresh,linear_center_aligned,linear_drift_corrected,20.0,5,0.2_minus_0.05_um_per_s,2.968988254641603,0.8883277309460471,1.0,0.7649645551757303,0.9725481841212958,1.0,3,-8.326667302719747,0.8824210100331047,1.0,pixel/tile tests are conditional within measured area; block test is the experimental-unit inference
map3_5_no_refresh,linear_center_aligned,linear_drift_corrected,50.0,3,0.2_minus_0.05_um_per_s,40.54885610667375,5.333658237880659e-14,1.973453548015844e-12,40.54885610667375,1.543256294999263e-06,5.555722661997347e-05,3,15.156272696877815,0.3716755579495091,1.0,pixel/tile tests are conditional within measured area; block test is the experimental-unit inference
map3_5_no_refresh,linear_center_aligned,linear_drift_corrected,50.0,4,0.2_minus_0.05_um_per_s,8.10690456129532,0.024874948052454566,0.6218737013113641,8.10690456129532,0.14121273080830632,1.0,3,15.156272696877815,0.3716755579495091,1.0,pixel/tile tests are conditional within measured area; block test is the experimental-unit inference
map3_5_no_refresh,linear_center_aligned,linear_drift_corrected,50.0,5,0.2_minus_0.05_um_per_s,-5.783749429858094,0.0019485745017399669,0.0701486820626388,-5.783749429858094,0.0058316233811675534,0.2099384417220319,3,15.156272696877815,0.3716755579495091,1.0,pixel/tile tests are conditional within measured area; block test is the experimental-unit inference
map3_5_no_refresh,linear_center_aligned,linear_drift_corrected,100.0,3,0.2_minus_0.05_um_per_s,4.529698071716755,0.00020230178653110603,0.004248337517153227,4.529698071716754,0.001955878295690354,0.04302932250518779,3,2.5614009371169577,0.15136535412651897,1.0,pixel/tile tests are conditional within measured area; block test is the experimental-unit inference
map3_5_no_refresh,linear_center_aligned,linear_drift_corrected,100.0,4,0.2_minus_0.05_um_per_s,3.5430327756659494,0.08599965068939136,1.0,3.5430327756659494,0.05925818457422065,1.0,3,2.5614009371169577,0.15136535412651897,1.0,pixel/tile tests are conditional within measured area; block test is the experimental-unit inference
map3_5_no_refresh,linear_center_aligned,linear_drift_corrected,100.0,5,0.2_minus_0.05_um_per_s,-0.3969552027951788,0.8054723172712233,1.0,-0.39695520279517865,0.7685953682349288,1.0,3,2.5614009371169577,0.15136535412651897,1.0,pixel/tile tests are conditional within measured area; block test is the experimental-unit inference
map3_5_no_refresh,linear_center_aligned,linear_drift_corrected,200.0,3,0.2_minus_0.05_um_per_s,0.0211653691737497,0.9714283674078783,1.0,0.021165369173749726,0.9672541661281248,1.0,3,0.12822617790558732,0.6341313430853347,1.0,pixel/tile tests are conditional within measured area; block test is the experimental-unit inference
map3_5_no_refresh,linear_center_aligned,linear_drift_corrected,200.0,4,0.2_minus_0.05_um_per_s,0.4173040824714923,0.767209024617344,1.0,0.41730408247149264,0.755067357355084,1.0,3,0.12822617790558732,0.6341313430853347,1.0,pixel/tile tests are conditional within measured area; block test is the experimental-unit inference
map3_5_no_refresh,linear_center_aligned,linear_drift_corrected,200.0,5,0.2_minus_0.05_um_per_s,-0.5177316119465205,0.7271360178471373,1.0,-0.5177316119465204,0.7217205349134538,1.0,3,0.12822617790558732,0.6341313430853347,1.0,pixel/tile tests are conditional within measured area; block test is the experimental-unit inference
map3_5_no_refresh,linear_center_aligned,far_constant_referenced,20.0,3,0.2_minus_0.05_um_per_s,80.97527671286224,0.00012251874628150625,0.0017152624479410874,80.97527671286224,0.00684604996516239,0.09584469951227347,3,-4.405678381888872,0.9388463448493425,1.0,pixel/tile tests are conditional within measured area; block test is the experimental-unit inference
map3_5_no_refresh,linear_center_aligned,far_constant_referenced,20.0,4,0.2_minus_0.05_um_per_s,-84.60820130580476,1.2412469386929492e-08,4.592613673163912e-07,-84.60820130580476,0.0003760105191904205,0.013912389210045558,3,-4.405678381888872,0.9388463448493425,1.0,pixel/tile tests are conditional within measured area; block test is the experimental-unit inference
map3_5_no_refresh,linear_center_aligned,far_constant_referenced,20.0,5,0.2_minus_0.05_um_per_s,5.3022916704907646,0.8048343246679612,1.0,2.925299323557738,0.8995196319160959,1.0,3,-4.405678381888872,0.9388463448493425,1.0,pixel/tile tests are conditional within measured area; block test is the experimental-unit inference
map3_5_no_refresh,linear_center_aligned,far_constant_referenced,50.0,3,0.2_minus_0.05_um_per_s,35.63097683332291,1.291526323821102e-12,4.7786473981380776e-11,35.630976833322904,8.295680232436606e-06,0.0003069401686001544,3,12.064345186722955,0.3319439518851758,1.0,pixel/tile tests are conditional within measured area; block test is the experimental-unit inference
map3_5_no_refresh,linear_center_aligned,far_constant_referenced,50.0,4,0.2_minus_0.05_um_per_s,4.694924093157209,0.1298828702722313,1.0,4.694924093157209,0.36860602621592764,1.0,3,12.064345186722955,0.3319439518851758,1.0,pixel/tile tests are conditional within measured area; block test is the experimental-unit inference
map3_5_no_refresh,linear_center_aligned,far_constant_referenced,50.0,5,0.2_minus_0.05_um_per_s,-3.567452269804316,0.08001339994818643,1.0,-3.567452269804316,0.14697789835844383,1.0,3,12.064345186722955,0.3319439518851758,1.0,pixel/tile tests are conditional within measured area; block test is the experimental-unit inference
map3_5_no_refresh,linear_center_aligned,far_constant_referenced,100.0,3,0.2_minus_0.05_um_per_s,0.5836242159148333,0.4421593147573606,1.0,0.5836242159148333,0.5578880113153655,1.0,3,0.22202403301216447,0.808906457360589,1.0,pixel/tile tests are conditional within measured area; block test is the experimental-unit inference
map3_5_no_refresh,linear_center_aligned,far_constant_referenced,100.0,4,0.2_minus_0.05_um_per_s,0.784735635786174,0.6201759474558599,1.0,0.7847356357861742,0.6446177160819511,1.0,3,0.22202403301216447,0.808906457360589,1.0,pixel/tile tests are conditional within measured area; block test is the experimental-unit inference
map3_5_no_refresh,linear_center_aligned,far_constant_referenced,100.0,5,0.2_minus_0.05_um_per_s,1.4334097964784478,0.42594290944497926,1.0,1.4334097964784478,0.2936284323808399,1.0,3,0.22202403301216447,0.808906457360589,1.0,pixel/tile tests are conditional within measured area; block test is the experimental-unit inference
map3_5_no_refresh,linear_center_aligned,far_constant_referenced,200.0,3,0.2_minus_0.05_um_per_s,-2.0897607235437836,6.096751326758645e-07,1.5851553449572478e-05,-2.0897607235437836,0.00015324950005417339,0.0042909860015168545,3,-1.0759135344464408,0.38899302553825443,1.0,pixel/tile tests are conditional within measured area; block test is the experimental-unit inference
map3_5_no_refresh,linear_center_aligned,far_constant_referenced,200.0,4,0.2_minus_0.05_um_per_s,-1.0824166587501558,0.3792704174837874,1.0,-1.0824166587501558,0.42437046825400015,1.0,3,-1.0759135344464408,0.38899302553825443,1.0,pixel/tile tests are conditional within measured area; block test is the experimental-unit inference
map3_5_no_refresh,linear_center_aligned,far_constant_referenced,200.0,5,0.2_minus_0.05_um_per_s,0.5241532164279303,0.7716624905197099,1.0,0.5241532164279301,0.7339326530030621,1.0,3,-1.0759135344464408,0.38899302553825443,1.0,pixel/tile tests are conditional within measured area; block test is the experimental-unit inference
