block,speed_um_per_s,distance_nm,early_map_order,late_map_order,early_force_pN,late_force_pN,pair_mean_force_pN,pair_half_difference_pN
1,0.1,20.0,1,8,758.1496310516037,679.0351134828907,718.5923722672471,39.55725878435652
1,0.1,25.0,1,8,599.8231783002876,550.7252641995503,575.274221249919,24.548957050368642
1,0.1,30.0,1,8,517.0639994005332,458.7316410461171,487.8978202233252,29.16617917720808
1,0.1,35.0,1,8,441.58155177058893,395.1599546647406,418.37075321766474,23.21079855292416
1,0.1,40.0,1,8,378.6201005885938,318.0362687550934,348.3281846718436,30.291915916750213
1,0.1,45.0,1,8,322.20392019117196,272.62758288698745,297.4157515390797,24.788168652092253
1,0.1,50.0,1,8,275.8467214297426,236.58866560423286,256.21769351698777,19.62902791275488
1,0.1,55.0,1,8,244.63746459935248,197.32259104996075,220.98002782465662,23.657436774695867
1,0.1,60.0,1,8,212.14696733486952,171.44958283177664,191.79827508332306,20.34869225154644
1,0.1,65.0,1,8,180.70902762616214,146.86318295702193,163.78610529159204,16.922922334570103
1,0.1,70.0,1,8,155.36633240167924,130.98977801969846,143.17805521068885,12.18827719099039
1,0.1,75.0,1,8,143.83677555412442,115.4964674527547,129.66662150343956,14.170154050684857
1,0.1,80.0,1,8,133.09099974021774,96.26480565569898,114.67790269795836,18.41309704225938
1,0.1,85.0,1,8,119.74337838965647,86.87581862951197,103.30959850958422,16.43377988007225
1,0.1,90.0,1,8,107.5976385666354,76.01667058229805,91.80715457446672,15.790483992168674
1,0.1,95.0,1,8,94.15846454016501,68.7015355660615,81.43000005311325,12.72846448705176
1,0.1,100.0,1,8,84.0879021368057,60.91385885197988,72.50088049439279,11.587021642412907
1,0.1,105.0,1,8,77.94852150914751,52.88388067478174,65.41620109196462,12.532320417182884
1,0.1,110.0,1,8,81.21534166631915,42.31619022340615,61.76576594486265,19.449575721456497
1,0.1,115.0,1,8,72.04663773439444,43.204943706304206,57.62579072034932,14.420847014045115
1,0.1,120.0,1,8,74.59684199511457,41.50639802414597,58.05162000963027,16.5452219854843
1,0.1,125.0,1,8,61.378911984948104,39.75768558435954,50.56829878465382,10.81061320029428
1,0.1,130.0,1,8,61.055213797846825,35.399738448770876,48.22747612330885,12.827737674537975
1,0.1,135.0,1,8,57.1138097997393,28.463869421843818,42.788839610791555,14.324970188947741
1,0.1,140.0,1,8,50.47907385955244,30.136569614601946,40.30782173707719,10.171252122475249
1,0.1,145.0,1,8,44.26979443716475,22.77590677473205,33.5228506059484,10.746943831216349
1,0.1,150.0,1,8,47.274663932229814,20.40653810169811,33.84060101696396,13.434062915265852
1,0.1,155.0,1,8,47.235961968617,21.730638972377527,34.48330047049726,12.752661498119735
1,0.1,160.0,1,8,40.87064868779463,22.345248023810285,31.607948355802456,9.262700331992171
1,0.1,165.0,1,8,31.760295918474768,20.589958238323863,26.175127078399314,5.585168840075452
1,0.1,170.0,1,8,39.470651543438365,12.716577218689485,26.093614381063926,13.377037162374439
1,0.1,175.0,1,8,32.807386159185626,15.500302103178864,24.153844131182247,8.65354202800338
1,0.1,180.0,1,8,29.64707924005485,13.779704916924207,21.713392078489527,7.933687161565322
1,0.1,185.0,1,8,26.27101218730814,7.244142758496016,16.757577472902078,9.513434714406063
1,0.1,190.0,1,8,28.392363567839624,7.3242472080126495,17.858305387926137,10.534058179913487
1,0.1,195.0,1,8,22.330999869397942,8.943732200803488,15.637366035100715,6.693633834297227
1,0.1,200.0,1,8,24.26573356237126,14.151432638492084,19.20858310043167,5.057150461939588
1,0.1,205.0,1,8,25.68334208828685,8.247726425384982,16.965534256835916,8.717807831450934
1,0.1,210.0,1,8,18.351656018261462,13.167614143945297,15.75963508110338,2.5920209371580825
1,0.1,215.0,1,8,17.065660676824244,4.297591290793285,10.681625983808765,6.384034693015479
1,0.1,220.0,1,8,17.506773596855986,1.7537655643167103,9.630269580586347,7.876504016269638
1,0.1,225.0,1,8,17.098928460614513,4.05315260451617,10.576040532565342,6.522887928049171
1,0.1,230.0,1,8,13.928482157182962,1.6949339406907122,7.811708048936837,6.116774108246125
1,0.1,235.0,1,8,9.159194117235764,0.27396218762978614,4.716578152432775,4.442615964802989
1,0.1,240.0,1,8,13.136533286180725,7.145499140623594,10.14101621340216,2.995517072778566
1,0.1,245.0,1,8,7.928865983735309,4.441663326572495,6.185264655153903,1.743601328581407
1,0.1,250.0,1,8,11.995786281642687,3.9991918615849533,7.9974890716138205,3.9982972100288667
1,0.1,255.0,1,8,12.729400557660995,6.027267533579872,9.378334045620434,3.3510665120405614
1,0.1,260.0,1,8,13.15691146051544,1.2633308353485933,7.210121147932017,5.946790312583423
1,0.1,265.0,1,8,14.060791181759836,-0.36732073427363826,6.8467352237430985,7.214055958016737
1,0.1,270.0,1,8,8.53489300727788,-3.3922039160010957,2.571344545638392,5.963548461639488
1,0.1,275.0,1,8,3.772364556865848,1.5957932941755604,2.684078925520704,1.088285631345144
1,0.1,280.0,1,8,9.738746081765091,5.304405643857184,7.5215758628111375,2.217170218953954
1,0.1,285.0,1,8,8.874164758504783,1.5536949681735726,5.213929863339178,3.660234895165605
1,0.1,290.0,1,8,8.91487140430779,-1.9154158464097597,3.4997277789490155,5.415143625358775
1,0.1,295.0,1,8,-0.696270857360965,-0.18814190872788067,-0.44220638304442283,0.2540644743165421
1,0.1,300.0,1,8,-2.105048841064837,-1.4187682594126492,-1.761908550238743,0.3431402908260939
1,0.3,20.0,2,7,1200.6988810211087,1099.2039258007112,1149.95140341091,50.74747761019876
1,0.3,25.0,2,7,1006.4135657336893,923.0615973398985,964.7375815367939,41.6759841968954
1,0.3,30.0,2,7,858.908155500344,790.9791184177499,824.9436369590469,33.96451854129708
1,0.3,35.0,2,7,737.2708163340037,688.1508341615477,712.7108252477757,24.559991086228024
1,0.3,40.0,2,7,642.0360031337195,591.8587250657653,616.9473640997423,25.08863903397713
1,0.3,45.0,2,7,546.9747523353228,515.8071630727774,531.3909577040502,15.583794631272724
1,0.3,50.0,2,7,485.8337016909536,444.8592568550266,465.3464792729901,20.487222417963494
1,0.3,55.0,2,7,425.9211236064862,415.0548846173095,420.48800411189785,5.433119494588368
1,0.3,60.0,2,7,388.7991312093204,368.7047767978431,378.7519540035818,10.047177205738649
1,0.3,65.0,2,7,339.0324816380038,324.91494635291457,331.9737139954592,7.058767642544609
1,0.3,70.0,2,7,314.0273516997411,293.462874463145,303.74511308144304,10.282238618298038
1,0.3,75.0,2,7,288.0881889692687,246.06748227370383,267.07783562148626,21.010353347782427
1,0.3,80.0,2,7,271.45815732978855,238.1617115542135,254.809934442001,16.648222887787526
1,0.3,85.0,2,7,233.57880925512453,206.9489589557054,220.26388410541495,13.314925149709566
1,0.3,90.0,2,7,209.82478324761038,199.95316484213964,204.888974044875,4.935809202735371
1,0.3,95.0,2,7,206.65362453645741,190.47625344913132,198.56493899279437,8.088685543663047
1,0.3,100.0,2,7,188.37869317294434,176.5612573357755,182.46997525435992,5.908717918584415
1,0.3,105.0,2,7,178.59582751536448,161.3689638822235,169.982395698794,8.613431816570483
1,0.3,110.0,2,7,158.81302722449567,146.38099890351617,152.59701306400592,6.216014160489749
1,0.3,115.0,2,7,147.82561265232863,143.73365867847141,145.7796356654,2.0459769869286077
1,0.3,120.0,2,7,131.422275776597,133.27215011270985,132.34721294465342,0.9249371680564309
1,0.3,125.0,2,7,136.6156783570093,116.57400898161535,126.59484366931233,10.020834687696976
1,0.3,130.0,2,7,121.80160713261802,110.31411547582218,116.0578613042201,5.74374582839792
1,0.3,135.0,2,7,127.7537073678634,102.99838402521567,115.37604569653953,12.377661671323864
1,0.3,140.0,2,7,105.05149337316124,106.72001852532458,105.8857559492429,0.8342625760816702
1,0.3,145.0,2,7,108.95144518250166,94.46418685803596,101.70781602026881,7.24362916223285
1,0.3,150.0,2,7,101.26449960658994,86.06600986263051,93.66525473461022,7.599244871979714
1,0.3,155.0,2,7,85.2253521846851,84.84777609275889,85.03656413872199,0.18878804596310061
1,0.3,160.0,2,7,87.82091859282434,75.28607161337632,81.55349510310033,6.26742348972401
1,0.3,165.0,2,7,83.17042039838367,86.1515484919677,84.66098444517569,1.4905640467920165
1,0.3,170.0,2,7,88.60064055922601,75.35900228282134,81.97982142102367,6.620819138202336
1,0.3,175.0,2,7,71.3089809587529,74.57768982476526,72.94333539175908,1.6343544330061803
1,0.3,180.0,2,7,70.4023344447313,54.203110664766385,62.30272255474884,8.099611889982455
1,0.3,185.0,2,7,68.49738933505293,54.56567649169438,61.53153291337365,6.965856421679273
1,0.3,190.0,2,7,63.14397666706529,56.683581806973905,59.9137792370196,3.230197430045692
1,0.3,195.0,2,7,51.12372000860104,53.98736709877072,52.55554355368588,1.4318235450848391
1,0.3,200.0,2,7,56.1702174899747,47.552751457590446,51.861484473782575,4.308733016192129
1,0.3,205.0,2,7,54.603732318072474,38.90650746681878,46.75511989244563,7.848612425626847
1,0.3,210.0,2,7,52.474179964942735,39.403569244351004,45.93887460464687,6.535305360295865
1,0.3,215.0,2,7,40.14450640903191,40.77806881935722,40.46128761419457,0.3167812051626555
1,0.3,220.0,2,7,28.404988095354376,30.64034127880589,29.522664687080134,1.1176765917257576
1,0.3,225.0,2,7,34.13995308440411,32.22949095679543,33.18472202059977,0.9552310638043409
1,0.3,230.0,2,7,35.595070705190295,25.98474025697117,30.78990548108073,4.8051652241095635
1,0.3,235.0,2,7,29.972003431140532,22.01908126111828,25.995542346129405,3.9764610850111257
1,0.3,240.0,2,7,24.66665343286398,22.54733986976455,23.606996651314265,1.059656781549716
1,0.3,245.0,2,7,24.819357199396165,24.85136584395918,24.835361521677672,0.016004322281506944
1,0.3,250.0,2,7,31.74304902458809,16.035767627137933,23.88940832586301,7.853640698725078
1,0.3,255.0,2,7,22.586190941970344,17.57282870341637,20.079509822693357,2.506681119276987
1,0.3,260.0,2,7,20.40716767131157,19.688646498397095,20.04790708485433,0.35926058645723735
1,0.3,265.0,2,7,16.74873864688006,10.6523841320213,13.70056138945068,3.04817725742938
1,0.3,270.0,2,7,16.120345334434173,13.959115689169575,15.039730511801874,1.080614822632299
1,0.3,275.0,2,7,8.084286840178768,15.335752487338048,11.710019663758409,3.62573282357964
1,0.3,280.0,2,7,-7.143709837511255,2.1610639690503546,-2.4913229342304506,4.652386903280805
1,0.3,285.0,2,7,8.09851842696969,11.361080705439921,9.729799566204806,1.6312811392351154
1,0.3,290.0,2,7,4.55009840869776,10.750199368823498,7.650148888760629,3.100050480062869
1,0.3,295.0,2,7,10.653477595034147,3.013269279120089,6.8333734370771175,3.820104157957029
1,0.3,300.0,2,7,10.43157087387393,4.224064186977973,7.327817530425952,3.1037533434479787
1,0.9,20.0,3,6,2132.5969849160474,2027.5280955404064,2080.0625402282267,52.534444687820496
1,0.9,25.0,3,6,1793.268373612968,1758.9037470146282,1776.086060313798,17.18231329916989
1,0.9,30.0,3,6,1553.9392743189896,1515.8858336785527,1534.9125539987713,19.026720320218487
1,0.9,35.0,3,6,1376.6969717699283,1323.8743084562552,1350.2856401130916,26.411331656836524
1,0.9,40.0,3,6,1250.3894852101548,1208.3887590660102,1229.3891221380825,21.000363072072332
1,0.9,45.0,3,6,1074.7970692391714,1077.4392735015795,1076.1181713703754,1.321102131204043
1,0.9,50.0,3,6,969.1952160504045,949.7714361154831,959.4833260829438,9.711889967460706
1,0.9,55.0,3,6,877.84211370829,865.3001095163938,871.5711116123418,6.271002095948063
1,0.9,60.0,3,6,794.4437062716885,796.9947223458577,795.7192143087731,1.2755080370845917
1,0.9,65.0,3,6,737.8510310033898,715.7685951580013,726.8098130806956,11.041217922694273
1,0.9,70.0,3,6,688.5383508263185,647.3218199063551,667.9300853663368,20.60826545998168
1,0.9,75.0,3,6,616.2631461869566,613.3969476830907,614.8300469350237,1.4330992519329584
1,0.9,80.0,3,6,569.6759391374981,547.8825254475994,558.7792322925487,10.896706844949335
1,0.9,85.0,3,6,535.0328770937476,518.5080498502191,526.7704634719834,8.262413621764267
1,0.9,90.0,3,6,489.1894237046096,475.8842651677213,482.53684443616544,6.652579268444157
1,0.9,95.0,3,6,465.8194517289925,453.3209209756745,459.5701863523335,6.249265376658997
1,0.9,100.0,3,6,436.187995755927,426.4716822335496,431.3298389947383,4.858156761188695
1,0.9,105.0,3,6,414.7276078239837,405.07827719496595,409.9029425094748,4.824665314508877
1,0.9,110.0,3,6,372.1301490919059,371.4244512579629,371.7773001749344,0.3528489169714817
1,0.9,115.0,3,6,362.7935488846165,329.7548124600677,346.2741806723421,16.5193682122744
1,0.9,120.0,3,6,325.1562040558822,328.1272756032711,326.64173982957664,1.485535773694437
1,0.9,125.0,3,6,305.66018929161453,302.5984597198724,304.12932450574345,1.5308647858710742
1,0.9,130.0,3,6,289.98418756338697,272.6873257297906,281.3357566465888,8.64843091679819
1,0.9,135.0,3,6,262.1842655695342,267.7754401723708,264.9798528709525,2.795587301418294
1,0.9,140.0,3,6,251.48464714887405,253.89787031577947,252.69125873232676,1.2066115834527125
1,0.9,145.0,3,6,254.21467637237436,251.50076744450553,252.85772190843994,1.3569544639344144
1,0.9,150.0,3,6,226.16907312063813,236.60261554146007,231.3858443310491,5.216771210410968
1,0.9,155.0,3,6,208.70782734741647,211.25423762283344,209.98103248512496,1.2732051377084872
1,0.9,160.0,3,6,190.02157164716547,192.4905448601141,191.2560582536398,1.23448660647432
1,0.9,165.0,3,6,196.48740068708037,188.6139533969603,192.55067704202034,3.9367236450600274
1,0.9,170.0,3,6,181.27837393590403,183.32255333591013,182.30046363590708,1.0220897000030504
1,0.9,175.0,3,6,164.97952904840264,174.8941238638102,169.93682645610642,4.957297407703777
1,0.9,180.0,3,6,157.635616073778,166.4417376111528,162.0386768424654,4.403060768687396
1,0.9,185.0,3,6,143.01429255686546,150.7990865048219,146.90668953084366,3.8923969739782223
1,0.9,190.0,3,6,140.51026225701372,131.91153420444482,136.21089823072927,4.299364026284451
1,0.9,195.0,3,6,121.17665988542475,117.01472427873291,119.09569208207884,2.0809678033459207
1,0.9,200.0,3,6,116.31237310431436,110.24178124074808,113.27707717253122,3.035295931783139
1,0.9,205.0,3,6,114.84792791267455,115.8225182420961,115.33522307738532,0.4872951647107726
1,0.9,210.0,3,6,103.29196227659315,110.14749490730578,106.71972859194946,3.4277663153563154
1,0.9,215.0,3,6,91.92175281175722,98.93348497711906,95.42761889443814,3.5058660826809245
1,0.9,220.0,3,6,81.5166238616535,91.78816808033099,86.65239597099225,5.135772109338745
1,0.9,225.0,3,6,70.96462294775284,80.56335606098654,75.76398950436969,4.799366556616846
1,0.9,230.0,3,6,78.76215739657383,69.75170738435398,74.2569323904639,4.505225006109924
1,0.9,235.0,3,6,70.7857920422575,62.108053003185475,66.44692252272148,4.338869519536011
1,0.9,240.0,3,6,56.45692017846805,51.47094421810351,53.96393219828578,2.4929879801822707
1,0.9,245.0,3,6,48.47989211929524,42.265841221942466,45.372866670618855,3.1070254486763886
1,0.9,250.0,3,6,46.13426484774086,36.0859693275573,41.11011708764908,5.024147760091779
1,0.9,255.0,3,6,44.391947509818436,33.81135088136554,39.10164919559199,5.2902983142264475
1,0.9,260.0,3,6,24.91241752885339,39.91998200368864,32.41619976627101,7.503782237417624
1,0.9,265.0,3,6,18.77031981128293,25.741892062348306,22.25610593681562,3.4857861255326874
1,0.9,270.0,3,6,2.661505541349996,24.91293112511771,13.787218333233852,11.125712791883856
1,0.9,275.0,3,6,18.272943248944802,23.499563910283104,20.886253579613953,2.613310330669151
1,0.9,280.0,3,6,20.08617000650031,19.915523505980474,20.000846756240392,0.08532325025991838
1,0.9,285.0,3,6,3.4331093732605327,22.505042732305466,12.969076052782999,9.535966679522467
1,0.9,290.0,3,6,7.894256222610169,5.804797513292387,6.849526867951278,1.044729354658891
1,0.9,295.0,3,6,0.491329380524038,-1.8345161510670738,-0.6715933852715179,1.1629227657955559
1,0.9,300.0,3,6,-15.498777882008655,-11.062946358173221,-13.280862120090937,2.217915761917717
1,2.7,20.0,4,5,3552.5030422976315,3572.112710944769,3562.3078766212,9.804834323568684
1,2.7,25.0,4,5,3153.350208035063,3153.342189306301,3153.346198670682,0.004009364381090563
1,2.7,30.0,4,5,2799.616232160146,2810.498955932626,2805.057594046386,5.441361886239974
1,2.7,35.0,4,5,2521.4075312165187,2518.857509199634,2520.132520208076,1.275011008442334
1,2.7,40.0,4,5,2253.1286175971313,2248.1258917715218,2250.6272546843265,2.5013629128047796
1,2.7,45.0,4,5,2035.8252100452137,2037.5533786344517,2036.6892943398327,0.8640842946190332
1,2.7,50.0,4,5,1845.3006951149162,1841.810791935463,1843.5557435251894,1.744951589726611
1,2.7,55.0,4,5,1719.3795157835516,1685.1527483629604,1702.266132073256,17.11338371029558
1,2.7,60.0,4,5,1565.3720431222687,1559.9116698904613,1562.641856506365,2.7301866159036763
1,2.7,65.0,4,5,1421.966787835379,1433.4936441606437,1427.7302159980113,5.763428162632408
1,2.7,70.0,4,5,1326.0207763508442,1315.6378645810507,1320.8293204659476,5.1914558848967545
1,2.7,75.0,4,5,1229.0110904365679,1214.6191787733146,1221.8151346049412,7.195955831626634
1,2.7,80.0,4,5,1129.0461219181063,1126.2217235230573,1127.6339227205817,1.412199197524501
1,2.7,85.0,4,5,1050.0875056668574,1030.9539738914114,1040.5207397791344,9.566765887723022
1,2.7,90.0,4,5,978.4787335986981,974.4564961757326,976.4676148872154,2.0111187114827658
1,2.7,95.0,4,5,907.8663879849781,909.3141661494801,908.5902770672292,0.7238890822509916
1,2.7,100.0,4,5,838.1897816284741,858.6909042808003,848.4403429546371,10.250561326163108
1,2.7,105.0,4,5,794.9483891550683,787.6850610909798,791.3167251230241,3.6316640320442275
1,2.7,110.0,4,5,756.5016331823673,726.7049317533617,741.6032824678646,14.898350714502783
1,2.7,115.0,4,5,713.457594215193,682.4274333722408,697.9425137937169,15.515080421476114
1,2.7,120.0,4,5,652.958853685253,649.9124657309362,651.4356597080946,1.5231939771583711
1,2.7,125.0,4,5,604.2708556734317,609.8708773861006,607.0708665297661,2.8000108563344384
1,2.7,130.0,4,5,559.5675197192186,564.3104818087464,561.9390007639824,2.371481044763925
1,2.7,135.0,4,5,529.6474392135763,524.7354873856705,527.1914632996234,2.455975913952898
1,2.7,140.0,4,5,480.1884338042148,489.5925139335061,484.89047386886045,4.702040064645644
1,2.7,145.0,4,5,448.6059415987082,455.747812430243,452.1768770144756,3.5709354157673943
1,2.7,150.0,4,5,419.884760448752,423.5296205912492,421.7071905200006,1.8224300712486183
1,2.7,155.0,4,5,381.0553918272161,390.95100014848856,386.00319598785234,4.947804160636224
1,2.7,160.0,4,5,348.58794012411465,368.47632586622626,358.53213299517046,9.944192871055805
1,2.7,165.0,4,5,330.56304730291515,340.24771666839973,335.4053819856574,4.84233468274229
1,2.7,170.0,4,5,310.1346399409563,294.9347253815555,302.5346826612559,7.599957279700391
1,2.7,175.0,4,5,292.28032734978996,272.9367512701125,282.6085393099512,9.67178803983873
1,2.7,180.0,4,5,247.6594981501973,254.67414621692768,251.1668221835625,3.507324033365194
1,2.7,185.0,4,5,217.86408899566197,229.46579783445506,223.66494341505853,5.8008544193965434
1,2.7,190.0,4,5,191.29318629321864,197.28826293840032,194.2907246158095,2.9975383225908416
1,2.7,195.0,4,5,176.61793516861835,177.7150264907425,177.16648082968044,0.5485456610620787
1,2.7,200.0,4,5,156.22388905346293,154.94445449010465,155.5841717717838,0.6397172816791397
1,2.7,205.0,4,5,130.43824190297204,125.55107523669497,127.9946585698335,2.443583333138534
1,2.7,210.0,4,5,125.75028431652454,102.51520591442446,114.1327451154745,11.617539201050043
1,2.7,215.0,4,5,105.73721065568334,82.42393308053008,94.08057186810672,11.656638787576632
1,2.7,220.0,4,5,81.60900491863381,68.4725710381808,75.04078797840731,6.568216940226506
1,2.7,225.0,4,5,44.97207934109811,39.44548532651699,42.20878233380755,2.7632970072905607
1,2.7,230.0,4,5,16.399360646593745,25.244896555302113,20.822128600947927,4.422767954354184
1,2.7,235.0,4,5,0.1472530190888759,1.1045964546229168,0.6259247368558963,0.47867171776702044
1,2.7,240.0,4,5,-12.166764134590021,-9.996720514734962,-11.081742324662493,1.0850218099275297
1,2.7,245.0,4,5,-20.915942757180204,-31.313334628085535,-26.11463869263287,5.198695935452665
1,2.7,250.0,4,5,-40.0313329871826,-48.84000593825468,-44.435669462718636,4.404336475536038
1,2.7,255.0,4,5,-51.823635742672536,-74.58025780608347,-63.201946774378,11.378311031705465
1,2.7,260.0,4,5,-79.04717018768322,-82.89233287302329,-80.96975153035325,1.9225813426700356
1,2.7,265.0,4,5,-95.51339775428681,-105.82379304517028,-100.66859539972855,5.155197645441731
1,2.7,270.0,4,5,-117.76323284639895,-120.80410378278624,-119.2836683145926,1.5204354681936465
1,2.7,275.0,4,5,-143.16578688703464,-140.67535860436072,-141.92057274569768,1.2452141413369588
1,2.7,280.0,4,5,-159.7067841290597,-164.86955317748541,-162.28816865327258,2.581384524212851
1,2.7,285.0,4,5,-160.70867789856408,-186.979176489608,-173.84392719408604,13.135249295521959
1,2.7,290.0,4,5,-186.2607215871793,-202.02994932107924,-194.14533545412928,7.884613866949977
1,2.7,295.0,4,5,-208.3178255394333,-214.15247790650545,-211.23515172296936,2.917326183536076
1,2.7,300.0,4,5,-240.66332298133864,-239.51838436858344,-240.09085367496104,0.5724693063775987
2,0.1,20.0,12,13,661.0904576521766,582.4450191484331,621.7677384003048,39.322719251871774
2,0.1,25.0,12,13,541.8329081927375,497.1835495490763,519.5082288709069,22.324679321830587
2,0.1,30.0,12,13,455.715737515194,413.07878157367685,434.3972595444354,21.31847797075858
2,0.1,35.0,12,13,374.06912409596055,352.23442389350896,363.15177399473475,10.917350101225793
2,0.1,40.0,12,13,315.8787668246457,299.5813964554483,307.73008164004705,8.14868518459869
2,0.1,45.0,12,13,258.73609622841076,254.37445451324925,256.55527537083003,2.1808208575807555
2,0.1,50.0,12,13,219.27652842369778,217.18436919208884,218.2304488078933,1.046079615804473
2,0.1,55.0,12,13,182.40402783733856,186.92620980395915,184.66511882064884,2.2610909833102966
2,0.1,60.0,12,13,164.4270651448771,146.46418493061475,155.4456250377459,8.981440107131178
2,0.1,65.0,12,13,142.34066963797022,142.17318755314108,142.25692859555565,0.08374104241457303
2,0.1,70.0,12,13,124.67816039986386,118.29207132179357,121.48511586082871,3.1930445390351423
2,0.1,75.0,12,13,95.854657620082,113.43355007293536,104.64410384650867,8.789446226426683
2,0.1,80.0,12,13,87.44364071808278,88.32720853548113,87.88542462678195,0.44178390869917905
2,0.1,85.0,12,13,79.13835837592264,75.43420271640134,77.28628054616199,1.8520778297606455
2,0.1,90.0,12,13,70.28009853397032,80.15027555637994,75.21518704517513,4.93508851120481
2,0.1,95.0,12,13,61.75441712419577,70.95647167801837,66.35544440110706,4.601027276911303
2,0.1,100.0,12,13,57.11646061916389,58.689672245359425,57.90306643226165,0.7866058130977684
2,0.1,105.0,12,13,51.570764137097555,47.78738211199364,49.679073124545596,1.8916910125519593
2,0.1,110.0,12,13,44.227315055871486,44.51492896354301,44.37112200970725,0.14380695383576025
2,0.1,115.0,12,13,34.705455705979176,41.5648485924807,38.13515214922994,3.429696443250762
2,0.1,120.0,12,13,30.741950500908803,36.68889820589666,33.71542435340273,2.97347385249393
2,0.1,125.0,12,13,25.378133366677588,35.236696486477854,30.30741492657772,4.929281559900133
2,0.1,130.0,12,13,24.074510076062424,28.405186906810144,26.239848491436284,2.16533841537386
2,0.1,135.0,12,13,25.66414021507343,34.47345930337965,30.06879975922654,4.404659544153109
2,0.1,140.0,12,13,24.515175670313887,20.649817054477175,22.58249636239553,1.932679307918356
2,0.1,145.0,12,13,20.479601312114866,23.80850034670903,22.14405082941195,1.6644495172970828
2,0.1,150.0,12,13,24.10989851539236,19.92592797222717,22.017913243809765,2.091985271582594
2,0.1,155.0,12,13,26.17182183792756,12.896617560549306,19.534219699238434,6.637602138689127
2,0.1,160.0,12,13,13.92654374547946,13.934015742733724,13.930279744106592,0.00373599862713192
2,0.1,165.0,12,13,11.397164984870006,17.514046782654482,14.455605883762244,3.058440898892238
2,0.1,170.0,12,13,12.221602961455073,12.382457997721078,12.302030479588076,0.08042751813300253
2,0.1,175.0,12,13,7.307629883739436,18.47359371183564,12.890611797787539,5.582981914048102
2,0.1,180.0,12,13,12.401030301322692,14.9224566036531,13.661743452487896,1.2607131511652039
2,0.1,185.0,12,13,13.666962253232754,7.616268102977415,10.641615178105084,3.0253470751276694
2,0.1,190.0,12,13,15.158362964905455,11.01688837065545,13.087625667780452,2.070737297125003
2,0.1,195.0,12,13,11.692863891787333,5.1913813306003584,8.442122611193845,3.250741280593487
2,0.1,200.0,12,13,4.1922709214923195,5.468193149112482,4.830232035302401,0.6379611138100811
2,0.1,205.0,12,13,9.340692409776956,2.2946155652355396,5.817653987506247,3.5230384222707083
2,0.1,210.0,12,13,6.593068372341237,8.16225406653216,7.377661219436698,0.7845928470954617
2,0.1,215.0,12,13,2.372698764937745,2.8182352398849835,2.595467002411364,0.2227682374736193
2,0.1,220.0,12,13,6.067924476520094,3.3609739496438698,4.714449213081982,1.3534752634381122
2,0.1,225.0,12,13,-2.616590719707693,5.298789220200128,1.3410992502462173,3.9576899699539103
2,0.1,230.0,12,13,-0.234332437217872,10.487817948558563,5.126742755670345,5.361075192888218
2,0.1,235.0,12,13,4.361939932348786,4.810806499199171,4.586373215773978,0.22443328342519253
2,0.1,240.0,12,13,1.875388473083662,0.5836110317748135,1.2294997524292377,0.6458887206544243
2,0.1,245.0,12,13,-4.177890226108579,2.25549941108563,-0.9611954075114744,3.2166948185971043
2,0.1,250.0,12,13,-5.274136599540584,2.0018822625470483,-1.6361271684967678,3.638009431043816
2,0.1,255.0,12,13,2.7754742090263536,4.687245178727394,3.7313596938768736,0.95588548485052
2,0.1,260.0,12,13,-0.9015271190044576,1.451688123153502,0.27508050207452217,1.1766076210789798
2,0.1,265.0,12,13,6.004735568462311,3.918126490027032,4.961431029244672,1.0433045392176397
2,0.1,270.0,12,13,1.6174803106003157,-0.4119870415932537,0.602746634503531,1.0147336760967847
2,0.1,275.0,12,13,-0.7986587576726374,-2.117491124742429,-1.4580749412075331,0.6594161835348958
2,0.1,280.0,12,13,-5.407721330966303,-4.013224636918618,-4.710472983942461,0.6972483470238422
2,0.1,285.0,12,13,3.187063627705424,-5.658074658086774,-1.2355055151906749,4.422569142896099
2,0.1,290.0,12,13,3.284978270237491,-2.166580986982172,0.5591986416276593,2.7257796286098315
2,0.1,295.0,12,13,0.33400324761926337,-1.6726173546521634,-0.66930705351645,1.0033103011357134
2,0.1,300.0,12,13,-2.9407196649659997,-0.42326959177279727,-1.6819946283693985,1.2587250365966012
2,0.3,20.0,9,16,1088.3541384595935,971.0736198305852,1029.7138791450893,58.640259314504135
2,0.3,25.0,9,16,889.9273817131659,821.0683709056046,855.4978763093852,34.42950540378064
2,0.3,30.0,9,16,798.4501547514514,672.5516233585536,735.5008890550025,62.94926569644889
2,0.3,35.0,9,16,674.1570590083892,602.2971549349014,638.2271069716453,35.929952036743884
2,0.3,40.0,9,16,559.7373875415319,518.6264255051904,539.1819065233611,20.55548101817078
2,0.3,45.0,9,16,505.20362028867294,467.01298317534145,486.1083017320072,19.095318556665745
2,0.3,50.0,9,16,428.5993955807041,416.9912419371804,422.79531875894224,5.804076821761839
2,0.3,55.0,9,16,389.4147508856586,390.82089461755714,390.11782275160783,0.7030718659492834
2,0.3,60.0,9,16,332.0919736770817,334.94940790922317,333.5206907931524,1.428717116070743
2,0.3,65.0,9,16,304.2169837906213,299.3782442817282,301.79761403617476,2.4193697544465635
2,0.3,70.0,9,16,277.3110672156537,266.15423214695346,271.73264968130354,5.578417534350109
2,0.3,75.0,9,16,247.80191342383404,242.41998787940574,245.11095065161987,2.6909627722141494
2,0.3,80.0,9,16,235.3553221636355,223.83625262043515,229.59578739203533,5.759534771600173
2,0.3,85.0,9,16,210.00368042359077,197.31119252643174,203.65743647501125,6.346243948579513
2,0.3,90.0,9,16,193.96082185448984,186.14647126993952,190.05364656221468,3.9071752922751557
2,0.3,95.0,9,16,183.9835517272893,174.62002913521215,179.3017904312507,4.681761296038573
2,0.3,100.0,9,16,172.86841736167565,161.92235557254878,167.39538646711222,5.473030894563436
2,0.3,105.0,9,16,157.01288888785393,143.0822032370214,150.04754606243768,6.965342825416272
2,0.3,110.0,9,16,134.0775187570519,138.44355089189003,136.26053482447097,2.183016067419061
2,0.3,115.0,9,16,128.81090385763267,119.02454243193444,123.91772314478355,4.893180712849116
2,0.3,120.0,9,16,120.52891559117231,110.03612735618842,115.28252147368036,5.2463941174919455
2,0.3,125.0,9,16,111.33474722514072,109.64986983064549,110.4923085278931,0.8424386972476157
2,0.3,130.0,9,16,115.5692821488496,91.82279440908003,103.6960382789648,11.873243869884782
2,0.3,135.0,9,16,93.99394805956672,96.70189264372641,95.34792035164656,1.3539722920798454
2,0.3,140.0,9,16,84.7504578845981,86.50215249624189,85.62630519042,0.8758473058218925
2,0.3,145.0,9,16,84.72860519195943,83.00000584456228,83.86430551826086,0.8642996736985751
2,0.3,150.0,9,16,81.57320228876728,84.2887017082925,82.93095199852989,1.357749709762615
2,0.3,155.0,9,16,79.85878482529876,76.76633888346346,78.3125618543811,1.546222970917647
2,0.3,160.0,9,16,80.61953686518564,66.54289046973744,73.58121366746154,7.038323197724097
2,0.3,165.0,9,16,76.84168842563312,68.96081884112422,72.90125363337867,3.9404347922544503
2,0.3,170.0,9,16,70.88531374406526,53.71933611960621,62.302324931835734,8.582988812229523
2,0.3,175.0,9,16,51.78998690358968,53.4061915073428,52.59808920546624,0.8081023018765592
2,0.3,180.0,9,16,58.35331639549956,52.081212552730705,55.21726447411513,3.1360519213844285
2,0.3,185.0,9,16,56.459455024543495,52.78888193362101,54.62416847908226,1.8352865454612406
2,0.3,190.0,9,16,53.64062335028757,55.53393798973812,54.587280670012845,0.9466573197252757
2,0.3,195.0,9,16,41.03176880600276,48.246967929898105,44.63936836795043,3.607599561947673
2,0.3,200.0,9,16,49.10903097470357,45.026040084032466,47.067535529368016,2.0414954453355527
2,0.3,205.0,9,16,34.210663692579935,49.56096255151729,41.88581312204862,7.675149429468679
2,0.3,210.0,9,16,31.839041823035597,34.34578921279795,33.09241551791678,1.2533736948811782
2,0.3,215.0,9,16,28.15233186885675,33.424447218585215,30.78838954372098,2.636057674864233
2,0.3,220.0,9,16,36.373964290522075,32.213188417327785,34.293576353924934,2.0803879365971447
2,0.3,225.0,9,16,29.385045739838667,35.21100010567338,32.29802292275602,2.9129771829173556
2,0.3,230.0,9,16,27.68217590849447,24.97466208249081,26.32841899549264,1.3537569130018312
2,0.3,235.0,9,16,33.788222481877696,32.50800924031409,33.14811586109589,0.640106620781804
2,0.3,240.0,9,16,33.71935087967749,30.550561338386387,32.13495610903194,1.5843947706455523
2,0.3,245.0,9,16,20.46879922295613,26.72933886598437,23.599069044470248,3.130269821514121
2,0.3,250.0,9,16,16.860139333238294,13.154857075459816,15.007498204349055,1.852641128889239
2,0.3,255.0,9,16,16.893357414164782,21.740430436630866,19.316893925397824,2.423536511233042
2,0.3,260.0,9,16,9.97089159295793,20.60563120817837,15.28826140056815,5.31736980761022
2,0.3,265.0,9,16,17.818808178485455,22.205549840084785,20.01217900928512,2.1933708307996653
2,0.3,270.0,9,16,9.224006652190482,12.887555071638307,11.055780861914394,1.8317742097239123
2,0.3,275.0,9,16,9.311583098961382,11.832495805028465,10.572039451994923,1.2604563530335415
2,0.3,280.0,9,16,3.783299186996639,12.50012124497109,8.141710215983865,4.358411028987225
2,0.3,285.0,9,16,8.802576066393305,0.18356924521609175,4.493072655804698,4.309503410588607
2,0.3,290.0,9,16,11.32420118018213,5.714321732773886,8.519261456478008,2.8049397237041216
2,0.3,295.0,9,16,11.694023625287366,7.6088955114507035,9.651459568369035,2.0425640569183314
2,0.3,300.0,9,16,2.126421072683357,-0.12637781611291993,1.0000216282852183,1.1263994443981384
2,0.9,20.0,10,15,1978.6077035030721,1726.4727606462486,1852.5402320746603,126.06747142841175
2,0.9,25.0,10,15,1688.42412461602,1475.9661498920493,1582.1951372540348,106.22898736198533
2,0.9,30.0,10,15,1421.8507813502688,1316.517654980765,1369.184218165517,52.66656318475191
2,0.9,35.0,10,15,1220.967742188893,1209.7744252178466,1215.3710837033698,5.596658485523221
2,0.9,40.0,10,15,1117.727205809155,1040.8717165548862,1079.2994611820207,38.427744627134416
2,0.9,45.0,10,15,996.6441695523158,955.1656382673793,975.9049039098476,20.73926564246824
2,0.9,50.0,10,15,883.9254460727204,855.5544878717419,869.7399669722312,14.18547910048926
2,0.9,55.0,10,15,813.6192535350299,762.0620251446248,787.8406393398274,25.778614195202522
2,0.9,60.0,10,15,750.316128296703,717.0571253455133,733.6866268211081,16.62950147559485
2,0.9,65.0,10,15,693.0554133979261,645.0013257164796,669.028369557203,24.027043840723252
2,0.9,70.0,10,15,638.0088948300589,600.8991127698725,619.4540037999657,18.554891030093188
2,0.9,75.0,10,15,572.889693203295,571.8792836763869,572.3844884398409,0.50520476345406
2,0.9,80.0,10,15,534.507401845498,523.9455928997236,529.2264973726108,5.280904472887187
2,0.9,85.0,10,15,491.1872303322899,481.206414734106,486.196822533198,4.990407799091969
2,0.9,90.0,10,15,461.4680156686178,439.377411985874,450.4227138272459,11.045301841371895
2,0.9,95.0,10,15,424.40064671923835,409.2474362845927,416.82404150191553,7.576605217322822
2,0.9,100.0,10,15,391.6674338011054,383.001905099013,387.3346694500592,4.332764351046194
2,0.9,105.0,10,15,376.93525632934177,366.11918409779366,371.5272202135677,5.408036115774053
2,0.9,110.0,10,15,336.8573020555119,328.4374049084379,332.6473534819749,4.2099485735370195
2,0.9,115.0,10,15,321.14067651958743,297.7309588202095,309.4358176698985,11.704858849688975
2,0.9,120.0,10,15,304.86433046195947,283.61652168032333,294.2404260711414,10.623904390818069
2,0.9,125.0,10,15,293.8947426504296,272.401998153873,283.1483704021513,10.746372248278277
2,0.9,130.0,10,15,278.86809227573235,254.06319860982524,266.4656454427788,12.402446832953558
2,0.9,135.0,10,15,254.33724363556297,248.40277134949787,251.37000749253042,2.967236143032551
2,0.9,140.0,10,15,260.1443440482317,218.2860166101022,239.21518032916694,20.929163719064746
2,0.9,145.0,10,15,231.87101884021848,206.4166412798133,219.1438300600159,12.727188780202596
2,0.9,150.0,10,15,219.0493366313077,180.94794929451206,199.99864296290988,19.050693668397827
2,0.9,155.0,10,15,199.00359162104598,182.85927293843218,190.93143227973908,8.0721593413069
2,0.9,160.0,10,15,194.24798843638274,168.7528213920676,181.50040491422516,12.74758352215757
2,0.9,165.0,10,15,175.91886438323883,175.61163441181742,175.76524939752812,0.15361498571070342
2,0.9,170.0,10,15,169.42268346090134,158.06867712980448,163.7456802953529,5.677003165548427
2,0.9,175.0,10,15,157.12823266810787,143.69031778086344,150.40927522448567,6.718957443622216
2,0.9,180.0,10,15,145.8189754824369,135.6806349398924,140.74980521116464,5.069170271272256
2,0.9,185.0,10,15,136.02022147592652,124.65267939813674,130.33645043703163,5.683771038894889
2,0.9,190.0,10,15,131.93595487840196,111.35073497980179,121.64334492910187,10.292609949300086
2,0.9,195.0,10,15,120.65204615348804,111.6326661933289,116.14235617340847,4.509689980079571
2,0.9,200.0,10,15,113.41612093521154,110.51014357234075,111.96313225377614,1.452988681435393
2,0.9,205.0,10,15,103.44438439356244,98.34901242903054,100.89669841129648,2.5476859822659534
2,0.9,210.0,10,15,101.45814196562542,89.46522188248633,95.46168192405588,5.9964600415695415
2,0.9,215.0,10,15,101.34576378960298,86.14753912758864,93.7466514585958,7.59911233100717
2,0.9,220.0,10,15,76.98693676253166,77.35538409506148,77.17116042879657,0.18422366626491282
2,0.9,225.0,10,15,76.07081356906511,89.5375726851833,82.80419312712421,6.733379558059099
2,0.9,230.0,10,15,66.4585115738973,76.82444153174612,71.6414765528217,5.18296497892441
2,0.9,235.0,10,15,55.994252782982954,71.76589938960788,63.88007608629542,7.885823303312463
2,0.9,240.0,10,15,43.423586606046975,57.49991821669124,50.461752411369105,7.038165805322134
2,0.9,245.0,10,15,49.8430263060158,42.03477260614271,45.938899456079255,3.904126849936546
2,0.9,250.0,10,15,45.69948075908792,41.422251075008745,43.56086591704833,2.138614842039587
2,0.9,255.0,10,15,26.42113140490012,26.17632823095167,26.298729817925896,0.12240158697422565
2,0.9,260.0,10,15,22.884225883508005,27.785491595604583,25.334858739556296,2.450632856048289
2,0.9,265.0,10,15,24.417393568755532,19.019894460197285,21.71864401447641,2.6987495542791233
2,0.9,270.0,10,15,33.01373588384114,12.957288190151257,22.985512036996198,10.028223846844943
2,0.9,275.0,10,15,12.71510270038454,8.405251369748171,10.560177035066356,2.154925665318184
2,0.9,280.0,10,15,9.07474895091125,-0.5767189012689111,4.249015024821169,4.825733926090081
2,0.9,285.0,10,15,-0.09889213219395238,3.5880332010612617,1.7445705344336546,1.843462666627607
2,0.9,290.0,10,15,-2.679613951551563,-12.086643117452624,-7.383128534502093,4.703514582950531
2,0.9,295.0,10,15,-3.486937575219694,-10.881829120923463,-7.184383348071578,3.697445772851885
2,0.9,300.0,10,15,-12.37202039623335,-14.973020984195806,-13.672520690214577,1.3005002939812282
2,2.7,20.0,11,14,3407.3645487293525,3075.7954326163367,3241.5799906728444,165.78455805650788
2,2.7,25.0,11,14,2997.8236998695957,2755.2141949688894,2876.5189474192425,121.30475245035313
2,2.7,30.0,11,14,2628.6274611502567,2494.589920063664,2561.6086906069604,67.01877054329634
2,2.7,35.0,11,14,2334.895594785905,2239.5336913617875,2287.214643073846,47.680951712058686
2,2.7,40.0,11,14,2126.085313267692,2010.8952971081512,2068.490305187922,57.59500807977042
2,2.7,45.0,11,14,1924.814260412902,1819.989014477711,1872.4016374453065,52.41262296759555
2,2.7,50.0,11,14,1747.4607228536966,1700.9189276545208,1724.1898252541087,23.270897599587897
2,2.7,55.0,11,14,1614.939450478513,1525.2034970945717,1570.0714737865424,44.867976691970625
2,2.7,60.0,11,14,1449.8507573726426,1416.8719460347327,1433.3613517036877,16.489405668954987
2,2.7,65.0,11,14,1323.7252164311901,1298.7764164057203,1311.250816418455,12.474400012734918
2,2.7,70.0,11,14,1238.2894223193605,1196.439875720577,1217.3646490199687,20.924773299391745
2,2.7,75.0,11,14,1134.6501198599137,1119.0531622534315,1126.8516410566726,7.798478803241096
2,2.7,80.0,11,14,1066.6402493524618,1014.9773195374617,1040.8087844449617,25.83146490750005
2,2.7,85.0,11,14,992.1656929709716,955.5544803418646,973.8600866564182,18.305606314553472
2,2.7,90.0,11,14,930.122883260897,890.5483692988425,910.3356262798698,19.787256981027213
2,2.7,95.0,11,14,863.998060149811,823.6641361252036,843.8310981375073,20.166962012303657
2,2.7,100.0,11,14,798.3674160501307,768.8752772054986,783.6213466278147,14.746069422316054
2,2.7,105.0,11,14,742.9192983392956,699.9236699618809,721.4214841505882,21.49781418870731
2,2.7,110.0,11,14,697.8312290807082,671.0264909696888,684.4288600251984,13.402369055509723
2,2.7,115.0,11,14,648.3534856915326,625.9109028919397,637.1321942917361,11.221291399796428
2,2.7,120.0,11,14,601.2141957938406,574.5930766309048,587.9036362123727,13.310559581467942
2,2.7,125.0,11,14,558.3917321953988,526.7833447976295,542.5875384965142,15.80419369888466
2,2.7,130.0,11,14,513.3885222936716,482.9949391681421,498.19173073090684,15.196791562764759
2,2.7,135.0,11,14,471.16446461292475,442.4888278542238,456.82664623357425,14.337818379350466
2,2.7,140.0,11,14,439.65016473713985,401.93708931094295,420.79362702404137,18.856537713098447
2,2.7,145.0,11,14,413.52552748498675,391.1172396617118,402.3213835733493,11.204143911637487
2,2.7,150.0,11,14,375.993519593175,359.6950723285885,367.8442959608817,8.149223632293257
2,2.7,155.0,11,14,362.37758561388483,325.89894709129715,344.138266352591,18.239319261293844
2,2.7,160.0,11,14,317.693981696771,298.9005169183788,308.29724930757493,9.396732389196103
2,2.7,165.0,11,14,300.79673089157495,272.21900877540327,286.5078698334891,14.288861058085843
2,2.7,170.0,11,14,273.68255931548913,239.1661401697946,256.4243497426419,17.258209572847264
2,2.7,175.0,11,14,246.1195377401724,211.44627292259304,228.78290533138272,17.336632408789683
2,2.7,180.0,11,14,214.4187361501796,196.31773167622293,205.36823391320127,9.050502236978332
2,2.7,185.0,11,14,201.14344903469276,174.66234284028982,187.90289593749128,13.24055309720147
2,2.7,190.0,11,14,181.2819525421287,158.45475241151325,169.86835247682097,11.413600065307719
2,2.7,195.0,11,14,152.90610689283457,142.198933636811,147.5525202648228,5.353586628011783
2,2.7,200.0,11,14,136.47685825721828,132.30067449611312,134.3887663766657,2.0880918805525823
2,2.7,205.0,11,14,110.1858489508692,120.63986895175324,115.41285895131122,5.2270100004420215
2,2.7,210.0,11,14,89.79321108353352,101.43572597385798,95.61446852869575,5.821257445162232
2,2.7,215.0,11,14,67.0054584594935,56.79589371250965,61.900676086001575,5.104782373491922
2,2.7,220.0,11,14,52.83276956273254,36.445685523603956,44.639227543168246,8.19354201956429
2,2.7,225.0,11,14,32.627494925918796,24.230411393527355,28.428953159723076,4.198541766195721
2,2.7,230.0,11,14,10.390300928942168,1.3090409028174448,5.849670915879806,4.540630013062361
2,2.7,235.0,11,14,-4.711533311713286,-14.610471724889063,-9.661002518301174,4.949469206587889
2,2.7,240.0,11,14,-16.07047679399129,-23.905619743412736,-19.988048268702013,3.917571474710723
2,2.7,245.0,11,14,-28.276522758942985,-30.56187702380911,-29.419199891376046,1.1426771324330627
2,2.7,250.0,11,14,-41.69225360111977,-41.00704991486083,-41.3496517579903,0.34260184312947217
2,2.7,255.0,11,14,-54.50561886408447,-54.43633307134899,-54.470975967716726,0.034642896367738985
2,2.7,260.0,11,14,-69.969671011619,-62.36054355347019,-66.1651072825446,3.804563729074406
2,2.7,265.0,11,14,-82.02867933656051,-77.73219807640083,-79.88043870648067,2.1482406300798402
2,2.7,270.0,11,14,-107.46315918365326,-114.63493457183382,-111.04904687774354,3.5858876940902817
2,2.7,275.0,11,14,-129.88412123730538,-131.75059633007135,-130.81735878368835,0.9332375463829834
2,2.7,280.0,11,14,-149.16820298850138,-154.16677034113582,-151.6674866648186,2.4992836763172193
2,2.7,285.0,11,14,-173.07446886914832,-173.866136090586,-173.47030247986714,0.3958336107188387
2,2.7,290.0,11,14,-188.23969082931666,-197.0301559644592,-192.63492339688793,4.39523256757127
2,2.7,295.0,11,14,-212.17413823398158,-215.02446495653652,-213.59930159525905,1.4251633612774697
2,2.7,300.0,11,14,-247.74548410531344,-235.3955814836602,-241.57053279448684,6.174951310826614
3,0.1,20.0,19,22,750.6057303189449,650.024943312686,700.3153368158155,50.29039350312945
3,0.1,25.0,19,22,600.6042422440235,516.3148446956334,558.4595434698284,42.144698774195035
3,0.1,30.0,19,22,512.1804941785904,450.68713306494317,481.4338136217668,30.746680556823605
3,0.1,35.0,19,22,424.01124134562804,385.7421068420582,404.8766740938431,19.134567251784915
3,0.1,40.0,19,22,357.01630332572745,336.8007567636405,346.90853004468397,10.107773281043478
3,0.1,45.0,19,22,299.08100458601626,280.3961405659628,289.73857257598956,9.342432010026727
3,0.1,50.0,19,22,259.17866709912784,231.70860644754094,245.4436367733344,13.735030325793446
3,0.1,55.0,19,22,221.6472390740666,212.8287746587402,217.2380068664034,4.4092322076631945
3,0.1,60.0,19,22,189.4380600211212,186.57820691625201,188.0081334686866,1.429926552434594
3,0.1,65.0,19,22,166.46751683006624,154.43117301121254,160.4493449206394,6.018171909426854
3,0.1,70.0,19,22,143.25674312857365,136.19961568054924,139.72817940456144,3.5285637240122014
3,0.1,75.0,19,22,121.38025938492862,116.04570067010522,118.71298002751692,2.667279357411701
3,0.1,80.0,19,22,110.65827467536545,102.05673012715575,106.3575024012606,4.300772274104851
3,0.1,85.0,19,22,95.15793943694274,94.38124934525953,94.76959439110114,0.38834504584160356
3,0.1,90.0,19,22,86.65520418282053,82.57118609961893,84.61319514121973,2.0420090416007994
3,0.1,95.0,19,22,69.62968685267086,71.47717545130267,70.55343115198676,0.9237442993159064
3,0.1,100.0,19,22,62.86870563734513,63.92681334629198,63.397759491818555,0.5290538544734247
3,0.1,105.0,19,22,59.40923717842016,54.66509878777362,57.03716798309689,2.37206919532327
3,0.1,110.0,19,22,61.09214302596774,57.70714602528141,59.39964452562457,1.692498500343163
3,0.1,115.0,19,22,49.61280263890718,43.997306767841366,46.805054703374275,2.807747935532909
3,0.1,120.0,19,22,40.973384508154396,41.15867678600105,41.066030647077724,0.09264613892332818
3,0.1,125.0,19,22,31.509147345525264,38.63660434643447,35.072875845979866,3.5637285004546015
3,0.1,130.0,19,22,36.00649444765479,40.1966281459867,38.10156129682075,2.0950668491659563
3,0.1,135.0,19,22,34.75938331366754,41.774594679525364,38.26698899659645,3.5076056829289115
3,0.1,140.0,19,22,25.797691811257952,36.01262446757725,30.9051581394176,5.1074663281596475
3,0.1,145.0,19,22,31.22492980024127,19.900264726662606,25.562597263451938,5.662332536789332
3,0.1,150.0,19,22,25.848421868012586,31.80574090400124,28.827081386006913,2.978659517994327
3,0.1,155.0,19,22,24.209486487687787,25.72015534305882,24.964820915373302,0.7553344276855167
3,0.1,160.0,19,22,28.201935327357177,27.262335814352802,27.73213557085499,0.4697997565021872
3,0.1,165.0,19,22,24.45253349376658,29.94501477586438,27.19877413481548,2.7462406410488995
3,0.1,170.0,19,22,19.72605618754146,28.434263082384273,24.080159634962868,4.354103447421407
3,0.1,175.0,19,22,22.168537773854272,17.915662493245847,20.042100133550058,2.1264376403042125
3,0.1,180.0,19,22,20.51961211781739,21.286593583356204,20.903102850586798,0.3834907327694079
3,0.1,185.0,19,22,15.625437347687111,12.200280432701529,13.91285889019432,1.712578457492791
3,0.1,190.0,19,22,12.190074777913864,16.65708656524187,14.423580671577866,2.2335058936640024
3,0.1,195.0,19,22,8.724791083873761,19.89536071072536,14.31007589729956,5.585284813425799
3,0.1,200.0,19,22,12.20081059658756,18.96126164802904,15.581036122308301,3.38022552572074
3,0.1,205.0,19,22,16.026456623905734,13.033383275284837,14.529919949595286,1.4965366743104482
3,0.1,210.0,19,22,13.934877259043159,3.65001267275556,8.79244496589936,5.142432293143799
3,0.1,215.0,19,22,11.700286186178154,4.265880863415758,7.983083524796956,3.717202661381198
3,0.1,220.0,19,22,12.179222985892345,5.548148490035388,8.863685737963866,3.3155372479284786
3,0.1,225.0,19,22,10.218743209244817,13.027866257355354,11.623304733300085,1.4045615240552687
3,0.1,230.0,19,22,5.721230430902039,9.162789291081403,7.442009860991721,1.720779430089682
3,0.1,235.0,19,22,6.288555490832126,10.113770759994248,8.201163125413187,1.912607634581061
3,0.1,240.0,19,22,6.86524125685918,8.737713828574602,7.801477542716891,0.9362362858577109
3,0.1,245.0,19,22,-1.72833426545039,-0.024735458764639062,-0.8765348621075145,0.8517994033428754
3,0.1,250.0,19,22,2.1739038756427913,9.147050050742294,5.660476963192543,3.4865730875497514
3,0.1,255.0,19,22,0.5380832081411335,8.746826020349886,4.642454614245509,4.104371406104376
3,0.1,260.0,19,22,8.087252444409918,10.575245286738028,9.331248865573972,1.2439964211640548
3,0.1,265.0,19,22,6.164845061766702,3.1132714419477967,4.639058251857249,1.5257868099094525
3,0.1,270.0,19,22,5.160582122401818,5.181159108190731,5.170870615296275,0.010288492894456436
3,0.1,275.0,19,22,6.657201634819048,2.1085611768036094,4.382881405811329,2.274320229007719
3,0.1,280.0,19,22,-0.9383569413994651,2.9192811628624433,0.990462110731489,1.9288190521309543
3,0.1,285.0,19,22,1.3437832049146414,5.258596170659342,3.3011896877869917,1.95740648287235
3,0.1,290.0,19,22,3.084493483556926,5.837253483633514,4.46087348359522,1.376380000038294
3,0.1,295.0,19,22,-3.037921899776986,1.1667581701518959,-0.9355818648125451,2.102340034964441
3,0.1,300.0,19,22,-0.35146552058429015,3.0863987600214253,1.3674666197185676,1.7189321403028577
3,0.3,20.0,20,21,1124.401339553052,1087.461276206585,1105.9313078798184,18.470031673233507
3,0.3,25.0,20,21,945.2523688616873,935.3829042469968,940.317636554342,4.934732307345257
3,0.3,30.0,20,21,771.463255643033,794.7695913848178,783.1164235139254,11.65316787089239
3,0.3,35.0,20,21,667.7893102872197,665.3409140600634,666.5651121736415,1.2241981135781543
3,0.3,40.0,20,21,572.5764160500572,565.1143593671611,568.8453877086092,3.7310283414480523
3,0.3,45.0,20,21,497.94749913989426,484.34127378675316,491.1443864633237,6.803112676570549
3,0.3,50.0,20,21,450.84908156422256,445.00225199541507,447.9256667798188,2.9234147844037466
3,0.3,55.0,20,21,406.0022203057359,378.3715862674479,392.1869032865919,13.815317019143976
3,0.3,60.0,20,21,359.5207643837372,328.1472561546923,343.83401026921473,15.686754114522444
3,0.3,65.0,20,21,312.5883875098249,299.3036071472743,305.9459973285496,6.642390181275289
3,0.3,70.0,20,21,271.02425132506926,279.1114043637523,275.0678278444108,4.043576519341514
3,0.3,75.0,20,21,250.80656753982146,235.71606555220916,243.2613165460153,7.54525099380615
3,0.3,80.0,20,21,228.36338830585618,227.93849508718546,228.15094169652082,0.21244660933535897
3,0.3,85.0,20,21,214.96695874262647,216.17805186766668,215.5725053051466,0.6055465625201037
3,0.3,90.0,20,21,195.06762180276166,191.33753781573432,193.202579809248,1.865041993513671
3,0.3,95.0,20,21,174.2660950390368,175.1680363485711,174.71706569380393,0.45097065476714704
3,0.3,100.0,20,21,160.68394243980023,153.88101200706183,157.28247722343104,3.4014652163692034
3,0.3,105.0,20,21,151.65395920193745,137.6210678946307,144.63751354828406,7.016445653653378
3,0.3,110.0,20,21,133.5986150925845,137.80510103325264,135.70185806291857,2.1032429703340654
3,0.3,115.0,20,21,123.1776806316579,128.62266254317657,125.90017158741725,2.7224909557593335
3,0.3,120.0,20,21,125.43008189753934,126.11246908816162,125.77127549285048,0.3411935953111396
3,0.3,125.0,20,21,118.09050963972689,111.09367176601026,114.59209070286857,3.4984189368583145
3,0.3,130.0,20,21,118.85482371821254,112.57284557308472,115.71383464564863,3.1409890725639116
3,0.3,135.0,20,21,116.89343272239412,102.74912416110655,109.82127844175034,7.072154280643787
3,0.3,140.0,20,21,95.20084957639435,101.48198277283367,98.34141617461401,3.1405665982196638
3,0.3,145.0,20,21,89.84587955199547,91.50519310665331,90.67553632932439,0.8296567773289212
3,0.3,150.0,20,21,85.71618453656541,90.81672559897973,88.26645506777257,2.550270531207161
3,0.3,155.0,20,21,87.3828872503729,80.25299480912142,83.81794102974716,3.5649462206257425
3,0.3,160.0,20,21,69.42991447371601,74.45777338100287,71.94384392735944,2.513929453643428
3,0.3,165.0,20,21,71.30253615402263,68.05844677342729,69.68049146372496,1.6220446902976704
3,0.3,170.0,20,21,76.10370029756311,63.70855150184124,69.90612589970218,6.197574397860933
3,0.3,175.0,20,21,66.19995727417857,59.2018271259925,62.70089220008553,3.4990650740930356
3,0.3,180.0,20,21,57.49882475367559,61.36033968134715,59.42958221751137,1.9307574638357785
3,0.3,185.0,20,21,54.836209181691814,45.59056521593837,50.21338719881509,4.622821982876722
3,0.3,190.0,20,21,40.78555738423407,55.3850779113734,48.085317647803734,7.299760263569667
3,0.3,195.0,20,21,42.38497898749941,45.67911915237809,44.03204906993875,1.6470700824393418
3,0.3,200.0,20,21,39.69749541578138,41.177630144893484,40.43756278033743,0.7400673645560509
3,0.3,205.0,20,21,42.182605491980766,44.41340257954606,43.29800403576341,1.1153985437826464
3,0.3,210.0,20,21,23.600874915204674,32.62532456751336,28.113099741359015,4.512224826154343
3,0.3,215.0,20,21,36.704637446236205,40.06145292290407,38.383045184570136,1.6784077383339309
3,0.3,220.0,20,21,33.86103717797126,29.689558621351086,31.775297899661176,2.085739278310088
3,0.3,225.0,20,21,33.68581801394774,30.647051165476952,32.166434589712345,1.519383424235393
3,0.3,230.0,20,21,30.811335699372997,21.512476533652926,26.16190611651296,4.649429582860035
3,0.3,235.0,20,21,25.073537647059865,14.478792269926975,19.77616495849342,5.297372688566445
3,0.3,240.0,20,21,23.093855997203548,23.53102582334192,23.312440910272734,0.21858491306918637
3,0.3,245.0,20,21,19.41251395236254,21.473940246253363,20.443227099307954,1.030713146945411
3,0.3,250.0,20,21,19.869929411862582,25.674594384185394,22.772261898023988,2.9023324861614057
3,0.3,255.0,20,21,18.143450720006427,23.46195540968264,20.802703064844536,2.659252344838107
3,0.3,260.0,20,21,20.78515795377156,19.199404638174173,19.992281295972866,0.7928766577986934
3,0.3,265.0,20,21,11.701694434000707,15.229007302596576,13.465350868298643,1.7636564342979346
3,0.3,270.0,20,21,13.137162855797826,17.527814476046018,15.332488665921922,2.195325810124096
3,0.3,275.0,20,21,6.311849566534544,16.472357586524637,11.39210357652959,5.080254009995047
3,0.3,280.0,20,21,2.9075844221458045,17.551804391845945,10.229694406995876,7.32210998485007
3,0.3,285.0,20,21,7.65695818116313,4.049656836401426,5.853307508782278,1.803650672380852
3,0.3,290.0,20,21,12.411799255237586,2.7867898944523835,7.5992945748449845,4.8125046803926015
3,0.3,295.0,20,21,4.599453352877482,6.929043166907183,5.764248259892333,1.1647949070148504
3,0.3,300.0,20,21,0.2401145370898331,3.318030674949077,1.779072606019455,1.5389580689296218
3,0.9,20.0,17,24,1711.571974491404,1750.3249001077506,1730.9484372995773,19.3764628081733
3,0.9,25.0,17,24,1519.4758384265651,1524.5049730406986,1521.9904057336319,2.514567307066727
3,0.9,30.0,17,24,1322.2141499529052,1363.1294649480183,1342.6718074504618,20.45765749755651
3,0.9,35.0,17,24,1175.175283938458,1177.602987206471,1176.3891355724645,1.2138516340064598
3,0.9,40.0,17,24,1061.8889703169896,1036.0072806651838,1048.9481254910866,12.9408448259029
3,0.9,45.0,17,24,923.3366198553027,910.1413543512202,916.7389871032615,6.59763275204125
3,0.9,50.0,17,24,859.5421983716949,837.291882818558,848.4170405951264,11.125157776568471
3,0.9,55.0,17,24,773.5463855209769,770.249644239535,771.8980148802559,1.648370640720941
3,0.9,60.0,17,24,691.659922646595,703.3759812083549,697.517951927475,5.858029280879975
3,0.9,65.0,17,24,633.8817015254683,620.8193911831977,627.350546354333,6.53115517113531
3,0.9,70.0,17,24,594.2842911106261,586.0804688819715,590.1823799962988,4.101911114327322
3,0.9,75.0,17,24,542.2991044915829,545.0897712094426,543.6944378505127,1.3953333589298609
3,0.9,80.0,17,24,489.0949219920916,475.56699521772697,482.33095860490926,6.763963387182315
3,0.9,85.0,17,24,472.4474115120239,431.36067133818176,451.90404142510283,20.543370086921072
3,0.9,90.0,17,24,434.5151795898207,424.31373297732404,429.41445628357235,5.100723306248341
3,0.9,95.0,17,24,398.6089855221772,378.8172552833681,388.7131204027727,9.895865119404533
3,0.9,100.0,17,24,379.630079357347,362.4270399637925,371.0285596605697,8.601519696777245
3,0.9,105.0,17,24,361.2311227799599,338.8570967977611,350.0441097888605,11.187012991099408
3,0.9,110.0,17,24,316.99868832907475,319.08103952880657,318.0398639289407,1.041175599865909
3,0.9,115.0,17,24,316.05754802727864,279.4215668041629,297.7395574157208,18.31799061155786
3,0.9,120.0,17,24,286.0928509171768,261.9580181315645,274.02543452437067,12.067416392806166
3,0.9,125.0,17,24,272.16430248951076,247.44032508656943,259.8023137880401,12.361988701470665
3,0.9,130.0,17,24,246.22479183898503,254.7066518901334,250.4657218645592,4.240930025574187
3,0.9,135.0,17,24,236.7186551618153,223.4361942662559,230.0774247140356,6.641230447779691
3,0.9,140.0,17,24,212.82536172872904,204.39098448054423,208.60817310463665,4.217188624092401
3,0.9,145.0,17,24,189.67724677141126,195.4938404311448,192.58554360127803,2.908296829866771
3,0.9,150.0,17,24,189.89931916878373,179.88800257958678,184.89366087418526,5.005658294598476
3,0.9,155.0,17,24,188.6554718562146,167.06723158985167,177.86135172303312,10.794120133181465
3,0.9,160.0,17,24,173.95787101033193,154.56750796779247,164.2626894890622,9.695181521269731
3,0.9,165.0,17,24,171.90454628330787,154.13197833617602,163.01826230974194,8.886283973565924
3,0.9,170.0,17,24,145.30287750790453,140.0148738092445,142.65887565857452,2.64400184933001
3,0.9,175.0,17,24,135.93050780599071,129.84830203981778,132.88940492290425,3.0411028830864666
3,0.9,180.0,17,24,136.69203852408634,125.7963920069074,131.24421526549688,5.447823258589473
3,0.9,185.0,17,24,132.17512506107306,112.51754285281746,122.34633395694526,9.828791104127802
3,0.9,190.0,17,24,114.89186524465661,121.87210236171546,118.38198380318605,3.4901185585294243
3,0.9,195.0,17,24,114.7048002313162,99.11357502184205,106.90918762657913,7.795612604737073
3,0.9,200.0,17,24,105.99684185079234,97.4470545518688,101.72194820133058,4.274893649461767
3,0.9,205.0,17,24,85.075995077675,91.81277099812465,88.44438303789983,3.3683879602248226
3,0.9,210.0,17,24,73.60064748737457,66.09279789890137,69.84672269313796,3.753924794236603
3,0.9,215.0,17,24,78.87074158729092,59.815690634463564,69.34321611087725,9.527525476413679
3,0.9,220.0,17,24,64.97078887417915,78.43252800100778,71.70165843759347,6.730869563414316
3,0.9,225.0,17,24,76.42246133348655,49.06139906315169,62.741930198319125,13.680531135167431
3,0.9,230.0,17,24,72.93920177022008,57.604111987734896,65.2716568789775,7.667544891242592
3,0.9,235.0,17,24,50.927360559652485,67.60485843447259,59.26610949706254,8.338748937410053
3,0.9,240.0,17,24,46.54220938971254,55.83745681396185,51.189833101837195,4.6476237121246555
3,0.9,245.0,17,24,54.7251067125179,38.28836951202547,46.506738112271684,8.218368600246215
3,0.9,250.0,17,24,49.96499713483216,31.007893959777693,40.486445547304925,9.478551587527233
3,0.9,255.0,17,24,36.41940927604913,29.049302891974087,32.73435608401161,3.685053192037522
3,0.9,260.0,17,24,37.65681178389066,27.51315303487318,32.58498240938192,5.07182937450874
3,0.9,265.0,17,24,27.25302481112216,21.89252120117062,24.57277300614639,2.6802518049757698
3,0.9,270.0,17,24,5.236163611272424,38.13889643166776,21.687530021470092,16.451366410197668
3,0.9,275.0,17,24,19.86762651248477,3.231398582598413,11.54951254754159,8.318113964943178
3,0.9,280.0,17,24,17.334221819879954,16.276925924376524,16.80557387212824,0.5286479477517148
3,0.9,285.0,17,24,10.672944550186887,-0.8826731658408631,4.895135692173012,5.777808858013875
3,0.9,290.0,17,24,-3.5999784560984387,2.8619737604064905,-0.3690023478459741,3.230976108252465
3,0.9,295.0,17,24,-15.92787927651471,-3.544791709183001,-9.736335492848855,6.191543783665855
3,0.9,300.0,17,24,-9.799814334278908,-12.232885511635775,-11.016349922957342,1.2165355886784335
3,2.7,20.0,18,23,3285.906752876227,3220.7253563986915,3253.3160546374593,32.5906982387678
3,2.7,25.0,18,23,2833.6323588421355,2828.7752624087175,2831.2038106254267,2.428548216709032
3,2.7,30.0,18,23,2521.8085836279815,2542.7540830217567,2532.281333324869,10.472749696887604
3,2.7,35.0,18,23,2254.319166871628,2255.556204891798,2254.937685881713,0.6185190100850377
3,2.7,40.0,18,23,2047.7985471998459,2005.1450236369178,2026.4717854183818,21.32676178146403
3,2.7,45.0,18,23,1841.7380600774754,1782.1805261198158,1811.9592930986455,29.77876697882982
3,2.7,50.0,18,23,1670.4093380438803,1649.0939333668937,1659.751635705387,10.657702338493323
3,2.7,55.0,18,23,1524.5331379970944,1516.5513053277132,1520.5422216624038,3.99091633469061
3,2.7,60.0,18,23,1408.80101269741,1384.6049791183086,1396.7029959078593,12.098016789550684
3,2.7,65.0,18,23,1269.4195521898973,1299.968440198522,1284.6939961942098,15.274444004312386
3,2.7,70.0,18,23,1186.5439194792557,1197.0301303685385,1191.7870249238972,5.243105444641401
3,2.7,75.0,18,23,1089.6096493776377,1084.3129642453564,1086.961306811497,2.6483425661406272
3,2.7,80.0,18,23,1000.3517547094698,985.2753186324351,992.8135366709524,7.538218038517357
3,2.7,85.0,18,23,943.7486915425463,923.1597936319934,933.4542425872698,10.294448955276494
3,2.7,90.0,18,23,872.7378283634398,848.8466058830329,860.7922171232364,11.945611240203448
3,2.7,95.0,18,23,798.555541391237,781.9447613278357,790.2501513595364,8.305390031700654
3,2.7,100.0,18,23,751.5659730882248,732.8212668196398,742.1936199539323,9.372353134292496
3,2.7,105.0,18,23,703.4876801118991,682.1119361577372,692.7998081348181,10.687871977080931
3,2.7,110.0,18,23,653.6403627919385,633.6373953801572,643.6388790860478,10.001483705890678
3,2.7,115.0,18,23,619.9249053032916,564.2075803121709,592.0662428077312,27.85866249556034
3,2.7,120.0,18,23,553.1078206992267,513.6137094038711,533.3607650515489,19.747055647677826
3,2.7,125.0,18,23,516.6173363273305,493.5918549036834,505.1045956155069,11.51274071182354
3,2.7,130.0,18,23,465.4540362711818,481.76767604460167,473.6108561578917,8.15681988670994
3,2.7,135.0,18,23,428.1715367577982,441.6546812514914,434.9131090046448,6.7415722468466015
3,2.7,140.0,18,23,402.7791552367076,385.93768761279887,394.35842142475326,8.420733811954364
3,2.7,145.0,18,23,383.71903459172717,339.6379950652828,361.67851482850494,22.040519763222193
3,2.7,150.0,18,23,345.18206792045254,311.37840441541994,328.2802361679362,16.9018317525163
3,2.7,155.0,18,23,313.2348560972323,285.23902198021176,299.236939038722,13.997917058510268
3,2.7,160.0,18,23,288.2248552782763,268.77691975134036,278.50088751480837,9.723967763467982
3,2.7,165.0,18,23,267.13175494536364,249.68971104535478,258.41073299535924,8.721021950004427
3,2.7,170.0,18,23,248.55019004480081,220.26110902882812,234.40564953681445,14.144540507986349
3,2.7,175.0,18,23,215.7852832669091,209.11689848764104,212.45109087727508,3.334192389634026
3,2.7,180.0,18,23,190.5206381068879,174.1202337001444,182.32043590351617,8.200202203371745
3,2.7,185.0,18,23,176.4008164900453,153.48814400057637,164.94448024531084,11.456336244734459
3,2.7,190.0,18,23,151.6633033404135,134.24405648746364,142.95367991393857,8.709623426474934
3,2.7,195.0,18,23,134.81148095312227,109.19797138907691,122.00472617109959,12.80675478202268
3,2.7,200.0,18,23,119.61777925175033,89.73996274832288,104.67887100003661,14.938908251713727
3,2.7,205.0,18,23,87.52927875314987,72.93666692414166,80.23297283864576,7.296305914504103
3,2.7,210.0,18,23,56.46190703251264,68.4718751980813,62.466891115296974,6.004984082784333
3,2.7,215.0,18,23,42.22435589793169,46.802718668755034,44.51353728334336,2.2891813854116734
3,2.7,220.0,18,23,29.66724203531121,27.26354525071585,28.46539364301353,1.2018483922976806
3,2.7,225.0,18,23,13.139150970364776,17.810855720208394,15.475003345286584,2.335852374921809
3,2.7,230.0,18,23,0.034328111560761765,6.1781985646218045,3.106263338091283,3.0719352265305213
3,2.7,235.0,18,23,-0.6559949697143292,2.0959863521535063,0.7199956912195885,1.3759906609339176
3,2.7,240.0,18,23,-24.804529178234468,-21.00297247244476,-22.903750825339614,1.9007783528948536
3,2.7,245.0,18,23,-35.8858158933092,-36.145463656039944,-36.01563977467457,0.12982388136537182
3,2.7,250.0,18,23,-55.34970603966241,-54.69919495263474,-55.024450496148575,0.32525554351383335
3,2.7,255.0,18,23,-74.07189691075052,-71.00468345632113,-72.53829018353582,1.5336067272146963
3,2.7,260.0,18,23,-96.63827297751457,-88.204392757971,-92.42133286774279,4.216940109771791
3,2.7,265.0,18,23,-107.34344155134745,-107.7782753428645,-107.56085844710597,0.21741689575852519
3,2.7,270.0,18,23,-120.27397303292042,-127.53176751145884,-123.90287027218963,3.6288972392692074
3,2.7,275.0,18,23,-126.41186257465307,-136.66611019658063,-131.53898638561685,5.127123810963781
3,2.7,280.0,18,23,-154.01651858257213,-156.68488311918566,-155.3507008508789,1.334182268306762
3,2.7,285.0,18,23,-180.6104834140183,-165.96187302464415,-173.28617821933122,7.324305194687071
3,2.7,290.0,18,23,-198.7354281009101,-188.3881201495257,-193.56177412521788,5.173653975692204
3,2.7,295.0,18,23,-214.46886977256563,-215.68927390084102,-215.07907183670332,0.6102020641376953
3,2.7,300.0,18,23,-228.56947294857252,-240.43810273589617,-234.50378784223435,5.934314893661821
4,0.1,20.0,26,31,601.0789377326521,594.9142252118581,597.9965814722551,3.0823562603969776
4,0.1,25.0,26,31,493.015136002414,486.9541367916445,489.98463639702925,3.0304996053847617
4,0.1,30.0,26,31,425.6837592945502,440.49436788606744,433.0890635903088,7.4053042957586115
4,0.1,35.0,26,31,363.8487572598168,339.31474420395955,351.5817507318882,12.267006527928629
4,0.1,40.0,26,31,324.1365994990906,287.62050158449676,305.8785505417937,18.25804895729692
4,0.1,45.0,26,31,254.15219987203915,269.7977834473588,261.97499165969896,7.822791787659838
4,0.1,50.0,26,31,233.69266194945092,225.64387952195352,229.6682707357022,4.0243912137487
4,0.1,55.0,26,31,193.1976012390129,209.8593764411139,201.5284888400634,8.330887601050506
4,0.1,60.0,26,31,180.3621513367089,180.7058963457161,180.5340238412125,0.1718725045035967
4,0.1,65.0,26,31,154.3158292309583,147.66376355877782,150.98979639486805,3.326032836090235
4,0.1,70.0,26,31,136.96204105019922,139.0768979231383,138.01946948666875,1.0574284364695359
4,0.1,75.0,26,31,122.17189347112264,126.09167672329112,124.13178509720689,1.9598916260842358
4,0.1,80.0,26,31,103.80794427777508,103.70830660261771,103.7581254401964,0.04981883757868388
4,0.1,85.0,26,31,90.97360440610572,98.78684496002225,94.88022468306399,3.9066202769582645
4,0.1,90.0,26,31,87.35303239659488,84.31431525099102,85.83367382379295,1.5193585728019343
4,0.1,95.0,26,31,64.46270962840785,70.40049543875418,67.43160253358101,2.9688929051731634
4,0.1,100.0,26,31,67.56458254682616,71.82136778608756,69.69297516645686,2.128392619630702
4,0.1,105.0,26,31,60.75270559852791,66.6500167097715,63.70136115414971,2.948655555621798
4,0.1,110.0,26,31,57.78751555673952,58.811742479904666,58.29962901832209,0.5121134615825724
4,0.1,115.0,26,31,46.60167058294968,53.59201394907128,50.09684226601048,3.4951716830608
4,0.1,120.0,26,31,43.7676132646182,56.074473205848065,49.92104323523313,6.153429970614933
4,0.1,125.0,26,31,44.15753223449344,49.237612284464106,46.697572259478775,2.540040024985334
4,0.1,130.0,26,31,42.0809631346322,41.75446501951253,41.91771407707236,0.16324905755983465
4,0.1,135.0,26,31,32.80448682543769,46.66363348702173,39.73406015622971,6.929573330792017
4,0.1,140.0,26,31,31.10191521127765,41.23700850002665,36.169461855652145,5.067546644374499
4,0.1,145.0,26,31,40.01710140039184,37.421220207445856,38.71916080391885,1.2979405964729906
4,0.1,150.0,26,31,26.775562529716385,31.200707937743054,28.98813523372972,2.2125727040133345
4,0.1,155.0,26,31,26.39616399943616,29.53586079753179,27.966012398483976,1.5698483990478156
4,0.1,160.0,26,31,23.376897241366255,26.773905767576103,25.07540150447118,1.6985042631049243
4,0.1,165.0,26,31,26.302258721285966,30.463879543171075,28.38306913222852,2.0808104109425543
4,0.1,170.0,26,31,19.819712951368963,24.528197820743152,22.173955386056058,2.3542424346870945
4,0.1,175.0,26,31,18.50933007121747,25.738098077045777,22.123714074131623,3.6143840029141536
4,0.1,180.0,26,31,18.746545274560532,15.412278330629345,17.07941180259494,1.6671334719655935
4,0.1,185.0,26,31,20.17608248789022,26.574696687746368,23.375389587818294,3.199307099928074
4,0.1,190.0,26,31,16.70660718563572,21.878604399186656,19.292605792411187,2.585998606775469
4,0.1,195.0,26,31,16.350701542513512,18.538141164848234,17.444421353680873,1.093719811167361
4,0.1,200.0,26,31,15.55862013054071,19.332260394255236,17.445440262397973,1.886820131857263
4,0.1,205.0,26,31,11.654791497789306,9.097330618891926,10.376061058340616,1.2787304394486902
4,0.1,210.0,26,31,7.3693111382462,12.226772059336485,9.798041598791343,2.4287304605451423
4,0.1,215.0,26,31,9.634138120185536,6.656505794718896,8.145321957452216,1.48881616273332
4,0.1,220.0,26,31,8.542215895941311,15.020951112934853,11.781583504438082,3.239367608496771
4,0.1,225.0,26,31,4.257895269896171,14.982729610341526,9.620312440118848,5.3624171702226775
4,0.1,230.0,26,31,14.427614887390744,9.032733463015557,11.73017417520315,2.6974407121875936
4,0.1,235.0,26,31,6.198510468470326,19.664938232160225,12.931724350315275,6.733213881844949
4,0.1,240.0,26,31,6.501996157452286,5.706485247847624,6.104240702649955,0.397755454802331
4,0.1,245.0,26,31,3.773342046529056,6.357708742595719,5.065525394562387,1.2921833480333313
4,0.1,250.0,26,31,5.287456967155153,9.43453141744195,7.360994192298551,2.073537225143398
4,0.1,255.0,26,31,1.3609638283154548,7.826345542451912,4.593654685383683,3.2326908570682287
4,0.1,260.0,26,31,4.290003320188554,4.275722030533029,4.282862675360791,0.0071406448277628876
4,0.1,265.0,26,31,0.06207887742202278,2.721579736582487,1.391829307002255,1.3297504295802323
4,0.1,270.0,26,31,7.210245405092616,4.840909867301527,6.025577636197072,1.1846677688955443
4,0.1,275.0,26,31,-2.856672121555669,-0.5849861443528667,-1.720829132954268,1.1358429886014012
4,0.1,280.0,26,31,-0.025116514057108956,3.947202665602073,1.961043075772482,1.986159589829591
4,0.1,285.0,26,31,5.923769602634424,8.647585968106547,7.285677785370486,1.3619081827360615
4,0.1,290.0,26,31,6.3516284255384505,5.116611655178717,5.734120040358584,0.6175083851798666
4,0.1,295.0,26,31,6.072033246629604,1.8352285587881538,3.9536309027088787,2.1184023439207254
4,0.1,300.0,26,31,-2.0743987414571317,-1.825370824048456,-1.9498847827527939,0.12451395870433779
4,0.3,20.0,27,30,925.5384070377738,934.5090947586109,930.0237508981924,4.4853438604185385
4,0.3,25.0,27,30,775.7570032456597,771.7636266191894,773.7603149324245,1.996688313235154
4,0.3,30.0,27,30,679.0271444569923,685.3346698743379,682.1809071656651,3.1537627086727866
4,0.3,35.0,27,30,592.1492217395618,579.8678428000596,586.0085322698108,6.1406894697510666
4,0.3,40.0,27,30,503.2316922856339,506.8985707969846,505.06513154130926,1.83343925567533
4,0.3,45.0,27,30,453.4071388774907,444.86422714145027,449.1356830094705,4.271455868020212
4,0.3,50.0,27,30,412.77524618182997,402.4169207622081,407.596083472019,5.1791627098109245
4,0.3,55.0,27,30,353.53031010492805,367.9755363738775,360.7529232394028,7.222613134474727
4,0.3,60.0,27,30,328.7311654036521,327.03008487541837,327.88062513953525,0.8505402641168587
4,0.3,65.0,27,30,307.0730263425632,285.01459698059705,296.0438116615801,11.029214680983074
4,0.3,70.0,27,30,260.2392268160436,251.26206115523593,255.75064398563975,4.488582830403828
4,0.3,75.0,27,30,238.66385959151754,232.16050488911043,235.412182240314,3.251677351203554
4,0.3,80.0,27,30,208.8352157884348,214.37357281421674,211.60439430132578,2.7691785128909743
4,0.3,85.0,27,30,192.27655746198712,191.8748920485321,192.0757247552596,0.2008327067275104
4,0.3,90.0,27,30,184.33291315995504,175.78706895492496,180.05999105744002,4.2729221025150395
4,0.3,95.0,27,30,167.02387412462286,158.76993484120936,162.8969044829161,4.126969641706751
4,0.3,100.0,27,30,156.48504446974266,153.47631471889017,154.98067959431643,1.5043648754262477
4,0.3,105.0,27,30,138.40246319079478,142.19523905723753,140.29885112401615,1.8963879332213764
4,0.3,110.0,27,30,137.77501423276954,122.01175084257738,129.89338253767346,7.881631695096075
4,0.3,115.0,27,30,125.14796844017721,109.49280877968283,117.32038860993002,7.827579830247188
4,0.3,120.0,27,30,114.02822827581187,103.72686233859608,108.87754530720397,5.150682968607896
4,0.3,125.0,27,30,113.95027761707941,99.87374719497987,106.91201240602965,7.038265211049769
4,0.3,130.0,27,30,95.63116040726604,88.21484692708096,91.9230036671735,3.708156740092541
4,0.3,135.0,27,30,90.52283256279205,98.83679633857258,94.67981445068231,4.156981887890268
4,0.3,140.0,27,30,88.74825806598523,86.49338822451357,87.6208231452494,1.1274349207358298
4,0.3,145.0,27,30,87.60060236331887,92.45428586672696,90.02744411502292,2.426841751704046
4,0.3,150.0,27,30,84.30278418648928,73.95545966748344,79.12912192698636,5.173662259502919
4,0.3,155.0,27,30,73.26876489529678,73.55178957183757,73.41027723356717,0.14151233827039533
4,0.3,160.0,27,30,78.75529840131011,79.29823592252528,79.02676716191769,0.27146876060758274
4,0.3,165.0,27,30,62.19629215481285,70.72517111551917,66.46073163516601,4.264439480353161
4,0.3,170.0,27,30,69.35875653976024,69.07705727293241,69.21790690634631,0.14084963341391443
4,0.3,175.0,27,30,54.97766353328731,55.17639215209607,55.07702784269169,0.09936430940437901
4,0.3,180.0,27,30,59.05821898361499,56.6699466545531,57.86408281908405,1.1941361645309456
4,0.3,185.0,27,30,46.39502264110737,47.89011793235505,47.14257028673121,0.7475476456238397
4,0.3,190.0,27,30,54.82229237970796,57.89112946103543,56.3567109203717,1.5344185406637365
4,0.3,195.0,27,30,41.23833390973878,38.236264342692095,39.73729912621543,1.501034783523341
4,0.3,200.0,27,30,48.779898607780744,45.4722889666978,47.12609378723927,1.6538048205414704
4,0.3,205.0,27,30,45.273808862210245,36.2499390766486,40.76187396942942,4.511934892780822
4,0.3,210.0,27,30,41.92353759599838,34.475729067512965,38.19963333175568,3.7239042642427087
4,0.3,215.0,27,30,31.71326044129263,31.267094396731597,31.490177419012113,0.22308302228051602
4,0.3,220.0,27,30,26.638432327308838,37.17570462577633,31.907068476542584,5.268636149233748
4,0.3,225.0,27,30,35.149269148299936,35.16712904417981,35.15819909623987,0.008929947939936511
4,0.3,230.0,27,30,41.19691485621469,28.506149991680648,34.85153242394767,6.345382432267021
4,0.3,235.0,27,30,30.04475185675055,26.060189204869715,28.052470530810133,1.992281325940418
4,0.3,240.0,27,30,18.233363201396998,23.321843035422354,20.777603118409676,2.5442399170126784
4,0.3,245.0,27,30,24.63040347721899,30.121791296305013,27.376097386762,2.745693909543011
4,0.3,250.0,27,30,15.02550720882125,20.287284362791695,17.656395785806474,2.630888576985223
4,0.3,255.0,27,30,19.028857543380234,27.950604510573164,23.4897310269767,4.460873483596465
4,0.3,260.0,27,30,4.639132806153339,12.50254011769871,8.570836461926024,3.931703655772685
4,0.3,265.0,27,30,10.703445541205742,24.018842868125,17.361144204665372,6.6576986634596285
4,0.3,270.0,27,30,16.00949137958228,7.939568667165663,11.97453002337397,4.034961356208308
4,0.3,275.0,27,30,13.773342950303222,17.2617219085865,15.517532429444863,1.7441894791416397
4,0.3,280.0,27,30,12.639670320106255,6.924271691940782,9.781971006023518,2.8576993140827365
4,0.3,285.0,27,30,6.249373066198172,9.21096793414046,7.730170500169315,1.4807974339711438
4,0.3,290.0,27,30,4.6315448355471185,12.262442148230466,8.446993491888792,3.815448656341674
4,0.3,295.0,27,30,5.538241052432326,4.8319302164971525,5.185085634464739,0.35315541796758687
4,0.3,300.0,27,30,9.050908143701994,9.4089841452288,9.229946144465398,0.17903800076340293
4,0.9,20.0,28,29,1679.1363160537824,1699.8183902671437,1689.477353160463,10.341037106680687
4,0.9,25.0,28,29,1507.4304486864196,1459.9755290332528,1483.7029888598363,23.727459826583413
4,0.9,30.0,28,29,1285.546242923332,1274.5886500697027,1280.0674464965173,5.478796426814711
4,0.9,35.0,28,29,1139.0357680584998,1152.1089467604104,1145.572357409455,6.536589350955296
4,0.9,40.0,28,29,1014.0126200780227,1015.7504807257858,1014.8815504019042,0.8689303238815569
4,0.9,45.0,28,29,938.8148538867596,895.0477045155405,916.9312792011501,21.883574685609517
4,0.9,50.0,28,29,838.8923813172137,821.9759452064255,830.4341632618195,8.45821805539407
4,0.9,55.0,28,29,772.4181139353557,719.063762515405,745.7409382253803,26.67717570997536
4,0.9,60.0,28,29,669.0139225913333,664.8842607111474,666.9490916512403,2.0648309400929747
4,0.9,65.0,28,29,601.8690310300562,624.7044984037558,613.286764716906,11.417733686849772
4,0.9,70.0,28,29,567.1663752520956,560.3509362651946,563.7586557586451,3.407719493450486
4,0.9,75.0,28,29,521.1532859873446,510.51476895444307,515.8340274708938,5.319258516450759
4,0.9,80.0,28,29,499.36810640528665,458.63110871940376,478.9996075623452,20.36849884294145
4,0.9,85.0,28,29,460.5196187486446,416.96582720593915,438.74272297729186,21.776895771352713
4,0.9,90.0,28,29,420.7541960850863,387.2404328194808,403.99731445228355,16.75688163280273
4,0.9,95.0,28,29,394.4597241458629,382.1439176890718,388.30182091746735,6.157903228395526
4,0.9,100.0,28,29,355.2990362313777,361.2376007199308,358.26831847565427,2.969282244276542
4,0.9,105.0,28,29,335.9920083245296,319.1221106622809,327.55705949340523,8.434948831124359
4,0.9,110.0,28,29,321.8446844561469,292.74794846407696,307.29631646011194,14.548367996034983
4,0.9,115.0,28,29,303.8284067980801,283.69583088401197,293.762118841046,10.066287957034064
4,0.9,120.0,28,29,277.4957299238862,265.5236022056164,271.5096660647513,5.986063859134902
4,0.9,125.0,28,29,250.3583471102047,250.1351481145743,250.2467476123895,0.11159949781520595
4,0.9,130.0,28,29,240.4337288838442,247.7415741466607,244.08765151525245,3.65392263140825
4,0.9,135.0,28,29,221.57147534135902,211.53674870311033,216.55411202223468,5.0173633191243425
4,0.9,140.0,28,29,207.11516533368672,199.21184662216547,203.1635059779261,3.9516593557606257
4,0.9,145.0,28,29,204.34635130846658,194.9750419343236,199.6606966213951,4.685654687071491
4,0.9,150.0,28,29,192.14434784313846,164.93438228006164,178.53936506160005,13.60498278153841
4,0.9,155.0,28,29,167.16065640698065,166.35528776263698,166.7579720848088,0.4026843221718366
4,0.9,160.0,28,29,171.25605644609112,149.60570416706526,160.4308803065782,10.825176139512934
4,0.9,165.0,28,29,154.03558791481464,142.12280541643472,148.0791966656247,5.956391249189963
4,0.9,170.0,28,29,146.0289038133187,130.9804835840876,138.50469369870314,7.524210114615542
4,0.9,175.0,28,29,149.1893929762842,136.91676174088656,143.05307735858537,6.136315617698827
4,0.9,180.0,28,29,124.29299633733334,130.71806902858054,127.50553268295694,3.2125363456236045
4,0.9,185.0,28,29,123.21800622216938,123.27418702636948,123.24609662426943,0.028090402100048095
4,0.9,190.0,28,29,108.9577574462588,118.98526060157309,113.97150902391594,5.013751577657146
4,0.9,195.0,28,29,108.68137638590336,109.56169694950412,109.12153666770374,0.4401602818003809
4,0.9,200.0,28,29,99.08774610006449,97.10478406116732,98.09626508061591,0.9914810194485852
4,0.9,205.0,28,29,98.70400685297457,91.18426171232892,94.94413428265175,3.759872570322827
4,0.9,210.0,28,29,103.50901468468118,92.02659272003736,97.76780370235926,5.74121098232191
4,0.9,215.0,28,29,77.04190813036908,64.70661815080038,70.87426314058473,6.16764498978435
4,0.9,220.0,28,29,76.10477719295477,64.93276618304192,70.51877168799834,5.586005504956425
4,0.9,225.0,28,29,64.74538638489898,87.15582799895608,75.95060719192753,11.205220807028553
4,0.9,230.0,28,29,67.84551970306896,51.309824099895295,59.57767190148213,8.267847801586832
4,0.9,235.0,28,29,48.445348628655964,53.800020435869804,51.12268453226288,2.67733590360692
4,0.9,240.0,28,29,46.957195170778874,43.25476254388332,45.105978857331095,1.8512163134477788
4,0.9,245.0,28,29,52.57945063137943,30.863523706814295,41.72148716909686,10.857963462282568
4,0.9,250.0,28,29,43.05677946803799,33.19548269070502,38.126131079371504,4.930648388666484
4,0.9,255.0,28,29,35.57591853484082,34.273007651944745,34.92446309339278,0.6514554414480358
4,0.9,260.0,28,29,23.667145400841676,25.991648955098494,24.829397177970087,1.162251777128409
4,0.9,265.0,28,29,21.097755834529373,16.261832821272346,18.679794327900858,2.4179615066285134
4,0.9,270.0,28,29,12.212772419244427,40.07922998067797,26.146001199961198,13.933228780716773
4,0.9,275.0,28,29,9.47807112650686,13.007073892486439,11.24257250949665,1.7645013829897893
4,0.9,280.0,28,29,2.0079957148473304,9.49806824554807,5.753031980197701,3.74503626535037
4,0.9,285.0,28,29,-6.340925742107683,11.111224406961021,2.385149332426669,8.726075074534352
4,0.9,290.0,28,29,-0.48158761913513737,-0.9564322163564475,-0.7190099177457925,0.23742229861065506
4,0.9,295.0,28,29,-14.300756610257345,6.567222882941788,-3.8667668636577783,10.433989746599567
4,0.9,300.0,28,29,0.9700176659124828,-16.64714599239626,-7.838564163241889,8.808581829154372
4,2.7,20.0,25,32,3283.537881231836,2999.086765623002,3141.312323427419,142.2255578044169
4,2.7,25.0,25,32,2847.9758433480074,2597.914255472492,2722.94504941025,125.03079393775761
4,2.7,30.0,25,32,2492.2348823831494,2285.566678339852,2388.9007803615004,103.33410202164873
4,2.7,35.0,25,32,2239.65912482348,2079.381254784431,2159.5201898039554,80.13893501952452
4,2.7,40.0,25,32,2003.8933067041783,1897.6579242403282,1950.7756154722533,53.11769123192505
4,2.7,45.0,25,32,1803.549808701627,1728.1830693396078,1765.8664390206172,37.683369681009594
4,2.7,50.0,25,32,1665.000075924122,1580.7090050459701,1622.854540485046,42.14553543907596
4,2.7,55.0,25,32,1515.1781477300408,1455.6538152856865,1485.4159815078638,29.762166222177143
4,2.7,60.0,25,32,1372.5530451677082,1303.1633071759122,1337.85817617181,34.69486899589799
4,2.7,65.0,25,32,1251.0172986558514,1175.2075908002023,1213.1124447280267,37.90485392782455
4,2.7,70.0,25,32,1152.957225544205,1083.9068918446064,1118.4320586944057,34.525166849799234
4,2.7,75.0,25,32,1068.5063433899345,1003.9860778447503,1036.2462106173425,32.2601327725921
4,2.7,80.0,25,32,995.7198288186298,951.7346495496598,973.7272391841448,21.992589634485
4,2.7,85.0,25,32,928.2470805972771,867.3258988566346,897.7864897269558,30.460590870321255
4,2.7,90.0,25,32,865.9365381252235,794.8641428002005,830.4003404627119,35.53619766251148
4,2.7,95.0,25,32,783.4662985428527,762.5463132860491,773.0063059144509,10.459992628401778
4,2.7,100.0,25,32,712.634697027398,699.4839321544259,706.059314590912,6.575382436486052
4,2.7,105.0,25,32,635.6594404379595,643.4663190252556,639.5628797316076,3.9034392936480913
4,2.7,110.0,25,32,610.7999233242665,576.3808389543537,593.5903811393101,17.209542184956376
4,2.7,115.0,25,32,574.2106959287703,543.481403090617,558.8460495096937,15.364646419076621
4,2.7,120.0,25,32,529.4310329427233,514.3030052926192,521.8670191176712,7.5640138250520295
4,2.7,125.0,25,32,493.1637475664587,483.766973758209,488.46536066233386,4.698386904124845
4,2.7,130.0,25,32,461.7250126119236,452.48216857419084,457.1035905930572,4.621422018866383
4,2.7,135.0,25,32,421.3740073696415,417.9192938180632,419.6466505938523,1.7273567757891612
4,2.7,140.0,25,32,381.09623101399114,376.9429768409178,379.01960392745445,2.0766270865366607
4,2.7,145.0,25,32,353.0700450145474,348.76740059922355,350.9187228068855,2.1513222076619343
4,2.7,150.0,25,32,335.19280283535045,309.92799199911394,322.5603974172322,12.632405418118253
4,2.7,155.0,25,32,300.03543212018076,286.49584174034646,293.2656369302636,6.769795189917147
4,2.7,160.0,25,32,279.9672214152889,263.29898484083833,271.6331031280636,8.334118287225294
4,2.7,165.0,25,32,259.7621455899316,241.89348543862525,250.82781551427843,8.934330075653179
4,2.7,170.0,25,32,239.4975920037142,216.7577363731697,228.12766418844194,11.369927815272248
4,2.7,175.0,25,32,216.6257918362632,199.0509915858993,207.83839171108127,8.787400125181946
4,2.7,180.0,25,32,184.4407021048466,179.23351526342066,181.83710868413363,2.6035934207129685
4,2.7,185.0,25,32,162.2971980069408,166.80771636809118,164.55245718751598,2.2552591805751945
4,2.7,190.0,25,32,140.73042937792653,151.3719948531674,146.05121211554695,5.3207827376204335
4,2.7,195.0,25,32,118.52194706885246,128.38874429649348,123.45534568267297,4.933398613820515
4,2.7,200.0,25,32,106.88123804926124,110.18960980092888,108.53542392509506,1.654185875833818
4,2.7,205.0,25,32,87.16199115412039,81.47817041236146,84.32008078324093,2.841910370879461
4,2.7,210.0,25,32,84.12388701050824,60.52789954362067,72.32589327706445,11.797993733443786
4,2.7,215.0,25,32,50.76998472388393,29.708280033542128,40.23913237871303,10.530852345170901
4,2.7,220.0,25,32,33.03706309478542,19.662419953706042,26.34974152424573,6.687321570539687
4,2.7,225.0,25,32,14.391812257525036,7.307928100923669,10.849870179224352,3.5419420783006834
4,2.7,230.0,25,32,-4.798944082270603,1.313994621619182,-1.7424747303257107,3.0564693519448927
4,2.7,235.0,25,32,-19.334662699359615,-7.173117365513376,-13.253890032436496,6.080772666923119
4,2.7,240.0,25,32,-30.882443930463996,-15.288004602435741,-23.08522426644987,7.797219664014127
4,2.7,245.0,25,32,-39.23756167782683,-30.10842122582749,-34.67299145182716,4.56457022599967
4,2.7,250.0,25,32,-46.87970840544621,-55.935156077414455,-51.40743224143033,4.527723835984123
4,2.7,255.0,25,32,-59.987944194259995,-88.93509113262184,-74.46151766344092,14.47357346918092
4,2.7,260.0,25,32,-80.38233822946415,-87.6689272340122,-84.02563273173817,3.643294502274024
4,2.7,265.0,25,32,-100.59281509940084,-108.1790792400061,-104.38594716970347,3.793132070302633
4,2.7,270.0,25,32,-126.50364719726312,-123.51672043618511,-125.01018381672412,1.493463380539005
4,2.7,275.0,25,32,-148.24071440674766,-141.27855256464255,-144.7596334856951,3.481080921052552
4,2.7,280.0,25,32,-160.03459108627058,-150.49140920762383,-155.2630001469472,4.771590939323374
4,2.7,285.0,25,32,-181.4758931183498,-161.6694839669728,-171.5726885426613,9.903204575688505
4,2.7,290.0,25,32,-194.14137579261214,-189.14477998692482,-191.64307788976848,2.4982979028436603
4,2.7,295.0,25,32,-221.64712310071513,-209.5768653608368,-215.61199423077596,6.035128869939172
4,2.7,300.0,25,32,-242.2209610434082,-224.03869238643836,-233.1298267149233,9.091134328484927
