analysis_variant,parameter,parameter_label,unit,block,speed_um_per_s,early_map_order,late_map_order,both_maps_usable,pair_mean,pair_half_difference
original_no_subtraction,lambda_D_apparent_nm,Apparent Debye length,nm,1,0.1,1,8,True,32.06579200235759,1.5992267066710468
original_no_subtraction,lambda_D_apparent_nm,Apparent Debye length,nm,1,0.3,2,7,True,43.462322494730245,0.5611636418959343
original_no_subtraction,lambda_D_apparent_nm,Apparent Debye length,nm,1,0.9,3,6,True,69.60357368771126,0.027929425881097814
original_no_subtraction,lambda_D_apparent_nm,Apparent Debye length,nm,1,2.7,4,5,False,989.3586379822973,10.638225694049595
original_no_subtraction,lambda_D_apparent_nm,Apparent Debye length,nm,2,0.1,12,13,True,30.922437460647416,1.338130425560955
original_no_subtraction,lambda_D_apparent_nm,Apparent Debye length,nm,2,0.3,9,16,True,42.75103788131972,0.09637866170433895
original_no_subtraction,lambda_D_apparent_nm,Apparent Debye length,nm,2,0.9,10,15,True,67.84355778667451,2.73837169272349
original_no_subtraction,lambda_D_apparent_nm,Apparent Debye length,nm,2,2.7,11,14,True,757.8295008970335,91.17912885752725
original_no_subtraction,lambda_D_apparent_nm,Apparent Debye length,nm,3,0.1,19,22,True,30.17865056419914,0.8010144709867486
original_no_subtraction,lambda_D_apparent_nm,Apparent Debye length,nm,3,0.3,20,21,True,43.31720001765824,0.21526805157149553
original_no_subtraction,lambda_D_apparent_nm,Apparent Debye length,nm,3,0.9,17,24,True,63.69589318677623,2.856057078464506
original_no_subtraction,lambda_D_apparent_nm,Apparent Debye length,nm,3,2.7,18,23,True,714.7239856139356,58.82188197038823
original_no_subtraction,lambda_D_apparent_nm,Apparent Debye length,nm,4,0.1,26,31,True,34.57552711312429,0.9109881243274955
original_no_subtraction,lambda_D_apparent_nm,Apparent Debye length,nm,4,0.3,27,30,True,43.8035385467561,0.9441375693667844
original_no_subtraction,lambda_D_apparent_nm,Apparent Debye length,nm,4,0.9,28,29,True,63.967284047806636,0.656099014434524
original_no_subtraction,lambda_D_apparent_nm,Apparent Debye length,nm,4,2.7,25,32,True,746.7580763354442,94.2918846379709
original_no_subtraction,surface_potential_magnitude_apparent_mV,Apparent surface potential,mV,1,0.1,1,8,True,49.61500501593339,1.381752814088511
original_no_subtraction,surface_potential_magnitude_apparent_mV,Apparent surface potential,mV,1,0.3,2,7,True,66.84681867428193,1.3722314503349935
original_no_subtraction,surface_potential_magnitude_apparent_mV,Apparent surface potential,mV,1,0.9,3,6,True,109.53169695623379,1.164666793286436
original_no_subtraction,surface_potential_magnitude_apparent_mV,Apparent surface potential,mV,1,2.7,4,5,False,309.823916144241,1.0012560153542438
original_no_subtraction,surface_potential_magnitude_apparent_mV,Apparent surface potential,mV,2,0.1,12,13,True,46.68224074946924,0.8694267270604854
original_no_subtraction,surface_potential_magnitude_apparent_mV,Apparent surface potential,mV,2,0.3,9,16,True,62.53087696659368,1.0425364550736589
original_no_subtraction,surface_potential_magnitude_apparent_mV,Apparent surface potential,mV,2,0.9,10,15,True,101.80804263231826,2.012568450121435
original_no_subtraction,surface_potential_magnitude_apparent_mV,Apparent surface potential,mV,2,2.7,11,14,True,290.53960007393493,2.9140221664310104
original_no_subtraction,surface_potential_magnitude_apparent_mV,Apparent surface potential,mV,3,0.1,19,22,True,49.73771923010804,1.5822548769938258
original_no_subtraction,surface_potential_magnitude_apparent_mV,Apparent surface potential,mV,3,0.3,20,21,True,63.902769132325574,0.840603378418816
original_no_subtraction,surface_potential_magnitude_apparent_mV,Apparent surface potential,mV,3,0.9,17,24,True,98.8748588871087,0.42947849646854763
original_no_subtraction,surface_potential_magnitude_apparent_mV,Apparent surface potential,mV,3,2.7,18,23,True,281.90519476333156,5.011592917249146
original_no_subtraction,surface_potential_magnitude_apparent_mV,Apparent surface potential,mV,4,0.1,26,31,True,45.76300811814424,0.42549004883846564
original_no_subtraction,surface_potential_magnitude_apparent_mV,Apparent surface potential,mV,4,0.3,27,30,True,59.86942750006351,0.3479204003362888
original_no_subtraction,surface_potential_magnitude_apparent_mV,Apparent surface potential,mV,4,0.9,28,29,True,96.4281892188138,0.7406070310180297
original_no_subtraction,surface_potential_magnitude_apparent_mV,Apparent surface potential,mV,4,2.7,25,32,True,277.8862475241749,9.957209499602214
shared_empirical_20_200,lambda_D_apparent_nm,Apparent Debye length,nm,1,0.1,1,8,True,13.231952632452078,1.3227048264540082
shared_empirical_20_200,lambda_D_apparent_nm,Apparent Debye length,nm,1,0.3,2,7,True,11.928788623093485,0.6706161623433067
shared_empirical_20_200,lambda_D_apparent_nm,Apparent Debye length,nm,1,0.9,3,6,True,14.13204065633021,0.5166291018195075
shared_empirical_20_200,lambda_D_apparent_nm,Apparent Debye length,nm,1,2.7,4,5,False,69.85696675504062,0.7249730342010636
shared_empirical_20_200,lambda_D_apparent_nm,Apparent Debye length,nm,2,0.1,12,13,True,11.078704608643452,0.152532357631193
shared_empirical_20_200,lambda_D_apparent_nm,Apparent Debye length,nm,2,0.3,9,16,True,9.264058988284384,0.6072752848309602
shared_empirical_20_200,lambda_D_apparent_nm,Apparent Debye length,nm,2,0.9,10,15,True,8.959142845968621,0.6064779715482356
shared_empirical_20_200,lambda_D_apparent_nm,Apparent Debye length,nm,2,2.7,11,14,False,15.291545354538766,3.631014705486314
shared_empirical_20_200,lambda_D_apparent_nm,Apparent Debye length,nm,3,0.1,19,22,True,12.709242858909295,0.6366309235981698
shared_empirical_20_200,lambda_D_apparent_nm,Apparent Debye length,nm,3,0.3,20,21,True,9.869677125073878,0.43879909398271355
shared_empirical_20_200,lambda_D_apparent_nm,Apparent Debye length,nm,3,0.9,17,24,False,8.393190492859599,0.04655911402550128
shared_empirical_20_200,lambda_D_apparent_nm,Apparent Debye length,nm,3,2.7,18,23,True,9.514220562591534,0.17081436221594082
shared_empirical_20_200,lambda_D_apparent_nm,Apparent Debye length,nm,4,0.1,26,31,True,11.482373948784433,0.1727086069833046
shared_empirical_20_200,lambda_D_apparent_nm,Apparent Debye length,nm,4,0.3,27,30,True,7.729526279256335,0.10951244279615402
shared_empirical_20_200,lambda_D_apparent_nm,Apparent Debye length,nm,4,0.9,28,29,False,6.893211892313224,0.3309304571896803
shared_empirical_20_200,lambda_D_apparent_nm,Apparent Debye length,nm,4,2.7,25,32,False,5.408140512820394,2.624689059218012
shared_empirical_20_200,surface_potential_magnitude_apparent_mV,Apparent surface potential,mV,1,0.1,1,8,True,39.33713875930304,0.1212639207123658
shared_empirical_20_200,surface_potential_magnitude_apparent_mV,Apparent surface potential,mV,1,0.3,2,7,True,43.832952739564234,1.8451883673833045
shared_empirical_20_200,surface_potential_magnitude_apparent_mV,Apparent surface potential,mV,1,0.9,3,6,True,48.062211301039255,1.1914444002243414
shared_empirical_20_200,surface_potential_magnitude_apparent_mV,Apparent surface potential,mV,1,2.7,4,5,False,45.210805746114616,0.38335042614032844
shared_empirical_20_200,surface_potential_magnitude_apparent_mV,Apparent surface potential,mV,2,0.1,12,13,True,37.75791339284761,2.0128688102045196
shared_empirical_20_200,surface_potential_magnitude_apparent_mV,Apparent surface potential,mV,2,0.3,9,16,True,41.720466999310794,3.251925990898833
shared_empirical_20_200,surface_potential_magnitude_apparent_mV,Apparent surface potential,mV,2,0.9,10,15,True,44.29826168800109,6.150972638281697
shared_empirical_20_200,surface_potential_magnitude_apparent_mV,Apparent surface potential,mV,2,2.7,11,14,False,30.84063525709106,5.475889913093804
shared_empirical_20_200,surface_potential_magnitude_apparent_mV,Apparent surface potential,mV,3,0.1,19,22,True,39.14111537204728,2.372681640929759
shared_empirical_20_200,surface_potential_magnitude_apparent_mV,Apparent surface potential,mV,3,0.3,20,21,True,46.00273141818052,1.1933730910796818
shared_empirical_20_200,surface_potential_magnitude_apparent_mV,Apparent surface potential,mV,3,0.9,17,24,False,40.72610400630185,1.3361542187596598
shared_empirical_20_200,surface_potential_magnitude_apparent_mV,Apparent surface potential,mV,3,2.7,18,23,True,39.722089081869555,0.3840337788656747
shared_empirical_20_200,surface_potential_magnitude_apparent_mV,Apparent surface potential,mV,4,0.1,26,31,True,34.2738107635008,0.4828219261909581
shared_empirical_20_200,surface_potential_magnitude_apparent_mV,Apparent surface potential,mV,4,0.3,27,30,True,38.461623266181405,0.5131421942138736
shared_empirical_20_200,surface_potential_magnitude_apparent_mV,Apparent surface potential,mV,4,0.9,28,29,False,43.55199835778812,2.2963101920002273
shared_empirical_20_200,surface_potential_magnitude_apparent_mV,Apparent surface potential,mV,4,2.7,25,32,False,273.35456990061385,226.64543009938203
shared_empirical_20_250,lambda_D_apparent_nm,Apparent Debye length,nm,1,0.1,1,8,True,14.189105770387814,1.359972464481329
shared_empirical_20_250,lambda_D_apparent_nm,Apparent Debye length,nm,1,0.3,2,7,True,12.87160740691251,0.7617798115174654
shared_empirical_20_250,lambda_D_apparent_nm,Apparent Debye length,nm,1,0.9,3,6,True,14.745184973672828,0.5610351416040471
shared_empirical_20_250,lambda_D_apparent_nm,Apparent Debye length,nm,1,2.7,4,5,True,36.98904427727608,10.779699285973521
shared_empirical_20_250,lambda_D_apparent_nm,Apparent Debye length,nm,2,0.1,12,13,True,11.95301545199067,0.1377480414500747
shared_empirical_20_250,lambda_D_apparent_nm,Apparent Debye length,nm,2,0.3,9,16,True,10.311495590303732,0.4583970161902746
shared_empirical_20_250,lambda_D_apparent_nm,Apparent Debye length,nm,2,0.9,10,15,True,9.932037063931304,0.5468872061651835
shared_empirical_20_250,lambda_D_apparent_nm,Apparent Debye length,nm,2,2.7,11,14,False,11.935421135713455,2.0532895578941455
shared_empirical_20_250,lambda_D_apparent_nm,Apparent Debye length,nm,3,0.1,19,22,True,13.612076147485936,0.5881022860213614
shared_empirical_20_250,lambda_D_apparent_nm,Apparent Debye length,nm,3,0.3,20,21,True,10.711878059759758,0.4380760453920933
shared_empirical_20_250,lambda_D_apparent_nm,Apparent Debye length,nm,3,0.9,17,24,True,9.223123146897223,0.1195403738170775
shared_empirical_20_250,lambda_D_apparent_nm,Apparent Debye length,nm,3,2.7,18,23,True,8.881838881419272,0.19790480693649748
shared_empirical_20_250,lambda_D_apparent_nm,Apparent Debye length,nm,4,0.1,26,31,True,12.583049442475616,0.2526722275325852
shared_empirical_20_250,lambda_D_apparent_nm,Apparent Debye length,nm,4,0.3,27,30,True,8.861268291269713,0.20516486374779763
shared_empirical_20_250,lambda_D_apparent_nm,Apparent Debye length,nm,4,0.9,28,29,False,7.75499287740227,0.279524204328927
shared_empirical_20_250,lambda_D_apparent_nm,Apparent Debye length,nm,4,2.7,25,32,False,5.354418514580736,2.390504451258669
shared_empirical_20_250,surface_potential_magnitude_apparent_mV,Apparent surface potential,mV,1,0.1,1,8,True,39.92879523774582,0.22530097104518276
shared_empirical_20_250,surface_potential_magnitude_apparent_mV,Apparent surface potential,mV,1,0.3,2,7,True,44.643889169315386,1.5629688831754507
shared_empirical_20_250,surface_potential_magnitude_apparent_mV,Apparent surface potential,mV,1,0.9,3,6,True,49.644488041518585,1.0512580573684396
shared_empirical_20_250,surface_potential_magnitude_apparent_mV,Apparent surface potential,mV,1,2.7,4,5,True,43.25528885508035,1.0711278560546411
shared_empirical_20_250,surface_potential_magnitude_apparent_mV,Apparent surface potential,mV,2,0.1,12,13,True,38.32836453549572,1.8886362202842157
shared_empirical_20_250,surface_potential_magnitude_apparent_mV,Apparent surface potential,mV,2,0.3,9,16,True,41.90792094815647,3.464396446359526
shared_empirical_20_250,surface_potential_magnitude_apparent_mV,Apparent surface potential,mV,2,0.9,10,15,True,44.62018016253599,5.6629530090389935
shared_empirical_20_250,surface_potential_magnitude_apparent_mV,Apparent surface potential,mV,2,2.7,11,14,False,35.57261023724241,6.113368881690819
shared_empirical_20_250,surface_potential_magnitude_apparent_mV,Apparent surface potential,mV,3,0.1,19,22,True,39.832630351347206,2.2991325757967367
shared_empirical_20_250,surface_potential_magnitude_apparent_mV,Apparent surface potential,mV,3,0.3,20,21,True,46.367118425616226,0.9479363138997883
shared_empirical_20_250,surface_potential_magnitude_apparent_mV,Apparent surface potential,mV,3,0.9,17,24,True,41.77643622343615,0.8159135635305219
shared_empirical_20_250,surface_potential_magnitude_apparent_mV,Apparent surface potential,mV,3,2.7,18,23,True,43.60021868964692,0.16335585749736836
shared_empirical_20_250,surface_potential_magnitude_apparent_mV,Apparent surface potential,mV,4,0.1,26,31,True,34.94173844145887,0.3843048689579369
shared_empirical_20_250,surface_potential_magnitude_apparent_mV,Apparent surface potential,mV,4,0.3,27,30,True,38.046571602287656,0.6625062782489977
shared_empirical_20_250,surface_potential_magnitude_apparent_mV,Apparent surface potential,mV,4,0.9,28,29,False,43.38120828387109,1.3730288112527838
shared_empirical_20_250,surface_potential_magnitude_apparent_mV,Apparent surface potential,mV,4,2.7,25,32,False,270.9267805550422,220.45101251347648
block_specific_empirical_20_200,lambda_D_apparent_nm,Apparent Debye length,nm,1,0.1,1,8,True,8.438991435529383,0.989601096155766
block_specific_empirical_20_200,lambda_D_apparent_nm,Apparent Debye length,nm,1,0.3,2,7,False,6.464490210880157,0.7596546084882605
block_specific_empirical_20_200,lambda_D_apparent_nm,Apparent Debye length,nm,1,0.9,3,6,False,6.60953568978058,0.41676254078922037
block_specific_empirical_20_200,lambda_D_apparent_nm,Apparent Debye length,nm,1,2.7,4,5,True,8.898664052486838,0.21472610823718163
block_specific_empirical_20_200,lambda_D_apparent_nm,Apparent Debye length,nm,2,0.1,12,13,True,9.989849356137066,0.11043423898770399
block_specific_empirical_20_200,lambda_D_apparent_nm,Apparent Debye length,nm,2,0.3,9,16,True,7.860528816602474,0.7884029096564964
block_specific_empirical_20_200,lambda_D_apparent_nm,Apparent Debye length,nm,2,0.9,10,15,False,7.333329834919754,0.5523614800289574
block_specific_empirical_20_200,lambda_D_apparent_nm,Apparent Debye length,nm,2,2.7,11,14,False,9.44601491097722,1.8196878244334744
block_specific_empirical_20_200,lambda_D_apparent_nm,Apparent Debye length,nm,3,0.1,19,22,True,16.562864352704402,0.29521198140284177
block_specific_empirical_20_200,lambda_D_apparent_nm,Apparent Debye length,nm,3,0.3,20,21,True,14.323628993608589,0.5234410814811561
block_specific_empirical_20_200,lambda_D_apparent_nm,Apparent Debye length,nm,3,0.9,17,24,True,14.414555166614072,0.14126939041525155
block_specific_empirical_20_200,lambda_D_apparent_nm,Apparent Debye length,nm,3,2.7,18,23,True,18.968276936857166,1.5522772166229704
block_specific_empirical_20_200,lambda_D_apparent_nm,Apparent Debye length,nm,4,0.1,26,31,True,14.451271737013432,0.3323117125442634
block_specific_empirical_20_200,lambda_D_apparent_nm,Apparent Debye length,nm,4,0.3,27,30,True,11.044778343723227,0.39436553489393855
block_specific_empirical_20_200,lambda_D_apparent_nm,Apparent Debye length,nm,4,0.9,28,29,True,11.205739986635214,0.5156268140718421
block_specific_empirical_20_200,lambda_D_apparent_nm,Apparent Debye length,nm,4,2.7,25,32,False,18.78387301837122,7.607838566996271
block_specific_empirical_20_200,surface_potential_magnitude_apparent_mV,Apparent surface potential,mV,1,0.1,1,8,True,39.43783766415578,1.195616075249621
block_specific_empirical_20_200,surface_potential_magnitude_apparent_mV,Apparent surface potential,mV,1,0.3,2,7,False,50.050555906776694,0.3925695803086846
block_specific_empirical_20_200,surface_potential_magnitude_apparent_mV,Apparent surface potential,mV,1,0.9,3,6,False,54.370543448961776,0.543393670559567
block_specific_empirical_20_200,surface_potential_magnitude_apparent_mV,Apparent surface potential,mV,1,2.7,4,5,True,38.56847929713666,1.1713488150347509
block_specific_empirical_20_200,surface_potential_magnitude_apparent_mV,Apparent surface potential,mV,2,0.1,12,13,True,38.087709132211636,2.3107135080624985
block_specific_empirical_20_200,surface_potential_magnitude_apparent_mV,Apparent surface potential,mV,2,0.3,9,16,True,44.80898619184964,2.033593161788346
block_specific_empirical_20_200,surface_potential_magnitude_apparent_mV,Apparent surface potential,mV,2,0.9,10,15,False,49.760006233106864,7.306838031968773
block_specific_empirical_20_200,surface_potential_magnitude_apparent_mV,Apparent surface potential,mV,2,2.7,11,14,False,37.88481515313314,6.307273284741383
block_specific_empirical_20_200,surface_potential_magnitude_apparent_mV,Apparent surface potential,mV,3,0.1,19,22,True,41.133525227417884,2.2401791906069093
block_specific_empirical_20_200,surface_potential_magnitude_apparent_mV,Apparent surface potential,mV,3,0.3,20,21,True,46.282620722067534,0.41492484324238177
block_specific_empirical_20_200,surface_potential_magnitude_apparent_mV,Apparent surface potential,mV,3,0.9,17,24,True,42.60656465921227,0.8888048014141354
block_specific_empirical_20_200,surface_potential_magnitude_apparent_mV,Apparent surface potential,mV,3,2.7,18,23,True,40.05044175158473,0.7983146341417964
block_specific_empirical_20_200,surface_potential_magnitude_apparent_mV,Apparent surface potential,mV,4,0.1,26,31,True,34.44639980502858,0.38164531710478045
block_specific_empirical_20_200,surface_potential_magnitude_apparent_mV,Apparent surface potential,mV,4,0.3,27,30,True,35.86342389390572,0.6544828671630576
block_specific_empirical_20_200,surface_potential_magnitude_apparent_mV,Apparent surface potential,mV,4,0.9,28,29,True,38.4954242229384,0.8951000646976972
block_specific_empirical_20_200,surface_potential_magnitude_apparent_mV,Apparent surface potential,mV,4,2.7,25,32,False,30.51404657713116,4.780914938631851
