concentration_wt_percent,source,timestamp,speed_um_per_s,speed_label_um_per_s,grid_i,grid_j,expected_pixels,valid_slope_pixels,coverage_fraction,median_slope_pN_per_100nm,slope_mad_pN_per_100nm,slope_p05_pN_per_100nm,slope_p95_pN_per_100nm,median_far_field_r2,resolved_drift_fraction,correlation_with_acquisition_order,correlation_with_grid_row,correlation_with_grid_column,spatial_plane_gradient_column_pN_per_100nm_per_pixel,spatial_plane_gradient_row_pN_per_100nm_per_pixel,spatial_plane_gradient_magnitude_pN_per_100nm_per_pixel,spatial_plane_r2,spatial_plane_inliers,even_minus_odd_row_median_pN_per_100nm
0,20-08-26/0/map-data-2026.08.20-15.01.47.915.jpk-force-map,2026-08-20T15:01:47.915000,2.00068807156822,2.0,16,16,256,256,1.0,-3.2099907533803287,4.877157892714442,-11.760050773647295,3.9358654352111904,0.04301738172480457,0.08203125,-0.25886745093267394,-0.27406647199222317,0.10231710935022077,0.10753042261573875,-0.2880308459189745,0.3074484672082777,0.08558122193604911,256,4.270771376511814
0,20-08-26/0/map-data-2026.08.20-15.06.26.277.jpk-force-map,2026-08-20T15:06:26.277000,1.000167902191217,1.0,16,16,256,256,1.0,-4.016705170645557,4.121466190024336,-10.468159151494493,3.005728530051195,0.08461589939704289,0.15625,-0.2766519695505299,-0.2830091049003208,-0.008322925997548036,-0.007469727083969341,-0.25399730533547943,0.2541071190273774,0.08016342455364134,256,2.0673645373715748
0,20-08-26/0/map-data-2026.08.20-15.15.57.076.jpk-force-map,2026-08-20T15:15:57.076000,4.002703248567697,4.0,16,16,256,256,1.0,-7.007763131496878,4.405806331390637,-16.50169847815446,0.4085495371411524,0.0749625082919837,0.09375,-0.02657339028450494,-0.04554142919761042,0.0428788433725963,0.055679743354648016,-0.10217951278176823,0.1163653155040582,0.012116588052415667,254,4.276802056316887
10,20-08-26/10/map-data-2026.08.20-15.29.51.296.jpk-force-map,2026-08-20T15:29:51.296000,2.0006929056286227,2.0,16,16,256,256,1.0,-0.9575438008981587,6.953657172936928,-11.562733668063064,13.478929918437142,0.04941042925748662,0.08984375,-0.08244409928385585,-0.08204188457088454,-0.016629433616332737,-0.046604888648225484,-0.13360870615928594,0.14150371729206238,0.00832212580388092,254,5.019917817592045
10,20-08-26/10/map-data-2026.08.20-15.35.17.160.jpk-force-map,2026-08-20T15:35:17.160000,1.0001686690974223,1.0,16,16,256,256,1.0,17.460635881993028,12.973235950145925,-5.933844535887477,39.79114974189069,0.4801867293406398,0.703125,0.4323978636170579,0.43361375463547874,0.10621309048434621,0.3668271116960321,1.3343193499170558,1.3838245038437236,0.25105061669817974,253,3.653101448936072
10,20-08-26/10/map-data-2026.08.20-15.44.18.192.jpk-force-map,2026-08-20T15:44:18.192000,4.002690965732439,4.0,16,16,256,256,1.0,10.813260370932412,11.563738681671383,-6.672510299622754,32.07591122621238,0.12789834535173955,0.30078125,0.3783347323957837,0.37590739316141475,0.060038118418103845,0.13108436289598507,1.0554894164402335,1.0635981470523495,0.1817943854063112,251,12.892938675801666
20,20-08-26/20/map-data-2026.08.20-15.54.06.570.jpk-force-map,2026-08-20T15:54:06.570000,2.000700857790752,2.0,16,16,256,256,1.0,12.055781202209698,7.28638814603472,1.2624368716359233,23.607340526104004,0.2636732718303332,0.5,0.249658614075192,0.25144037762564286,0.08076300388191479,0.07463417853568954,0.7909698114709273,0.7944831673887442,0.3054669705663413,249,3.523690595628498
20,20-08-26/20/map-data-2026.08.20-15.59.55.205.jpk-force-map,2026-08-20T15:59:55.205000,1.0001721232859246,1.0,16,16,256,256,1.0,33.58142909875495,12.335732266823447,9.542742519875922,52.167151877613485,0.7612237827792068,0.94140625,-0.3888764423713009,-0.38976535685513386,-0.014915401037012091,0.027962815003168107,-1.1454897310705179,1.1458309836144722,0.17114441714413242,253,3.965040087829106
20,20-08-26/20/map-data-2026.08.20-16.09.19.936.jpk-force-map,2026-08-20T16:09:19.936000,4.0027419840230305,4.0,16,16,256,256,1.0,4.504055220481488,12.131916084763393,-16.453673099012747,23.377922630759418,0.0668318606537544,0.12109375,0.012704684887142442,0.00914542274309861,-0.0725238751696907,-0.18187882839732752,-0.003210871313479899,0.18190716839579535,0.004882704349368772,254,9.45812310683051
30,20-08-26/30/map-data-2026.08.20-16.20.49.532.jpk-force-map,2026-08-20T16:20:49.532000,2.000701279094644,2.0,16,16,256,149,0.58203125,0.6563158453848801,4.34866489819346,-7.6408384295481735,5.638207058097644,0.01644686039936949,0.013422818791946308,0.02970877613039982,0.004906071966993664,-0.0587171355606774,-0.02305535800125562,0.01741335446222672,0.028892463484327755,0.0007429246331691619,146,-0.8463176483815508
30,20-08-26/30/map-data-2026.08.20-16.24.44.981.jpk-force-map,2026-08-20T16:24:44.981000,2.000698613716714,2.0,16,16,256,111,0.43359375,4.343188455168564,7.6409729568088816,-6.295278563422506,15.367449745966592,0.051429311905970665,0.10810810810810811,0.4211664025715261,0.40033371556169384,0.07457422875983201,0.12283015807392461,1.359324364663525,1.3648626216950777,0.16725532912913588,111,-2.503840077211248
30,20-08-26/30/map-data-2026.08.20-16.27.34.022.jpk-force-map,2026-08-20T16:27:34.022000,2.0006948785045147,2.0,16,16,256,208,0.8125,8.490334400688832,12.71377428882924,-10.438048419418426,30.35042743097639,0.1440757622673834,0.34615384615384615,0.3810591921424132,0.37630091124848974,0.025932446715555172,0.017582685776589724,1.1767925088983007,1.176923854732444,0.13111372424632706,207,0.7362713713917985
30,20-08-26/30/map-data-2026.08.20-16.37.53.539.jpk-force-map,2026-08-20T16:37:53.539000,1.0001704103420987,1.0,16,16,256,101,0.39453125,23.192390295303767,17.832215628408704,4.179792102511953,52.65211195066847,0.5150229214272122,0.801980198019802,-0.04600997957810822,-0.03043699445371118,0.024788280896462223,0.0747716366634511,-0.24563170662458494,0.25676006883594127,0.0013963567145010014,101,0.0862457714814937
30,20-08-26/30/map-data-2026.08.20-16.42.02.033.jpk-force-map,2026-08-20T16:42:02.033000,1.0001721841168327,1.0,16,16,256,181,0.70703125,34.44821387597876,18.420550357806317,3.3019895805913073,65.86101511344788,0.64595948409001,0.8342541436464088,0.044064987394160426,0.055344111916440814,-0.0071779361406048075,-0.04101853634860181,0.31495309072359523,0.31761292429705495,0.0031693193089732397,181,-1.166768776057772
30,20-08-26/30/map-data-2026.08.20-16.53.04.534.jpk-force-map,2026-08-20T16:53:04.534000,4.00273760231792,4.0,16,16,256,256,1.0,20.058983131489278,12.121599364532619,-3.5322570060134595,37.78595745904851,0.2133221394346756,0.39453125,-0.04060944009091052,-0.03889804543671138,0.03853927606287419,0.16627600331009038,-0.15902198120240998,0.23007759513328718,0.00640578337983122,255,1.7732476905507966
40,20-08-26/40/map-data-2026.08.20-17.03.03.894.jpk-force-map,2026-08-20T17:03:03.894000,2.0006970582891643,2.0,16,16,256,256,1.0,1.7973231529275782,5.195246340941507,-7.284237947239867,12.638020745515863,0.020846641522777598,0.03515625,0.004848191192489355,0.012880853794971931,-0.03228057272581618,-0.03621258673354388,0.007827687347915186,0.03704894232162573,0.0008672946477806809,255,1.2887498307441145
40,20-08-26/40/map-data-2026.08.20-17.07.48.782.jpk-force-map,2026-08-20T17:07:48.782000,1.0001694850082254,1.0,16,16,256,256,1.0,19.71975945702885,16.080434776634064,-2.149640207176757,48.299061812318804,0.430507399651277,0.671875,0.29732812760443905,0.29365769132527064,0.01505498542948318,0.0126473687639852,1.1355846317468556,1.135655058455821,0.1083182939704106,254,-2.264124765702416
40,20-08-26/40/map-data-2026.08.20-17.18.39.693.jpk-force-map,2026-08-20T17:18:39.693000,4.0027398807261,4.0,16,16,256,256,1.0,8.906146527229076,13.909729421628846,-12.186937727807969,34.36893119704142,0.0818126480448173,0.1796875,-0.04259697146981901,-0.03888958796820992,0.15682867461898828,0.4503035966993718,-0.12134885119690555,0.4663677442611133,0.021810589976201444,255,3.264434525333108
