concentration_wt_percent,variant,model,fit_valid,invalid_reasons,n_points,dmin_nm,dmax_nm,lambda_D_nm,lambda_ci95_low_nm,lambda_ci95_high_nm,zeta_magnitude_mV,zeta_signed_silica_mV,zeta_ci95_low_mV,zeta_ci95_high_mV,baseline_pN,r2,weighted_objective,noise_floor_pN,jacobian_rank,jacobian_condition,optimizer_success,optimizer_status,optimizer_nfev,optimizer_message,map_speed_consistency_pass,map_observed_to_lubrication_slope_ratio,map_positive_speed_slope_fraction,scientific_status,systematic_lambda_min_nm,systematic_lambda_max_nm,systematic_zeta_min_mV,systematic_zeta_max_mV
0,primary,nonlinear_pb_derjaguin,True,,49,10.0,250.0,19.19829473140259,18.23061558019206,20.217338189845012,76.02105751756497,-76.02105751756497,75.70304105558358,76.34040991623634,-4.191557208238684,0.9848880745367822,38.54031108225078,7.66933362779801,3,1.5275436069141783,True,2,23,`ftol` termination condition is satisfied.,False,-3.485328428382998,0.0,operational_fit_speed_trend_not_lubrication_consistent,18.533299505029905,19.563835948688002,75.95782066262046,76.15262363052244
0,dmin15,nonlinear_pb_derjaguin,True,,48,15.0,250.0,19.374158683310405,18.65260352939678,20.12362639320147,75.99505016211879,-75.99505016211879,75.7658204303083,76.22497342921534,-4.329226120910802,0.9973494647190068,21.879054134025647,7.66933362779801,3,1.4259846080619816,True,2,24,`ftol` termination condition is satisfied.,,,,,,,,
0,dmin20,nonlinear_pb_derjaguin,True,,47,20.0,250.0,19.563835948688002,19.203640863141874,19.930787070788664,75.95782066262046,-75.95782066262046,75.84154980665998,76.07426977063382,-4.480684301095014,0.9990830176459656,5.461949969840633,7.66933362779801,3,1.413801092524,True,2,22,`ftol` termination condition is satisfied.,,,,,,,,
0,dmax150,nonlinear_pb_derjaguin,True,,29,10.0,150.0,18.871576032406278,17.510302827080043,20.338676347511186,75.98068614613972,-75.98068614613972,75.5220904563498,76.44206658414598,0.5111921296311307,0.9842478063990816,34.02530792458794,7.66933362779801,3,2.39665613701108,True,2,27,`ftol` termination condition is satisfied.,,,,,,,,
0,dmax350,nonlinear_pb_derjaguin,True,,69,10.0,350.0,18.751051362950065,17.78876459917533,19.765393220858712,76.00144021432806,-76.00144021432806,75.62182763350353,76.38295840516004,0.7693978467927535,0.9873559201139817,53.91495827653174,7.66933362779801,3,2.0867070711659523,True,2,12,`ftol` termination condition is satisfied.,,,,,,,,
0,all_sources,nonlinear_pb_derjaguin,True,,49,10.0,250.0,18.533299505029905,17.81311968135545,19.28259601279483,76.15262363052244,-76.15262363052244,74.31143663165462,78.03942903913254,4.549630442735034,0.9856171366628739,11.020396229459465,6.045120624915267,3,2.264953398412415,True,2,20,`ftol` termination condition is satisfied.,,,,,,,,
0,independent_force_only,nonlinear_pb_derjaguin,False,fewer_than_12_three_speed_bins,0,10.0,250.0,,,,,,,,,,,,,,,,,,,,,,,,,
0,linear_hhf_diagnostic,linear_hhf_equal_potential,True,,49,10.0,250.0,17.3572976128815,15.799751153949424,19.068387690829717,68.6635639644309,-68.6635639644309,68.12575099706547,69.2056226506858,-3.3313568970001,0.9601095051030903,111.39781908768661,7.66933362779801,3,2.557570344014633,True,2,27,`ftol` termination condition is satisfied.,,,,,,,,
10,primary,nonlinear_pb_derjaguin,True,,49,10.0,250.0,15.927545829655726,14.94522302069075,16.97443496189851,11.97337297144319,-11.97337297144319,11.721232236713288,12.230937619702509,-7.613022549267626,0.9879076763341842,0.29197218711815165,3.0,3,1.6424394838991188,True,2,13,`ftol` termination condition is satisfied.,False,-1.71482287201361,0.0,operational_fit_speed_trend_not_lubrication_consistent,5.545979155113679,16.46495473795806,11.839703858213692,15.222777963607516
10,dmin15,nonlinear_pb_derjaguin,True,,48,15.0,250.0,16.46495473795806,15.280355662594436,17.74138904283715,11.839703858213692,-11.839703858213692,11.549982735156183,12.136692379939271,-7.688428021817331,0.984303374028174,0.27433947856494817,3.0,3,1.7542839338924567,True,4,14,Both `ftol` and `xtol` termination conditions are satisfied.,,,,,,,,
10,dmin20,nonlinear_pb_derjaguin,True,,47,20.0,250.0,16.08886997672297,14.708915687433139,17.59828818306798,11.96267794803692,-11.96267794803692,11.555797561798666,12.383884619226084,-7.643139974808239,0.9772660945791507,0.26990295193776703,3.0,3,2.372043158101248,True,2,22,`ftol` termination condition is satisfied.,,,,,,,,
10,dmax150,nonlinear_pb_derjaguin,True,,29,10.0,150.0,15.788275790521977,14.844465258977475,16.79209375944558,11.9461282140421,-11.9461282140421,11.709169723282631,12.187882034245924,-7.323551794017689,0.9922764279964531,0.13027191977110908,3.0,3,2.0479838326135065,True,2,13,`ftol` termination condition is satisfied.,,,,,,,,
10,dmax350,nonlinear_pb_derjaguin,True,,69,10.0,350.0,16.13222028036389,15.06553982007076,17.274424566418332,12.01731949672032,-12.01731949672032,11.743667058398657,12.297348619311641,-8.072334853392794,0.9815664248141946,0.5141979186882167,3.0,3,1.4988168888790945,True,2,13,`ftol` termination condition is satisfied.,,,,,,,,
10,all_sources,nonlinear_pb_derjaguin,True,,49,10.0,250.0,7.6992580502608385,5.93857198853883,9.981957722986476,13.203057838443373,-13.203057838443373,12.063299169012234,14.450502623119037,-3.5640430523311957,0.8793815559892384,4.218195107913953,4.233677505496386,3,4.474676620480484,True,2,23,`ftol` termination condition is satisfied.,,,,,,,,
10,independent_force_only,nonlinear_pb_derjaguin,True,,49,10.0,250.0,5.545979155113679,3.714778558640902,8.279870335045919,15.222777963607516,-15.222777963607516,11.425547474480975,20.282001317387326,-22.29549485272172,0.8644620040803911,114.16746126721878,8.431497583105294,3,3.0730136519581106,True,2,27,`ftol` termination condition is satisfied.,,,,,,,,
10,linear_hhf_diagnostic,linear_hhf_equal_potential,True,,49,10.0,250.0,15.847841686654569,14.868975768225381,16.891149063674995,11.94557650137724,-11.94557650137724,11.69470727898453,12.20182724938171,-7.6012541189613625,0.9878069434473051,0.2931953283191871,3.0,3,1.6385139509422688,True,2,10,`ftol` termination condition is satisfied.,,,,,,,,
20,primary,nonlinear_pb_derjaguin,True,,49,10.0,250.0,22.112970909607697,21.525571684419276,22.71639934204833,74.77728596624286,-74.77728596624286,74.03876321033653,75.52317534791848,26.37696696072678,0.9949066819857116,19.341164903586005,6.924753533266345,3,2.895337362900564,True,2,28,`ftol` termination condition is satisfied.,False,-3.171072647796692,0.058823529411764705,operational_fit_speed_trend_not_lubrication_consistent,14.419874419125053,22.337174495803275,70.92854267638965,75.18160329245369
20,dmin15,nonlinear_pb_derjaguin,True,,48,15.0,250.0,22.03190409320759,21.44213930187389,22.637890330741225,74.89410496069111,-74.89410496069111,74.22163926874389,75.57266335163153,26.746461521156633,0.9962746702325764,18.313724514747786,6.924753533266345,3,2.870423409964468,True,2,28,`ftol` termination condition is satisfied.,,,,,,,,
20,dmin20,nonlinear_pb_derjaguin,True,,47,20.0,250.0,21.860868775008395,21.556990240903584,22.1690309388063,75.18160329245369,-75.18160329245369,74.84927033846232,75.51541181450082,27.50173894693473,0.9991394254546221,4.713106439698246,6.924753533266345,3,2.8361636667888397,True,3,39,`xtol` termination condition is satisfied.,,,,,,,,
20,dmax150,nonlinear_pb_derjaguin,True,,29,10.0,150.0,22.02610661470103,21.0456428250532,23.052247756701632,74.7618491834869,-74.7618491834869,73.78988880648134,75.74661222207318,27.28788868267421,0.9937381229680481,19.22344646244818,6.924753533266345,3,3.8128418637605432,True,2,17,`ftol` termination condition is satisfied.,,,,,,,,
20,dmax350,nonlinear_pb_derjaguin,True,,69,10.0,350.0,22.337174495803275,21.87686796391982,22.807166239648698,74.8161098588346,-74.8161098588346,74.16922267422464,75.46863904715613,24.147639540618723,0.9956019307302377,20.02073949813403,6.924753533266345,3,2.552518930976609,True,2,22,`ftol` termination condition is satisfied.,,,,,,,,
20,all_sources,nonlinear_pb_derjaguin,True,,49,10.0,250.0,18.205558798690753,17.71284936061554,18.71197368784422,74.48320452880233,-74.48320452880233,73.82462040623223,75.14766383290556,-83.09832272461726,0.9967184806678325,1.1811425915337896,19.86425450591836,3,1.5572003460942685,True,2,16,`ftol` termination condition is satisfied.,,,,,,,,
20,independent_force_only,nonlinear_pb_derjaguin,True,,49,10.0,250.0,14.419874419125053,12.447599666412293,16.70464859376928,70.92854267638965,-70.92854267638965,64.81426635438021,77.6196113782971,-117.50437854177628,0.990577779832264,116.68002688087962,48.485213870148606,3,4.032774955606929,True,2,27,`ftol` termination condition is satisfied.,,,,,,,,
20,linear_hhf_diagnostic,linear_hhf_equal_potential,True,,49,10.0,250.0,20.301094380491193,19.725022742110603,20.89399025967927,67.95146902589086,-67.95146902589086,67.45237580967127,68.45425512965498,32.00487454005199,0.9965592123529329,21.260858379445512,6.924753533266345,3,2.3037115753820534,True,2,30,`ftol` termination condition is satisfied.,,,,,,,,
30,primary,nonlinear_pb_derjaguin,True,,49,10.0,250.0,22.043308260894374,20.118144742852163,24.152696249859407,72.70054790000727,-72.70054790000727,70.17618652819003,75.31571500879573,11.357439236113612,0.9683484249675228,20.559276893328693,3.2608334121391507,3,1.5791174804869743,True,2,16,`ftol` termination condition is satisfied.,False,-3.583846610046632,0.0,operational_fit_speed_trend_not_lubrication_consistent,11.23540133458584,23.73206255660723,72.61204533761938,75.84613609160519
30,dmin15,nonlinear_pb_derjaguin,True,,48,15.0,250.0,21.560880408537827,19.479052699192163,23.86520387670338,73.47012136902008,-73.47012136902008,70.59463652434346,76.46273144443732,11.678324447158762,0.9508980827686865,19.71637418629335,3.2608334121391507,3,1.6490373490942858,True,2,19,`ftol` termination condition is satisfied.,,,,,,,,
30,dmin20,nonlinear_pb_derjaguin,True,,47,20.0,250.0,21.52753847611062,19.45321801213602,23.823046271897343,73.60670699154186,-73.60670699154186,70.65708791448063,76.67945954263324,11.693330936895334,0.967536099689808,19.39258968188709,3.2608334121391507,3,1.6493970537750937,True,2,18,`ftol` termination condition is satisfied.,,,,,,,,
30,dmax150,nonlinear_pb_derjaguin,True,,29,10.0,150.0,23.73206255660723,21.02379309162609,26.78920928950016,73.30425455413727,-73.30425455413727,70.67842042040894,76.02764328595708,0.5723676314559787,0.9687011319617926,11.612783651510208,3.2608334121391507,3,3.1574630531374948,True,2,36,`ftol` termination condition is satisfied.,,,,,,,,
30,dmax350,nonlinear_pb_derjaguin,True,,69,10.0,350.0,21.58782290102071,19.76844818277459,23.57464244522325,72.61204533761938,-72.61204533761938,70.13400424579652,75.17764292530752,13.513590675117651,0.9683344577619514,27.884320555454636,3.2608334121391507,3,1.3357594231730685,True,2,26,`ftol` termination condition is satisfied.,,,,,,,,
30,all_sources,nonlinear_pb_derjaguin,True,,49,10.0,250.0,13.815883105936662,13.202835942134149,14.457395883240206,75.84613609160519,-75.84613609160519,73.59886492125446,78.16202554456792,-18.530370457223118,0.9943283361780544,6.959924683403756,3.188079633444212,3,1.865178590558143,True,2,17,`ftol` termination condition is satisfied.,,,,,,,,
30,independent_force_only,nonlinear_pb_derjaguin,True,,49,10.0,250.0,11.23540133458584,10.750342543000784,11.742346129370592,74.75054672828121,-74.75054672828121,71.88289546698577,77.73259827497117,-32.06829544259236,0.9967666899317879,29.239362965436964,31.443148127511563,3,3.7786221961607294,True,2,18,`ftol` termination condition is satisfied.,,,,,,,,
30,linear_hhf_diagnostic,linear_hhf_equal_potential,True,,49,10.0,250.0,20.307056025567633,18.765627574772793,21.975099035851752,67.5469201700538,-67.5469201700538,65.61778982793953,69.53276598348498,12.158338955709029,0.9789311702594137,17.04690572081929,3.2608334121391507,3,1.4796282653928745,True,2,14,`ftol` termination condition is satisfied.,,,,,,,,
40,primary,nonlinear_pb_derjaguin,True,,49,10.0,250.0,25.72522539066052,25.225684188827845,26.23465894706564,81.43095584000045,-81.43095584000045,80.73458709309196,82.13333105141358,42.15476959485732,0.9988661456563234,5.925165963167154,7.785102413833687,3,1.6789321943114828,True,2,12,`ftol` termination condition is satisfied.,False,-2.434729703385132,0.0,operational_fit_speed_trend_not_lubrication_consistent,14.56933511762882,26.498782932924623,65.98626922642524,82.55711165232469
40,dmin15,nonlinear_pb_derjaguin,True,,48,15.0,250.0,25.20520485197497,24.810075587065842,25.606627009279354,82.55711165232469,-82.55711165232469,82.00837848181607,83.10951649758157,42.70769536607155,0.99937047164325,3.2597781704289934,7.785102413833687,3,1.653896708811988,True,2,11,`ftol` termination condition is satisfied.,,,,,,,,
40,dmin20,nonlinear_pb_derjaguin,True,,47,20.0,250.0,25.45814170652842,25.036744254355497,25.886631766705552,81.8771226303046,-81.8771226303046,81.1331302263785,82.62793745924444,42.456537968173286,0.9993207473550572,2.8183494179402855,7.785102413833687,3,1.9158559101440404,True,2,24,`ftol` termination condition is satisfied.,,,,,,,,
40,dmax150,nonlinear_pb_derjaguin,True,,29,10.0,150.0,25.544611011774045,24.722980639679253,26.393547010087108,81.33220636925384,-81.33220636925384,80.44245948989341,82.23179443838333,43.709025624855094,0.998652807471926,4.222702857007974,7.785102413833687,3,2.9005646350164183,True,2,13,`ftol` termination condition is satisfied.,,,,,,,,
40,dmax350,nonlinear_pb_derjaguin,True,,69,10.0,350.0,26.498782932924623,25.780160545961206,27.237436930402037,81.90805003163815,-81.90805003163815,80.90844052028997,82.92000954217988,36.19456041914924,0.9986564690536459,21.511644236961633,7.785102413833687,3,1.518562309182899,True,2,19,`ftol` termination condition is satisfied.,,,,,,,,
40,all_sources,nonlinear_pb_derjaguin,True,,49,10.0,250.0,25.34255095499456,24.52107105193285,26.19155123959691,76.13015466511467,-76.13015466511467,74.86998569691077,77.41153407984987,1.505834043355001,0.9497515316625912,1.4256643567628906,4.520288534114996,3,2.4643996525982326,True,2,17,`ftol` termination condition is satisfied.,,,,,,,,
40,independent_force_only,nonlinear_pb_derjaguin,True,,49,10.0,250.0,14.56933511762882,13.078040050513899,16.23068326369221,65.98626922642524,-65.98626922642524,64.03603373182557,67.99589969386668,-451.27506069930666,0.9740147482868454,20.622190605022165,34.50599061410956,3,2.4987350148332355,True,2,40,`ftol` termination condition is satisfied.,,,,,,,,
40,linear_hhf_diagnostic,linear_hhf_equal_potential,True,,49,10.0,250.0,21.75295567750276,20.827592609576936,22.719432321228386,75.7304391127583,-75.7304391127583,74.25594177276587,77.2342154889294,45.51972018217453,0.9938403228378592,24.074319599912826,7.785102413833687,3,1.4077843191005528,True,2,23,`ftol` termination condition is satisfied.,,,,,,,,
