concentration_wt_percent,source,source_type,timestamp,raw_curves,skipped_curves,valid_contact_curves,calculated_anchor_nm_per_V,calculated_anchor_mad_nm_per_V,anchor_used_in_consensus,sensitivity_used_nm_per_V,sensitivity_method,stored_ignored_sensitivity_nm_per_V,stored_ignored_spring_constant_N_per_m,calibrated_spring_constant_used_N_per_m
0,20-08-26/0/force-save-2026.08.20-14.59.33.875.jpk-force,force,2026-08-20T14:59:33.875000,1,1,1,68.63875155125953,0.0,True,66.6088141893779,concentration_consensus_raw_contacts,67.23229909750553,nan,0.2969899086921243
0,20-08-26/0/map-data-2026.08.20-15.01.47.915.jpk-force-map,map,2026-08-20T15:01:47.915000,256,0,254,66.49149015915835,0.6996818395144013,True,66.6088141893779,concentration_consensus_raw_contacts,70.08298399348583,0.297,0.2969899086921243
0,20-08-26/0/map-data-2026.08.20-15.06.26.277.jpk-force-map,map,2026-08-20T15:06:26.277000,256,0,255,66.6483580585742,0.5707845620748706,True,66.6088141893779,concentration_consensus_raw_contacts,70.08298399348583,0.297,0.2969899086921243
0,20-08-26/0/force-save-2026.08.20-15.15.19.592.jpk-force,force,2026-08-20T15:15:19.592000,1,0,1,66.55353882104183,0.0,True,66.6088141893779,concentration_consensus_raw_contacts,70.08298399348583,0.297,0.2969899086921243
0,20-08-26/0/force-save-2026.08.20-15.15.29.074.jpk-force,force,2026-08-20T15:15:29.074000,1,0,1,66.56927032018159,0.0,True,66.6088141893779,concentration_consensus_raw_contacts,70.08298399348583,0.297,0.2969899086921243
0,20-08-26/0/force-save-2026.08.20-15.15.38.488.jpk-force,force,2026-08-20T15:15:38.488000,1,0,1,66.08781419917523,0.0,True,66.6088141893779,concentration_consensus_raw_contacts,70.08298399348583,0.297,0.2969899086921243
0,20-08-26/0/map-data-2026.08.20-15.15.57.076.jpk-force-map,map,2026-08-20T15:15:57.076000,256,0,249,67.09177236030787,0.8191128237514174,True,66.6088141893779,concentration_consensus_raw_contacts,70.08298399348583,0.297,0.2969899086921243
0,20-08-26/0/force-save-2026.08.20-15.18.48.223.jpk-force,force,2026-08-20T15:18:48.223000,1,0,1,67.53290633777235,0.0,True,66.6088141893779,concentration_consensus_raw_contacts,70.08298399348583,0.297,0.2969899086921243
10,20-08-26/10/force-save-2026.08.20-15.29.21.903.jpk-force,force,2026-08-20T15:29:21.903000,1,0,0,nan,nan,False,64.17743997896658,concentration_consensus_raw_contacts,63.55010693567301,0.297,0.2969899086921243
10,20-08-26/10/force-save-2026.08.20-15.29.34.212.jpk-force,force,2026-08-20T15:29:34.212000,1,0,1,64.87403479565249,0.0,True,64.17743997896658,concentration_consensus_raw_contacts,63.55010693567301,0.297,0.2969899086921243
10,20-08-26/10/map-data-2026.08.20-15.29.51.296.jpk-force-map,map,2026-08-20T15:29:51.296000,256,0,61,66.95615462205727,2.563613776054838,True,64.17743997896658,concentration_consensus_raw_contacts,63.55010693567301,0.297,0.2969899086921243
10,20-08-26/10/force-save-2026.08.20-15.34.22.913.jpk-force,force,2026-08-20T15:34:22.913000,1,0,0,nan,nan,False,64.17743997896658,concentration_consensus_raw_contacts,63.55010693567301,0.297,0.2969899086921243
10,20-08-26/10/map-data-2026.08.20-15.35.17.160.jpk-force-map,map,2026-08-20T15:35:17.160000,256,0,94,64.89684728568314,2.4586588602585224,True,64.17743997896658,concentration_consensus_raw_contacts,63.55010693567301,0.297,0.2969899086921243
10,20-08-26/10/force-save-2026.08.20-15.44.02.917.jpk-force,force,2026-08-20T15:44:02.917000,1,0,1,60.002077424622605,0.0,True,64.17743997896658,concentration_consensus_raw_contacts,63.55010693567301,0.297,0.2969899086921243
10,20-08-26/10/map-data-2026.08.20-15.44.18.192.jpk-force-map,map,2026-08-20T15:44:18.192000,256,0,107,63.45154966301939,1.5283937230577638,True,64.17743997896658,concentration_consensus_raw_contacts,63.55010693567301,0.297,0.2969899086921243
10,20-08-26/10/force-save-2026.08.20-15.47.23.227.jpk-force,force,2026-08-20T15:47:23.227000,1,0,1,63.48084516228064,0.0,True,64.17743997896658,concentration_consensus_raw_contacts,63.55010693567301,0.297,0.2969899086921243
20,20-08-26/20/force-save-2026.08.20-15.52.41.703.jpk-force,force,2026-08-20T15:52:41.703000,1,0,1,59.949338347985766,0.0,True,60.718363337402,concentration_consensus_raw_contacts,63.55010693567301,0.297,0.2969899086921243
20,20-08-26/20/force-save-2026.08.20-15.53.09.252.jpk-force,force,2026-08-20T15:53:09.252000,1,0,1,62.479132553063096,0.0,True,60.718363337402,concentration_consensus_raw_contacts,59.956302300625474,0.297,0.2969899086921243
20,20-08-26/20/map-data-2026.08.20-15.54.06.570.jpk-force-map,map,2026-08-20T15:54:06.570000,256,0,184,62.08186340745887,1.767490824953147,True,60.718363337402,concentration_consensus_raw_contacts,59.956302300625474,0.297,0.2969899086921243
20,20-08-26/20/force-save-2026.08.20-15.58.58.940.jpk-force,force,2026-08-20T15:58:58.940000,1,0,1,60.718363337402,0.0,True,60.718363337402,concentration_consensus_raw_contacts,59.956302300625474,0.297,0.2969899086921243
20,20-08-26/20/map-data-2026.08.20-15.59.55.205.jpk-force-map,map,2026-08-20T15:59:55.205000,256,0,220,59.77494391516258,1.2313687310635304,True,60.718363337402,concentration_consensus_raw_contacts,59.956302300625474,0.297,0.2969899086921243
20,20-08-26/20/force-save-2026.08.20-16.09.03.608.jpk-force,force,2026-08-20T16:09:03.608000,1,0,1,61.27449246270088,0.0,True,60.718363337402,concentration_consensus_raw_contacts,59.956302300625474,0.297,0.2969899086921243
20,20-08-26/20/map-data-2026.08.20-16.09.19.936.jpk-force-map,map,2026-08-20T16:09:19.936000,256,0,230,59.017661467273605,1.2637066895295976,True,60.718363337402,concentration_consensus_raw_contacts,59.956302300625474,0.297,0.2969899086921243
20,20-08-26/20/force-save-2026.08.20-16.11.52.769.jpk-force,force,2026-08-20T16:11:52.769000,1,0,1,99.65668283775544,0.0,False,60.718363337402,concentration_consensus_raw_contacts,59.956302300625474,0.297,0.2969899086921243
30,20-08-26/30/force-save-2026.08.20-16.20.13.950.jpk-force,force,2026-08-20T16:20:13.950000,1,0,1,60.80112182160134,0.0,True,58.673052856898124,concentration_consensus_raw_contacts,59.956302300625474,0.297,0.2969899086921243
30,20-08-26/30/force-save-2026.08.20-16.20.37.084.jpk-force,force,2026-08-20T16:20:37.084000,1,0,1,60.20693776269107,0.0,True,58.673052856898124,concentration_consensus_raw_contacts,60.074629019323616,0.297,0.2969899086921243
30,20-08-26/30/map-data-2026.08.20-16.20.49.532.jpk-force-map,map,2026-08-20T16:20:49.532000,149,2,147,60.926786280828274,0.8699534613318125,True,58.673052856898124,concentration_consensus_raw_contacts,60.074629019323616,0.297,0.2969899086921243
30,20-08-26/30/map-data-2026.08.20-16.24.44.981.jpk-force-map,map,2026-08-20T16:24:44.981000,111,0,109,60.75071413054731,0.7015498726380266,True,58.673052856898124,concentration_consensus_raw_contacts,60.074629019323616,0.297,0.2969899086921243
30,20-08-26/30/map-data-2026.08.20-16.27.34.022.jpk-force-map,map,2026-08-20T16:27:34.022000,208,1,208,59.02548450429656,0.9717255950275606,True,58.673052856898124,concentration_consensus_raw_contacts,60.074629019323616,0.297,0.2969899086921243
30,20-08-26/30/force-save-2026.08.20-16.34.47.109.jpk-force,force,2026-08-20T16:34:47.109000,1,0,1,58.61208920753935,0.0,True,58.673052856898124,concentration_consensus_raw_contacts,60.074629019323616,0.297,0.2969899086921243
30,20-08-26/30/force-save-2026.08.20-16.37.14.898.jpk-force,force,2026-08-20T16:37:14.898000,1,0,1,58.673052856898124,0.0,True,58.673052856898124,concentration_consensus_raw_contacts,60.074629019323616,0.297,0.2969899086921243
30,20-08-26/30/map-data-2026.08.20-16.37.53.539.jpk-force-map,map,2026-08-20T16:37:53.539000,101,0,101,57.90508361837222,0.4860727857302321,True,58.673052856898124,concentration_consensus_raw_contacts,60.074629019323616,0.297,0.2969899086921243
30,20-08-26/30/map-data-2026.08.20-16.42.02.033.jpk-force-map,map,2026-08-20T16:42:02.033000,181,1,178,57.69386192178433,0.5701967103477831,True,58.673052856898124,concentration_consensus_raw_contacts,60.074629019323616,0.297,0.2969899086921243
30,20-08-26/30/force-save-2026.08.20-16.52.41.465.jpk-force,force,2026-08-20T16:52:41.465000,1,0,1,57.639531218203366,0.0,True,58.673052856898124,concentration_consensus_raw_contacts,60.074629019323616,0.297,0.2969899086921243
30,20-08-26/30/map-data-2026.08.20-16.53.04.534.jpk-force-map,map,2026-08-20T16:53:04.534000,256,0,254,57.48947447610708,0.45415491663503543,True,58.673052856898124,concentration_consensus_raw_contacts,60.074629019323616,0.297,0.2969899086921243
40,20-08-26/40/force-save-2026.08.20-17.02.20.962.jpk-force,force,2026-08-20T17:02:20.962000,1,0,1,58.13780187988054,0.0,True,57.90260230663586,concentration_consensus_raw_contacts,60.074629019323616,0.297,0.2969899086921243
40,20-08-26/40/force-save-2026.08.20-17.02.27.958.jpk-force,force,2026-08-20T17:02:27.958000,1,0,1,57.667402733391185,0.0,True,57.90260230663586,concentration_consensus_raw_contacts,60.074629019323616,0.297,0.2969899086921243
40,20-08-26/40/force-save-2026.08.20-17.02.38.648.jpk-force,force,2026-08-20T17:02:38.648000,1,0,1,57.16610193498778,0.0,True,57.90260230663586,concentration_consensus_raw_contacts,60.074629019323616,0.297,0.2969899086921243
40,20-08-26/40/map-data-2026.08.20-17.03.03.894.jpk-force-map,map,2026-08-20T17:03:03.894000,256,0,240,57.43636026190732,0.4222691121359493,True,57.90260230663586,concentration_consensus_raw_contacts,60.074629019323616,0.297,0.2969899086921243
40,20-08-26/40/map-data-2026.08.20-17.07.48.782.jpk-force-map,map,2026-08-20T17:07:48.782000,256,0,243,57.618693331053784,0.3811073495059003,True,57.90260230663586,concentration_consensus_raw_contacts,60.074629019323616,0.297,0.2969899086921243
40,20-08-26/40/map-data-2026.08.20-17.18.39.693.jpk-force-map,map,2026-08-20T17:18:39.693000,256,0,244,60.02392816646274,0.5400178030019342,True,57.90260230663586,concentration_consensus_raw_contacts,60.074629019323616,0.297,0.2969899086921243
40,20-08-26/40/force-save-2026.08.20-17.21.29.128.jpk-force,force,2026-08-20T17:21:29.128000,1,0,1,60.37242214400611,0.0,True,57.90260230663586,concentration_consensus_raw_contacts,60.074629019323616,0.297,0.2969899086921243
40,20-08-26/40/force-save-2026.08.20-17.21.57.676.jpk-force,force,2026-08-20T17:21:57.676000,1,0,1,59.64787274837369,0.0,True,57.90260230663586,concentration_consensus_raw_contacts,60.074629019323616,0.297,0.2969899086921243
