source,sha256,timestamp,acquisition_order,block,nominal_speed_um_per_s,grid_i,grid_j,field_u_um,field_v_um,approach_curves,skipped_curves,retract_curves,retract_skipped_curves,valid_contact_curves,map_contact_invOLS_median_nm_per_V,map_contact_invOLS_mad_nm_per_V,global_water_InvOLS_used_nm_per_V,scanner_speed_median_um_per_s,gap_speed_20_200nm_median_um_per_s,terminal_load_median_nN,far_slope_median_pN_per_100nm,far_slope_mad_pN_per_100nm,contact_height_median_um,approach_snap_detected_fraction,approach_snap_distance_median_nm,retract_free_baseline_valid_fraction,retract_snapoff_detected_fraction,retract_detachment_right_censored_fraction,retract_pull_off_censored_fraction,retract_detachment_piezo_travel_median_nm,retract_pull_off_force_median_nN,branch_contact_height_difference_median_nm,location,location_order,block_in_location,global_primary_order,instrument_scan_number,map_start_time,map_end_time,map_midpoint_time,fixed_pixel_time,relative_time_min,idle_before_map_s,spring_constant_used_N_per_m,spring_constant_repeatability_sd_N_per_m,stored_spring_constant_N_per_m,stored_InvOLS_nm_per_V,approach_snap_candidate_unconditional_median_nm,approach_snap_distance_max_nm,approach_snap_detected_count
10-09-26/map-data-2026.09.10-13.19.51.438.jpk-force-map,b219f1f1027aa2e63afae7abc7061774dc8650519c9a451ae87ec4bc8708c935,2026-09-10T13:19:51.438000,1,1,2.0,8,8,1.9999999999999996,1.9999999999999996,64,0,64,0,61,53.97057187862632,1.0644971978971454,54.415557777695916,2.0007111398721777,1.9685219831883085,13.57483764713841,-1.059148741354726,9.905317596836806,7.657708047737355,0.84375,8.923567234632015,1.0,0.953125,0.0,0.015625,74.82259940415419,-10.795216820845738,-0.25379038290474054,A,1,1,1,5,2026-09-10T13:19:50.937000+02:00,2026-09-10T13:20:56.228000+02:00,2026-09-10T13:20:23.582500+02:00,2026-09-10T13:20:19.482000+02:00,0.0,nan,0.16482877909505173,0.01728282630942144,0.17713312641473047,71.00506298341986,9.069643977545203,139.2698155324957,54
10-09-26/map-data-2026.09.10-13.23.02.584.jpk-force-map,cf3cce95a2f3b0804a6666e5d7cc9bcf6ba38a6ea919d1d6fc68b629efef7284,2026-09-10T13:23:02.584000,2,1,1.0,8,8,1.9999999999999996,1.9999999999999996,64,0,64,0,64,54.06902541482669,0.8726999772747818,54.415557777695916,1.0001808324806665,0.9843516830615893,13.614351086581554,2.2296401105187775,2.8791196084680997,7.707484483089173,0.890625,8.9130802891754,0.984375,0.890625,0.015625,0.03125,67.34940283953631,-8.956250278715814,-0.25157615104833325,A,2,1,2,6,2026-09-10T13:23:01.584000+02:00,2026-09-10T13:25:10.820000+02:00,2026-09-10T13:24:06.202000+02:00,2026-09-10T13:23:58.073000+02:00,3.7103249999999997,125.356,0.16482877909505173,0.01728282630942144,0.17713312641473047,71.00506298341986,9.14798148274518,12.896634284798505,57
10-09-26/map-data-2026.09.10-13.28.52.066.jpk-force-map,42e10cc8b5c44c93573d0e0c97849ecc2fc3e08badb7fe05ad5fe18203585f9d,2026-09-10T13:28:52.066000,3,1,4.0,8,8,1.9999999999999996,1.9999999999999996,64,0,64,0,63,54.39323875195821,1.1255750459916605,54.415557777695916,4.0030029504252,3.9392611017175154,13.621590494649086,2.775828345486457,3.660650732358298,7.798993407062011,0.71875,8.328219770845266,1.0,1.0,0.0,0.03125,51.103114079952604,-7.031607322428376,-0.6631074360491219,A,3,1,3,7,2026-09-10T13:28:51.815000+02:00,2026-09-10T13:29:25.130000+02:00,2026-09-10T13:29:08.472500+02:00,2026-09-10T13:29:06.384000+02:00,8.748166666666666,220.995,0.16482877909505173,0.01728282630942144,0.17713312641473047,71.00506298341986,8.828341422104494,14.103071923392356,46
10-09-26/map-data-2026.09.10-13.31.44.751.jpk-force-map,1d35f1b17cdf348f101290a7fe87df3c09350b73b837bb4ffb03ddf4346a5515,2026-09-10T13:31:44.751000,4,1,4.0,8,8,1.9999999999999996,1.9999999999999996,64,0,64,0,61,54.36484993231086,0.718958608841912,54.415557777695916,4.003015114615735,3.940914791787354,13.60238354015571,1.4135132934020205,2.805704890027904,7.833147976389748,0.671875,9.064139947711372,1.0,0.984375,0.0,0.03125,64.64420270586244,-8.150438773817575,-0.3202832502717792,A,4,1,4,8,2026-09-10T13:31:44.500000+02:00,2026-09-10T13:32:17.816000+02:00,2026-09-10T13:32:01.158000+02:00,2026-09-10T13:31:59.071000+02:00,11.626258333333334,139.37,0.16482877909505173,0.01728282630942144,0.17713312641473047,71.00506298341986,10.739719729007735,14.166600290043327,43
10-09-26/map-data-2026.09.10-13.34.13.108.jpk-force-map,53996e0caff9ee6657c3aefd56ac3baf07b2c6472e2edd61f84deae70563d984,2026-09-10T13:34:13.108000,5,1,1.0,8,8,1.9999999999999996,1.9999999999999996,64,0,64,0,63,54.390118608794765,0.9296358613597261,54.415557777695916,1.0001828199507095,0.9848614761320538,13.607725221562614,2.168004494930646,3.570808749002966,7.864458792992996,0.71875,9.236570947018564,0.984375,0.9375,0.015625,0.046875,70.86906823689442,-8.132223271056962,-0.1470256469620902,A,5,1,5,9,2026-09-10T13:34:12.107000+02:00,2026-09-10T13:36:21.383000+02:00,2026-09-10T13:35:16.745000+02:00,2026-09-10T13:35:08.623000+02:00,14.886041666666667,114.291,0.16482877909505173,0.01728282630942144,0.17713312641473047,71.00506298341986,9.595197140977756,14.726186510374577,46
10-09-26/map-data-2026.09.10-13.38.36.025.jpk-force-map,7aafc9f430672f3d75379b120439daba53cacbef61a8ac06f83985ea31086bce,2026-09-10T13:38:36.025000,6,1,2.0,8,8,1.9999999999999996,1.9999999999999996,64,0,64,0,63,54.34099333066324,0.9737160962234677,54.415557777695916,2.0007380952655907,1.9700085263745484,13.635889549920408,1.6660180051962536,3.5849313892437764,7.912690121874255,0.609375,8.96114589379448,0.984375,0.953125,0.015625,0.046875,60.09029823839216,-6.462480002507949,-0.4296105426902764,A,6,1,6,10,2026-09-10T13:38:35.524000+02:00,2026-09-10T13:39:40.828000+02:00,2026-09-10T13:39:08.176000+02:00,2026-09-10T13:39:04.079000+02:00,18.743225,134.141,0.16482877909505173,0.01728282630942144,0.17713312641473047,71.00506298341986,10.248640007110597,12.394675284555992,39
10-09-26/map-data-2026.09.10-13.42.57.599.jpk-force-map,a6f96ede68eeb1396ec1936e9f4b3bfce4d300db4949e0f7fa8dcec77ce6ce3d,2026-09-10T13:42:57.599000,7,2,1.0,8,8,1.9999999999999996,1.9999999999999996,64,0,64,0,61,54.289222922576315,0.9173274692510601,54.415557777695916,1.0001843662610908,0.9854226347428373,13.63107476543539,1.0955092841838439,3.958368518364153,7.979266805222153,0.671875,8.259697216197758,0.984375,0.953125,0.015625,0.03125,62.62137231787713,-5.695426863955735,0.022093667498800096,A,7,2,7,11,2026-09-10T13:42:56.599000+02:00,2026-09-10T13:45:05.865000+02:00,2026-09-10T13:44:01.232000+02:00,2026-09-10T13:43:53.108000+02:00,23.627491666666668,195.771,0.16482877909505173,0.01728282630942144,0.17713312641473047,71.00506298341986,9.188069165103318,13.289733657221618,43
10-09-26/map-data-2026.09.10-13.47.13.237.jpk-force-map,d6cff7ce41604eaa259fb1c3d589ffa99a6e5e830f4ab67d7abc9e77e5bad95d,2026-09-10T13:47:13.237000,8,2,4.0,8,8,1.9999999999999996,1.9999999999999996,64,0,64,0,63,54.46231257357909,1.0197515735965403,54.415557777695916,4.003002903232505,3.940859585508959,13.619292942374035,1.5815268980529271,3.379264760701013,8.02248518198088,0.53125,7.913474692750897,1.0,1.0,0.0,0.03125,49.16598247067159,-4.943576121844751,-0.6974444829446151,A,8,2,8,12,2026-09-10T13:47:12.986000+02:00,2026-09-10T13:47:46.301000+02:00,2026-09-10T13:47:29.643500+02:00,2026-09-10T13:47:27.558000+02:00,27.101016666666666,127.121,0.16482877909505173,0.01728282630942144,0.17713312641473047,71.00506298341986,9.456342173357044,10.870605816539088,34
10-09-26/map-data-2026.09.10-13.51.22.530.jpk-force-map,33ea31539e4da34f2f208eb82826e22e9d314d1719513edd0ee9bc350687513d,2026-09-10T13:51:22.530000,9,2,2.0,8,8,1.9999999999999996,1.9999999999999996,64,0,64,0,64,54.735068604553106,1.0846234483792954,54.415557777695916,2.0007518246480496,1.9719137395756543,13.613135956293428,0.7396660687081802,3.725997436770983,8.069957237631074,0.5625,8.103042692153604,1.0,1.0,0.0,0.015625,46.0322672594533,-5.446303528611897,-0.610982152431909,A,9,2,9,13,2026-09-10T13:51:22.029000+02:00,2026-09-10T13:52:27.332000+02:00,2026-09-10T13:51:54.680500+02:00,2026-09-10T13:51:50.582000+02:00,31.5183,215.728,0.16482877909505173,0.01728282630942144,0.17713312641473047,71.00506298341986,9.931321911334724,13.229260300427322,36
10-09-26/map-data-2026.09.10-13.55.29.288.jpk-force-map,152f86681d1407d1bac223ef4f9ab503fa2e57b78fa231e621be87176167183d,2026-09-10T13:55:29.288000,10,2,2.0,8,8,1.9999999999999996,1.9999999999999996,64,0,64,0,64,54.66221508952409,1.2262806180591737,54.415557777695916,2.000752612761098,1.9726336279791,13.596879363682842,-0.07185624015347042,4.988645099896414,8.115449419879045,0.5625,8.369147745621706,0.984375,0.96875,0.015625,0.03125,41.11297900507466,-4.66451807975959,-0.8013878352296582,A,10,2,10,14,2026-09-10T13:55:28.787000+02:00,2026-09-10T13:56:34.083000+02:00,2026-09-10T13:56:01.435000+02:00,2026-09-10T13:55:57.336000+02:00,35.630874999999996,181.455,0.16482877909505173,0.01728282630942144,0.17713312641473047,71.00506298341986,10.223054395762071,12.074126133847948,36
10-09-26/map-data-2026.09.10-13.59.46.152.jpk-force-map,5e06291a7539a201e1524a24629d24278a4b066f7546504c52090722b9d42a8f,2026-09-10T13:59:46.152000,11,2,4.0,8,8,1.9999999999999996,1.9999999999999996,64,0,64,0,64,54.84251524612145,1.2496556161832022,54.415557777695916,4.0030735278168015,3.9453950828688007,13.58969061955527,0.430903472756964,2.96645989981703,8.157835683788868,0.609375,8.47098978331628,1.0,1.0,0.0,0.015625,37.54765309397409,-5.451140092047688,-0.9235836987394597,A,11,2,11,15,2026-09-10T13:59:45.901000+02:00,2026-09-10T14:00:19.214000+02:00,2026-09-10T14:00:02.557500+02:00,2026-09-10T14:00:00.472000+02:00,39.64958333333333,191.818,0.16482877909505173,0.01728282630942144,0.17713312641473047,71.00506298341986,9.582784888405527,13.529397833081228,39
10-09-26/map-data-2026.09.10-14.03.54.053.jpk-force-map,571b468aaa16a3d419caca15220ee63df03eb28c8ca5e1afcc4b89859069c87e,2026-09-10T14:03:54.053000,12,2,1.0,8,8,1.9999999999999996,1.9999999999999996,64,0,64,0,61,54.59293421210852,1.064125808195927,54.415557777695916,1.0001871912902587,0.9867888690527282,13.64294080974004,0.42438994898091026,7.101189123639267,8.210468829220623,0.6875,9.36500012755422,1.0,0.953125,0.0,0.0625,42.1937663499625,-5.199380951851175,-0.7693396627616813,A,12,2,12,16,2026-09-10T14:03:53.052000+02:00,2026-09-10T14:06:02.308000+02:00,2026-09-10T14:04:57.680000+02:00,2026-09-10T14:04:49.565000+02:00,44.56829166666667,213.838,0.16482877909505173,0.01728282630942144,0.17713312641473047,71.00506298341986,10.250047036169459,15.068520630781432,44
10-09-26/map-data-2026.09.10-14.07.52.999.jpk-force-map,7b5601eb7dac456067c6a577a522896f460c561756f99df373fc44b5ebf28179,2026-09-10T14:07:52.999000,13,3,4.0,8,8,1.9999999999999996,1.9999999999999996,64,0,64,0,59,54.87164368991766,0.779024701494799,54.415557777695916,4.003046061092482,3.948596140101842,13.586665328232161,-0.23928680744447922,3.2397817309700776,8.248709990738062,0.359375,9.33508430747027,1.0,1.0,0.0,0.015625,36.709952514682314,-4.749344953164652,-1.0375952840209195,A,13,3,13,17,2026-09-10T14:07:52.748000+02:00,2026-09-10T14:08:26.056000+02:00,2026-09-10T14:08:09.402000+02:00,2026-09-10T14:08:07.317000+02:00,47.76365833333333,110.44,0.16482877909505173,0.01728282630942144,0.17713312641473047,71.00506298341986,108.59418001698785,12.568359214148341,23
10-09-26/map-data-2026.09.10-14.11.58.250.jpk-force-map,528a95873e2b4365c7fd32fa33ff39d40522d6d6418ddb52ac0ab2392248656e,2026-09-10T14:11:58.250000,14,3,2.0,8,8,1.9999999999999996,1.9999999999999996,64,0,64,0,64,55.029696209858535,1.5275953415151098,54.415557777695916,2.00075993396844,1.9738540647249363,13.597125619241265,1.300680262621471,8.409683910342054,8.27752951650901,0.53125,9.793368327618763,1.0,1.0,0.0,0.046875,37.515541432751256,-4.792281533027204,-0.8415890983541239,A,14,3,14,18,2026-09-10T14:11:57.750000+02:00,2026-09-10T14:13:03.036000+02:00,2026-09-10T14:12:30.393000+02:00,2026-09-10T14:12:26.299000+02:00,52.113508333333336,211.694,0.16482877909505173,0.01728282630942144,0.17713312641473047,71.00506298341986,11.51513477348663,13.67098599236227,34
10-09-26/map-data-2026.09.10-14.16.20.761.jpk-force-map,a3aed395c66f13c336f66298085104032f931d0dc0ed1146f39aff4900895702,2026-09-10T14:16:20.761000,15,3,1.0,8,8,1.9999999999999996,1.9999999999999996,64,0,64,0,64,54.70762268438862,1.2860958912680327,54.415557777695916,1.0001875070372706,0.9872896892954541,13.592138553083448,-0.4685359651471927,6.682816326731491,8.311618328724338,0.765625,9.872038107453013,0.984375,0.984375,0.015625,0.078125,39.87853898582194,-5.599077629114722,-0.3941326533736067,A,15,3,15,19,2026-09-10T14:16:19.760000+02:00,2026-09-10T14:18:28.993000+02:00,2026-09-10T14:17:24.376500+02:00,2026-09-10T14:17:16.267000+02:00,57.01323333333333,196.724,0.16482877909505173,0.01728282630942144,0.17713312641473047,71.00506298341986,11.182180756054983,15.50563312516828,49
10-09-26/map-data-2026.09.10-14.20.24.406.jpk-force-map,4afe1194f9d168323de3da45339ce875216688009445ddf1a7416387bb8cd059,2026-09-10T14:20:24.406000,16,3,1.0,8,8,1.9999999999999996,1.9999999999999996,64,0,64,0,62,54.40831927993452,0.7837935236438603,54.415557777695916,1.0001843514148416,0.9880286977274954,13.637110425826776,0.7850367129992447,5.5364332004946855,8.335452335186826,0.546875,9.19224076941473,0.984375,0.9375,0.015625,0.09375,38.26527208718716,-5.079789346391128,-0.11827789141951228,A,16,3,16,20,2026-09-10T14:20:23.405000+02:00,2026-09-10T14:22:32.639000+02:00,2026-09-10T14:21:28.022000+02:00,2026-09-10T14:21:19.909000+02:00,61.073991666666664,114.412,0.16482877909505173,0.01728282630942144,0.17713312641473047,71.00506298341986,11.495029372524545,19.317466257462875,35
10-09-26/map-data-2026.09.10-14.24.25.397.jpk-force-map,2fed27381eb3366555ac97eed57fbdcd8450d912b5772901f995e4724ded0403,2026-09-10T14:24:25.397000,17,3,2.0,8,8,1.9999999999999996,1.9999999999999996,64,0,64,0,60,54.358445819704,0.9395819029832063,54.415557777695916,2.0007445770357064,1.9756784145701174,13.588398890728788,-1.0493590918583444,5.011804733641258,8.365489913644456,0.546875,9.688790333813442,0.96875,0.953125,0.03125,0.078125,32.391271138700894,-3.982525424138526,-0.3711300435198304,A,17,3,17,21,2026-09-10T14:24:24.896000+02:00,2026-09-10T14:25:30.180000+02:00,2026-09-10T14:24:57.538000+02:00,2026-09-10T14:24:53.449000+02:00,64.56592500000001,112.257,0.16482877909505173,0.01728282630942144,0.17713312641473047,71.00506298341986,11.046805901011645,13.553199125745769,35
10-09-26/map-data-2026.09.10-14.28.22.447.jpk-force-map,e686bb066dc99f037cfcc3cddd62a33425cfb534a5239eacbfecf83243cd21e7,2026-09-10T14:28:22.447000,18,3,4.0,8,8,1.9999999999999996,1.9999999999999996,64,0,64,0,64,54.78424805225366,1.0469367599374173,54.415557777695916,4.003049446692971,3.951894842894787,13.565730494949655,-0.81121606844701,4.585261600747716,8.383272702258768,0.515625,9.09282573301571,0.96875,0.96875,0.03125,0.0625,32.045734531204815,-3.7119155524481195,-0.7718598091592916,A,18,3,18,22,2026-09-10T14:28:22.196000+02:00,2026-09-10T14:28:55.498000+02:00,2026-09-10T14:28:38.847000+02:00,2026-09-10T14:28:36.763000+02:00,68.25440833333333,172.016,0.16482877909505173,0.01728282630942144,0.17713312641473047,71.00506298341986,11.4318874007395,13.613930767857909,33
10-09-26/map-data-2026.09.10-14.36.07.898.jpk-force-map,52efe5fc0c95c6bf34c7af8e94dad22ab3abc98a57e3b5aa148f2cb30f30dcc4,2026-09-10T14:36:07.898000,19,1,2.0,8,8,1.9999999999999982,1.9999999999999982,64,0,64,0,63,54.26443314790155,1.313499265423251,54.415557777695916,2.0007229346906725,1.9693704853849159,13.581052830263875,-1.1909675633519041,3.9435744528213004,6.950397275798833,0.765625,13.263210975873962,0.9375,0.9375,0.0625,0.203125,71.37157985247873,-6.090100231947263,-1.6767466224756729,B,1,1,19,25,2026-09-10T14:36:07.398000+02:00,2026-09-10T14:37:12.681000+02:00,2026-09-10T14:36:40.039500+02:00,2026-09-10T14:36:35.933000+02:00,0.0,nan,0.16482877909505173,0.01728282630942144,0.17713312641473047,71.00506298341986,14.799364193849918,20.606659505189057,49
10-09-26/map-data-2026.09.10-14.37.27.040.jpk-force-map,3c3f96f054ea36b4773e528fc02f101f96c7ead32c40aa8ce8ccfb7fb8da1dc7,2026-09-10T14:37:27.040000,20,1,1.0,8,8,1.9999999999999982,1.9999999999999982,64,0,64,0,58,53.947376591215544,0.7243443718262966,54.415557777695916,1.0001779670833206,0.9836403123143496,13.565405174497611,-1.3480695081276481,4.782534064428968,6.982756717019885,0.796875,12.291371970789553,0.890625,0.828125,0.109375,0.21875,76.10224239861994,-6.283302436913444,-0.8283338826416063,B,2,1,20,26,2026-09-10T14:37:26.039000+02:00,2026-09-10T14:39:35.269000+02:00,2026-09-10T14:38:30.654000+02:00,2026-09-10T14:38:22.517000+02:00,1.8435750000000002,13.358,0.16482877909505173,0.01728282630942144,0.17713312641473047,71.00506298341986,13.966261605850164,24.855894048146894,51
10-09-26/map-data-2026.09.10-14.40.34.815.jpk-force-map,55f9fe7338d2ca0b477fa8311c595b1b654ea475e993cbce6a72e3071e761dc7,2026-09-10T14:40:34.815000,21,1,4.0,8,8,1.9999999999999982,1.9999999999999982,64,0,64,0,63,54.38094445680971,1.0362214472038083,54.415557777695916,4.002894534193615,3.9397955731939467,13.560879037290743,-2.9131026276940877,4.913729694283847,7.019806628663842,0.671875,12.577567012072906,0.890625,0.890625,0.109375,0.25,63.75566386649853,-6.049632836917288,-1.8729745363196013,B,3,1,21,27,2026-09-10T14:40:34.564000+02:00,2026-09-10T14:41:07.875000+02:00,2026-09-10T14:40:51.219500+02:00,2026-09-10T14:40:49.130000+02:00,4.186333333333334,59.295,0.16482877909505173,0.01728282630942144,0.17713312641473047,71.00506298341986,14.550102860884774,26.17190171957089,43
10-09-26/map-data-2026.09.10-14.41.13.754.jpk-force-map,453fdd0bec6fdd246c9924463cb8f25bc9981141885d652eef48aee68434803d,2026-09-10T14:41:13.754000,22,1,4.0,8,8,1.9999999999999982,1.9999999999999982,64,0,64,0,61,54.09047831291643,1.128149305076574,54.415557777695916,4.002857100436634,3.939556477639295,13.561813762495124,-2.333672699774265,4.299894613984355,7.025201373275442,0.6875,12.889051601794996,0.921875,0.90625,0.078125,0.21875,59.217765578002755,-6.357670235682697,-1.3126944501636886,B,4,1,22,28,2026-09-10T14:41:13.503000+02:00,2026-09-10T14:41:46.815000+02:00,2026-09-10T14:41:30.159000+02:00,2026-09-10T14:41:28.069000+02:00,4.835325,5.628,0.16482877909505173,0.01728282630942144,0.17713312641473047,71.00506298341986,14.18059369781456,26.48640377643571,44
10-09-26/map-data-2026.09.10-14.42.02.531.jpk-force-map,8f8bab290c04f5bf163e3516809a081fe2eee9be0944b845d9cb88e059946e6f,2026-09-10T14:42:02.531000,23,1,1.0,8,8,1.9999999999999982,1.9999999999999982,64,0,64,0,58,54.11391963252496,0.9936104192125907,54.415557777695916,1.0001767802927626,0.985536236098174,13.579558355944126,-1.284207606414303,5.633673752835882,7.047653218075837,0.6875,13.552965602998647,0.890625,0.828125,0.109375,0.203125,41.61138152868943,-5.748466484740305,-1.8952181208836203,B,5,1,23,29,2026-09-10T14:42:01.530000+02:00,2026-09-10T14:44:40.338000+02:00,2026-09-10T14:43:20.934000+02:00,2026-09-10T14:42:58.025000+02:00,6.681575,14.715,0.16482877909505173,0.01728282630942144,0.17713312641473047,71.00506298341986,15.588964341162526,27.060841637003357,44
10-09-26/map-data-2026.09.10-14.45.27.242.jpk-force-map,108b89cd957e02e89eaf2675c472806aece6643b7f7a41b05e413bf4da8b59ed,2026-09-10T14:45:27.242000,24,1,2.0,8,8,1.9999999999999982,1.9999999999999982,64,0,64,0,61,54.24807699600013,1.1161995610003503,54.415557777695916,2.0007096696647615,1.971516263998601,13.553319851615193,-2.4900877522183187,5.111757702549335,7.075022158436692,0.625,11.875513804255084,0.90625,0.890625,0.09375,0.234375,51.70324401555765,-6.015766233323635,-1.0387562989662629,B,6,1,24,30,2026-09-10T14:45:26.741000+02:00,2026-09-10T14:46:32.039000+02:00,2026-09-10T14:45:59.390000+02:00,2026-09-10T14:45:55.284000+02:00,9.322508333333333,46.403,0.16482877909505173,0.01728282630942144,0.17713312641473047,71.00506298341986,16.470437785545116,23.06980706265682,40
10-09-26/map-data-2026.09.10-14.46.50.440.jpk-force-map,557d9282f6fab9c3d29341955fe58cc3a9488041352eddc8a6c62a7e922ab238,2026-09-10T14:46:50.440000,25,2,1.0,8,8,1.9999999999999982,1.9999999999999982,64,0,64,0,58,53.907219204278455,0.6290575232607171,54.415557777695916,1.000176793611214,0.9855614807816018,13.566386247739212,-1.9972683226842576,5.578741539322724,7.088881347293731,0.65625,11.973649082024206,0.859375,0.796875,0.140625,0.234375,54.730376581668274,-7.9474495267519005,-0.7017123524878007,B,7,2,25,31,2026-09-10T14:46:49.439000+02:00,2026-09-10T14:49:28.138000+02:00,2026-09-10T14:48:08.788500+02:00,2026-09-10T14:47:45.936000+02:00,11.47915,17.4,0.16482877909505173,0.01728282630942144,0.17713312641473047,71.00506298341986,15.679449063079396,36.007172920712456,42
10-09-26/map-data-2026.09.10-14.49.39.113.jpk-force-map,05fa138f4adecdd98656e5a03668b84f3e911a1be948df7307456f34a8e18f2b,2026-09-10T14:49:39.113000,26,2,4.0,8,8,1.9999999999999982,1.9999999999999982,64,0,64,0,58,54.17523005927479,0.9370634355892512,54.415557777695916,4.002854728990711,3.9461548128109234,13.565286144587287,-3.529280763495533,4.972986669528267,7.10571436938398,0.453125,12.11383408861347,0.9375,0.9375,0.0625,0.234375,47.676232557413485,-6.260337454734486,-0.875039263043589,B,8,2,26,32,2026-09-10T14:49:38.862000+02:00,2026-09-10T14:50:19.534000+02:00,2026-09-10T14:49:59.198000+02:00,2026-09-10T14:49:53.429000+02:00,13.319308333333334,10.724,0.16482877909505173,0.01728282630942144,0.17713312641473047,71.00506298341986,19.36576315786892,27.928044569621886,29
10-09-26/map-data-2026.09.10-14.50.31.350.jpk-force-map,01c4ba97a5878e99ec795ec6a2633ffd6291d8dfbd0c7bd4f183a9f2d39f27a8,2026-09-10T14:50:31.350000,27,2,2.0,8,8,1.9999999999999982,1.9999999999999982,64,0,64,0,57,54.14819143142524,0.9148625591619253,54.415557777695916,2.0007020595976943,1.971833789319744,13.597674293232636,-1.668562096629302,3.4893661267421745,7.1115296259486716,0.5,10.742040054291625,0.890625,0.875,0.109375,0.265625,48.75145343400723,-5.739931774394709,-0.7797539711992837,B,9,2,27,33,2026-09-10T14:50:30.849000+02:00,2026-09-10T14:51:36.152000+02:00,2026-09-10T14:51:03.500500+02:00,2026-09-10T14:50:59.397000+02:00,14.391016666666667,11.315,0.16482877909505173,0.01728282630942144,0.17713312641473047,71.00506298341986,28.368191033407758,29.368026282162706,32
10-09-26/map-data-2026.09.10-14.51.43.587.jpk-force-map,191463e2ef228208d53189c9343f18951357aca15711d784f30fb48d204f0c55,2026-09-10T14:51:43.587000,28,2,2.0,8,8,1.9999999999999982,1.9999999999999982,64,0,64,0,60,54.30568912994852,1.3526266678826653,54.415557777695916,2.000700368076057,1.9717757489708279,13.585819421922032,-3.3278786312969517,4.593114513451103,7.120574968347022,0.421875,10.661259851179945,0.90625,0.890625,0.09375,0.234375,50.30646235908872,-5.671468596967671,-0.6317315902562384,B,10,2,28,34,2026-09-10T14:51:43.086000+02:00,2026-09-10T14:53:03.071000+02:00,2026-09-10T14:52:23.078500+02:00,2026-09-10T14:52:11.634000+02:00,15.717316666666667,6.934,0.16482877909505173,0.01728282630942144,0.17713312641473047,71.00506298341986,132.6177647126866,28.378068964452968,27
10-09-26/map-data-2026.09.10-14.53.46.414.jpk-force-map,430081fa4a572a43cd56ce20d5f731420bf1bb8abbe1fa2f76e044afc295de6c,2026-09-10T14:53:46.414000,29,2,4.0,8,8,1.9999999999999982,1.9999999999999982,64,0,64,0,61,54.6395003631649,1.2566640666873428,54.415557777695916,4.002865947633435,3.944719614590267,13.578545085679433,-2.3656270967914947,5.046164484832146,7.136883729708096,0.34375,11.081248410565278,0.9375,0.9375,0.0625,0.171875,42.104378249787885,-5.914346300235481,-1.5545772100040223,B,11,2,29,35,2026-09-10T14:53:46.164000+02:00,2026-09-10T14:54:19.480000+02:00,2026-09-10T14:54:02.822000+02:00,2026-09-10T14:54:00.732000+02:00,17.379708333333333,43.093,0.16482877909505173,0.01728282630942144,0.17713312641473047,71.00506298341986,116.95532390865219,24.889548535175912,22
10-09-26/map-data-2026.09.10-14.55.41.274.jpk-force-map,c55241ea6d7b8d93ef2adcf7f9b794dfe708af02f6e75dd11d85918abb1b1178,2026-09-10T14:55:41.274000,30,2,1.0,8,8,1.9999999999999982,1.9999999999999982,44,0,44,0,42,54.55771278150933,0.9910161018299706,54.415557777695916,1.0001786405227553,0.9865321658273276,13.57240081374417,-2.5724973446159636,4.168670320784449,7.137084108376224,0.5681818181818182,9.197433327995041,0.9090909090909091,0.8863636363636364,0.09090909090909091,0.1590909090909091,45.77630178355456,-6.526384189706917,-0.9952083227941482,B,12,2,30,36,2026-09-10T14:55:40.274000+02:00,2026-09-10T14:57:09.114000+02:00,2026-09-10T14:56:24.694000+02:00,2026-09-10T14:56:36.777000+02:00,19.744241666666667,80.794,0.16482877909505173,0.01728282630942144,0.17713312641473047,71.00506298341986,12.230660040632497,17.641661205556986,25
10-09-26/map-data-2026.09.10-14.57.27.274.jpk-force-map,c2fc25154395ddaa51cafe8e985536ebe3fa2cd46ce1e2741cf6b117c3abf695,2026-09-10T14:57:27.274000,31,3,4.0,8,8,1.9999999999999982,1.9999999999999982,64,0,64,0,60,54.542739244393786,1.012164713117128,54.415557777695916,4.002841270761473,3.9458278749264046,13.559566293902254,-3.3425680841910816,3.660397683554268,7.15625050567993,0.46875,11.77238825905469,0.90625,0.90625,0.09375,0.203125,45.37849379534767,-5.600542350245137,-1.3230356642653784,B,13,3,31,37,2026-09-10T14:57:27.022000+02:00,2026-09-10T14:58:00.335000+02:00,2026-09-10T14:57:43.678500+02:00,2026-09-10T14:57:41.590000+02:00,21.06065,17.908,0.16482877909505173,0.01728282630942144,0.17713312641473047,71.00506298341986,22.281468909246556,23.537160255160185,30
10-09-26/map-data-2026.09.10-14.58.43.168.jpk-force-map,1e9b8251cab5a5a87a87e4ca004b5c82dd33a09f7cfea85db967d3e2b5cb3830,2026-09-10T14:58:43.168000,32,3,2.0,8,8,1.9999999999999982,1.9999999999999982,64,0,64,0,59,54.40427548434034,1.1214769896544228,54.415557777695916,2.0007101431896777,1.9730668640960496,13.574278674146047,-2.83187062707648,3.552105966901698,7.169441423103253,0.515625,12.5294980525198,0.921875,0.90625,0.078125,0.15625,44.43500531934643,-5.102153628558484,-1.2883876411601127,B,14,3,32,38,2026-09-10T14:58:42.666000+02:00,2026-09-10T15:00:02.597000+02:00,2026-09-10T14:59:22.631500+02:00,2026-09-10T14:59:11.210000+02:00,22.709866666666667,42.331,0.16482877909505173,0.01728282630942144,0.17713312641473047,71.00506298341986,26.75530719765692,26.820572485597193,33
10-09-26/map-data-2026.09.10-15.00.33.596.jpk-force-map,cda6586cbb2190671f4492e22a650a202a67fd0ecd5bbf3073c0d91ffd7e350d,2026-09-10T15:00:33.596000,33,3,1.0,8,8,1.9999999999999982,1.9999999999999982,64,0,64,0,58,54.33554238224629,1.17835843521375,54.415557777695916,1.0001760189304862,0.987045584568806,13.585565220504204,-2.066170915021863,5.327764250527585,7.183497631649507,0.578125,13.028981382031038,0.859375,0.8125,0.140625,0.21875,49.65930649280854,-6.719651061289846,-1.1090733205507917,B,15,3,33,39,2026-09-10T15:00:32.595000+02:00,2026-09-10T15:03:11.129000+02:00,2026-09-10T15:01:51.862000+02:00,2026-09-10T15:01:29.097000+02:00,25.197041666666667,29.998,0.16482877909505173,0.01728282630942144,0.17713312641473047,71.00506298341986,16.41599591257219,26.893096783297164,37
10-09-26/map-data-2026.09.10-15.03.20.154.jpk-force-map,bae49d18deda74bd7158df10f5e68eddabf3411ba63b8be3b1f5564851d0fde4,2026-09-10T15:03:20.154000,34,3,1.0,8,8,1.9999999999999982,1.9999999999999982,64,0,64,0,62,54.57818476720951,1.277101593918338,54.415557777695916,1.0001735307801853,0.987282851843865,13.590367218065047,-1.5456103033339732,5.392814911280082,7.197191853909022,0.59375,11.54785017158511,0.90625,0.828125,0.09375,0.1875,49.25245319125824,-6.273516603749571,-0.7020789385641418,B,16,3,34,40,2026-09-10T15:03:19.151000+02:00,2026-09-10T15:05:28.419000+02:00,2026-09-10T15:04:23.785000+02:00,2026-09-10T15:04:15.653000+02:00,27.729091666666665,8.022,0.16482877909505173,0.01728282630942144,0.17713312641473047,71.00506298341986,17.586736828200237,25.822718215509177,38
10-09-26/map-data-2026.09.10-15.06.27.770.jpk-force-map,5b553dea208d9e1b6e5f5de3dd80b1f1766337a11f74bee0119cbae9dd9384f4,2026-09-10T15:06:27.770000,35,3,2.0,8,8,1.9999999999999982,1.9999999999999982,64,0,64,0,58,54.54160178747676,1.1045452901249435,54.415557777695916,2.000700677665366,1.9736920934288409,13.574583433486499,-4.0826828797278125,5.1878938276904405,7.218807213035815,0.546875,11.470671140192247,0.890625,0.890625,0.109375,0.234375,48.48960465052345,-5.546500876439406,-0.8273589504154225,B,17,3,35,41,2026-09-10T15:06:27.269000+02:00,2026-09-10T15:07:47.154000+02:00,2026-09-10T15:07:07.211500+02:00,2026-09-10T15:06:55.814000+02:00,30.45286666666667,58.85,0.16482877909505173,0.01728282630942144,0.17713312641473047,71.00506298341986,18.692231916582195,24.383757548703265,35
10-09-26/map-data-2026.09.10-15.07.53.491.jpk-force-map,376389e6174372900348f617b05c68dcd1663f85b2998a7de663206c03c8c067,2026-09-10T15:07:53.491000,36,3,4.0,8,8,1.9999999999999982,1.9999999999999982,64,0,64,0,59,54.51034653100577,1.0266752244869872,54.415557777695916,4.00279370160373,3.945777002330308,13.571981175431269,-1.1375346787456064,3.710558306203052,7.217938392151582,0.5,11.821783027970264,0.90625,0.90625,0.09375,0.21875,42.78151745265188,-5.741923697378594,-0.9122015942651501,B,18,3,36,42,2026-09-10T15:07:53.240000+02:00,2026-09-10T15:08:26.552000+02:00,2026-09-10T15:08:09.896000+02:00,2026-09-10T15:08:07.807000+02:00,31.497608333333336,6.086,0.16482877909505173,0.01728282630942144,0.17713312641473047,71.00506298341986,19.704212797483244,25.212744075645812,32
